"","X1_jvm_pools_PS.Eden.Space_max_value","X1_jvm_pools_PS.Survivor.Space_committed_value","X2_jvm_heap_committed_value","driver_BlockManager_memory_memUsed_MB_value","driver_BlockManager_memory_remainingMem_MB_value","driver_DAGScheduler_stage_waitingStages_value","node5_NET_ib0.write.KB.s","node6_CPU031_User.","node6_NETPACKET_em1.write.s","node6_NET_ib0.write.KB.s","node7_NET_ib0.read.KB.s"
"1",2592079872,136314880,5595725824,347,80852,0,3568.4,3,1411.9,13607.6,7116.5
"2",2592079872,136314880,5595725824,362,80837,0,7120.6,5,1699.9,13598.4,10677.8
"3",2592079872,136314880,5595725824,374,80826,0,7174.8,14,4062.2,8896.6,3931
"4",2592079872,136314880,5595725824,389,80810,0,6798,5,2109.3,15098.1,7206.5
"5",2592079872,136314880,5595725824,404,80795,0,7386.6,3,1637.5,13598.9,10358.1
"6",2592079872,136314880,5595725824,412,80788,0,7131.8,3,1418.8,6792.3,3246.8
"7",2592079872,136314880,5595725824,427,80772,0,3568.4,3,1667.1,13621.7,7452
"8",2600992768,129499136,5579472896,446,80753,0,7312.3,7.1,3312.5,15371.6,11063.6
"9",2600992768,129499136,5579472896,317,80882,0,7883.1,2,1895.2,7193.4,3627.5
"10",2600992768,129499136,5579472896,332,80867,0,3591.7,3,1600,13603.2,13593.2
"11",2600992768,129499136,5579472896,347,80852,0,7133.6,3,1538.7,13638.2,9741.1
"12",2600992768,129499136,5579472896,355,80844,0,7151,3,1459.8,6821.6,6488.9
"13",2600992768,129499136,5579472896,374,80825,0,3867,15.8,5026.9,16161.3,14374.8
"14",2600992768,129499136,5579472896,390,80810,0,13428.1,2,2622.5,16555.7,10673.5
"15",2600992768,129499136,5579472896,397,80802,0,7128.4,4,1706.8,6826,6817.2
"16",2600992768,129499136,5579472896,412,80787,0,3566.2,3,1579.2,13627.8,10701.8
"17",2600992768,129499136,5579472896,426,80773,0,7121.8,3,1825.5,13628.3,7124.6
"18",2600992768,129499136,5579472896,438,80761,0,7376.7,66.7,3394,8562.3,4543.5
"19",2600992768,129499136,5582618624,453,80746,0,4188.9,5,1628.4,13643.3,10384.2
"20",2600992768,129499136,5582618624,468,80731,0,7132.1,3,1686.3,13635.1,10061
"21",2600992768,129499136,5582618624,476,80723,0,7124,4,1393,7140.4,6483.5
"22",2600992768,129499136,5582618624,491,80708,0,3564.7,3,1498.2,13290.2,11011.8
"23",2593652736,132644864,5582618624,510,80689,0,7398.1,23.8,4574.6,16240.3,7543.8
"24",2593652736,132644864,5582618624,317,80883,0,9967.9,4,2229.5,7917.5,3923.4
"25",2593652736,132644864,5582618624,332,80868,0,3554.7,3,1604.5,12779.9,13618.3
"26",2593652736,132644864,5582618624,347,80852,0,7119.6,3,1718.7,13633.5,13941.3
"27",2593652736,132644864,5582618624,355,80845,0,7124.9,3,1571.2,13612.4,3561.5
"28",2593652736,132644864,5582618624,374,80826,0,3793.2,4.1,3109.9,8717.5,7843
"29",2593652736,132644864,5584715776,389,80810,0,7771.3,3,1693.2,13657.4,10099.7
"30",2593652736,132644864,5584715776,397,80803,0,7130.4,3,1483.5,13613.7,6802
"31",2593652736,132644864,5584715776,412,80788,0,3564.4,3,1547.2,6801.2,7116.7
"32",2593652736,132644864,5584715776,427,80772,0,7122.6,3,1581.7,13614.8,10361.9
"33",2593652736,132644864,5584715776,438,80761,0,7484.5,9.2,4793.7,16311.7,7939.9
"34",2589982720,136839168,5584715776,317,80882,0,9510.2,3,3019.1,10112,7202.2
"35",2589982720,136839168,5584715776,332,80867,0,7134.6,3,1427.7,13616.6,13923.4
"36",2589982720,136839168,5584715776,340,80859,0,7123,3,1514.3,13625.8,6809.2
"37",2589982720,136839168,5584715776,355,80844,0,3567.2,2,1412.8,6810,6472.5
"38",2589982720,136839168,5584715776,309,80890,0,7563.2,6.1,3778,15730,7893.3
"39",2589982720,136839168,5543297024,317,80883,0,7561.1,4,1636,13604.6,3886.9
"40",2589982720,136839168,5543297024,332,80867,0,3915.3,2,1517.7,6808.7,10370.1
"41",2589982720,136839168,5543297024,347,80852,0,7128.9,3,1578.9,13611.7,10049
"42",2589982720,136839168,5543297024,355,80845,0,7133.4,3,1554.2,13605.3,3562.7
"43",2589982720,136839168,5543297024,373,80826,0,4022.6,20.8,3881.1,8722.4,11812.5
"44",2589982720,136839168,5543297024,389,80810,0,10156.9,6.1,2602.4,14855.4,10202.7
"45",2589982720,136839168,5543297024,397,80803,0,7164.8,3,1569.2,13610.4,3242.6
"46",2589982720,136839168,5543297024,412,80787,0,3565.8,3,1538.4,6795.5,13265.4
"47",2589982720,136839168,5543297024,427,80772,0,7119,4,1550.2,13644,10360.1
"48",2589982720,136839168,5543297024,439,80761,0,7529.3,6,3110.7,15374.5,7607.6
"49",2615148544,112721920,5543297024,454,80746,0,4145.8,4,2097.5,6920.6,6865.1
"50",2615148544,112721920,5543297024,469,80730,0,7105.5,3,1421.6,13650.6,7436.6
"51",2615148544,112721920,5543297024,477,80723,0,7117.9,3,1489.3,13641.2,3875.5
"52",2615148544,112721920,5543297024,492,80708,0,3564.3,3,1441.5,6815.9,10057.9
"53",2615148544,112721920,5548539904,511,80689,0,7750.8,5.1,4570.4,16027.3,15087.1
"54",2615148544,112721920,5548539904,519,80681,0,13046.5,10.8,3107.9,17071.4,7563.4
"55",2615148544,112721920,5548539904,534,80666,0,3611.5,2,1530.3,6817.5,10389.1
"56",2615148544,112721920,5548539904,549,80650,0,7133,3,1575.6,13662.2,9733.4
"57",2615148544,112721920,5548539904,556,80643,0,7125.2,3,1436.9,13639.3,7117.4
"58",2615148544,112721920,5548539904,575,80625,0,4370.2,6,3076.8,8469,7599
"59",2615148544,112721920,5548539904,324,80875,0,7266.9,3,2116,13913.9,10420.7
"60",2615148544,112721920,5548539904,332,80867,0,3899.1,4,1402.7,13652.1,13966.5
"61",2615148544,112721920,5548539904,347,80852,0,10364.3,3,1602.1,6814.1,6483.4
"62",2615148544,112721920,5548539904,362,80837,0,3561.3,3,1588.6,13659,11022.9
"63",2615148544,112721920,5567938560,374,80826,0,7564.2,9.1,5254.8,17506.9,14195.2
"64",2594177024,135266304,5567938560,317,80883,0,9795.3,4,1867.8,6900.6,6865
"65",2594177024,135266304,5567938560,331,80868,0,3565.8,5,1393.4,13616.8,10372.8
"66",2594177024,135266304,5567938560,339,80861,0,7130.6,3,1559.2,13615.3,10361.2
"67",2594177024,135266304,5567938560,354,80846,0,7118,2,1651.1,6807.5,6794.4
"68",2594177024,135266304,5567938560,373,80827,0,4038.1,5.1,3364.7,15820.5,10745
"69",2594177024,135266304,5567938560,316,80884,0,7400.6,3,1779.2,13675,6842.3
"70",2594177024,135266304,5567938560,331,80868,0,7114.5,4,1312,6805.7,3563.1
"71",2594177024,135266304,5567938560,346,80853,0,3549.2,3,1535.7,13620.3,12966.7
"72",2594177024,135266304,5567938560,354,80845,0,7110.4,2,1566.2,13632.5,10054.8
"73",2594177024,135266304,5561647104,373,80826,0,8129.3,14.1,5774.9,10523.5,5155.5
"74",2594177024,135266304,5561647104,324,80875,0,9017.2,2,1786,15363,10695
"75",2594177024,135266304,5561647104,332,80868,0,7402.2,3,1507.4,13593.1,10669.4
"76",2594177024,135266304,5561647104,347,80852,0,7124.3,3,1534.8,6793.8,3236.9
"77",2594177024,135266304,5561647104,362,80837,0,3562.8,3,1447.2,13606,13584.5
"78",2594177024,135266304,5561647104,374,80826,0,7740.9,16.8,3570.2,15707.8,14495.7
"79",2594701312,133693440,5561647104,317,80882,0,7358.9,3,1453.5,6799.7,6789.9
"80",2594701312,133693440,5561647104,332,80867,0,3588,5,1562.8,13605.4,10351.3
"81",2594701312,133693440,5561647104,340,80860,0,7116.7,3,1438.6,13607.8,10997.2
"82",2594701312,133693440,5561647104,355,80844,0,7112.4,4,1407,6802.2,6793.4
"83",2594701312,133693440,5561647104,373,80826,0,4067.5,7,2706.7,14733.7,14259.8
"84",2594701312,133693440,5566889984,381,80819,0,7297.8,2,1773.5,13626.4,13585.7
"85",2594701312,133693440,5566889984,397,80802,0,7271,5,3430.8,8850.8,7007.6
"86",2594701312,133693440,5566889984,412,80787,0,5729,-1,-1,-1,6802.4
"87",2594701312,133693440,5566889984,420,80779,0,7116.1,3,1784.1,13598.9,13277.8
"88",2594701312,133693440,5566889984,439,80760,0,7724.8,3,1489.4,13600.8,7991.4
"89",2594701312,133693440,5566889984,325,80874,0,3852.8,7,3698.1,9166.6,6463.5
"90",2594701312,133693440,5566889984,333,80866,0,7109.8,4,1589.8,13278,10343.4
"91",2594701312,133693440,5566889984,348,80851,0,7099.7,3,1517.6,13610.7,6802.2
"92",2594701312,133693440,5566889984,363,80836,0,3555.2,3,1685.1,10365.9,13912.3
"93",2594701312,133693440,5566889984,374,80826,0,8000.8,3,1769.8,10095.8,15093.8
"94",2591555584,134742016,5566889984,317,80882,0,12032.5,27,6059,18057,6841.7
"95",2591555584,134742016,5566889984,332,80867,0,3551.9,3,1813.2,15867.6,13602.9
"96",2591555584,134742016,5566889984,340,80860,0,7108.1,3,1398.4,6806.7,6793.8
"97",2591555584,134742016,5566889984,355,80845,0,7106.4,3,1512.6,13613.5,6485.1
"98",2591555584,134742016,5566889984,374,80825,0,4321.9,3.1,1754.5,13666.3,11115.7
"99",2591555584,134742016,5566889984,317,80883,0,7306.7,8,3238.7,8970.3,6871.4
"100",2591555584,134742016,5566889984,332,80867,0,7114.3,4,1686.6,13646,6480.4
"101",2591555584,134742016,5566889984,347,80852,0,3560.6,4,1515.6,13610.5,10680.4
"102",2591555584,134742016,5566889984,355,80845,0,7125.7,3,1610,6807.7,7105.8
"103",2591555584,134742016,5571084288,374,80826,0,8300.2,3,1509.9,13692.9,7800.5
"104",2591555584,134742016,5571084288,324,80875,0,6170,18.2,4853.4,16680.5,10738.9
"105",2591555584,134742016,5571084288,332,80867,0,7174.7,2,1511.2,6793.3,7162.1
"106",2591555584,134742016,5571084288,347,80852,0,7162.2,4,1566.5,13603.6,3905.3
"107",2591555584,134742016,5571084288,362,80837,0,3578.2,3,1556.4,13619.5,9746.8
"108",2591555584,134742016,5571084288,373,80826,0,7828.8,4,1828.7,6857.1,14141.1
"109",2589458432,136839168,5571084288,317,80882,0,7755.5,7.1,2996.8,15353.4,6877.2
"110",2589458432,136839168,5571084288,332,80867,0,3825,3,1678.1,13701.9,13613.1
"111",2589458432,136839168,5571084288,340,80860,0,7163,3.9,1630.4,6809.3,9742.5
"112",2589458432,136839168,5571084288,355,80844,0,7160,4,1536.3,13619.5,6481.8
"113",2589458432,136839168,5571084288,374,80825,0,4683,3.1,1963.5,13720.1,11651.3
"114",2589458432,136839168,5571608576,317,80882,0,11968.9,8.1,6044,12358.4,10389.2
"115",2589458432,136839168,5571608576,333,80867,0,7281.2,3,1360,13628,6798.2
"116",2589458432,136839168,5571608576,348,80852,0,3573.3,3,1523.6,13611.2,10684.7
"117",2589458432,136839168,5571608576,355,80844,0,7151,2,1294.1,6804.9,10361.1
"118",2589458432,136839168,5571608576,374,80825,0,8122.7,6,1614.6,13651.2,7701.8
"119",2589458432,136839168,5571608576,325,80874,0,3772,6,3213.1,15517.9,13918
"120",2589458432,136839168,5571608576,347,80852,0,7146.9,3,1842.6,13623,13605.9
"121",2589458432,136839168,5571608576,358,80841,0,3569.1,5,1560.1,13604.5,3257.2
"122",2589458432,136839168,5571608576,370,80830,0,8057.8,4,2613.3,6864.8,13274.5
"123",2595749888,132644864,5575278592,313,80887,0,9327.6,14.1,4511,17245.6,14454.7
"124",2595749888,132644864,5575278592,328,80872,0,3563.8,3,1501.3,13604.8,3565.4
"125",2595749888,132644864,5575278592,335,80864,0,7123.7,3,1479.4,6811.3,12964.3
"126",2595749888,132644864,5575278592,351,80849,0,7129,3.1,1447.3,13603.3,10365.7
"127",2595749888,132644864,5575278592,370,80830,0,4754.1,5,1776.7,13677,7178.9
"128",2595749888,132644864,5575278592,313,80887,0,6988.8,9,3206.7,8983.1,4711.7
"129",2595749888,132644864,5575278592,328,80871,0,7120.8,2,1855.3,13645.7,13659.3
"130",2595749888,132644864,5575278592,343,80856,0,7119.7,5,1517.4,13608.9,10347.5
"131",2595749888,132644864,5575278592,351,80849,0,3556.8,3,1426.6,6795.5,3556.3
"132",2595749888,132644864,5575278592,370,80830,0,8655.9,4,1904.9,13695.9,13280.6
"133",2595749888,132644864,5576327168,321,80879,0,12101.7,9,5464.1,19027.2,11067.9
"134",2595749888,132644864,5576327168,328,80871,0,3561,3,1553.1,6799.9,6793.9
"135",2595749888,132644864,5576327168,343,80856,0,7119.8,3,1640.8,13603.3,14233
"136",2595749888,132644864,5576327168,359,80841,0,7124.8,5.9,1469.5,13600.1,10664.1
"137",2595749888,132644864,5576327168,369,80831,0,3948.8,5.1,1881,6893,10362.8
"138",2589458432,134742016,5576327168,385,80814,0,7273.1,7.1,2926.4,15415.3,11195.6
"139",2589458432,134742016,5576327168,328,80871,0,7131.8,3,1754.7,13868.1,10665.7
"140",2589458432,134742016,5576327168,336,80864,0,3565.4,3,1525.5,6799.7,6797.7
"141",2589458432,134742016,5576327168,351,80848,0,7124.4,4,1544.6,13604.8,6796.8
"142",2589458432,134742016,5576327168,370,80829,0,8175.5,11.2,1827.9,13709.6,10371.4
"143",2589458432,134742016,5579997184,377,80822,0,5540.6,21,4743.6,9610.6,4738.6
"144",2589458432,134742016,5579997184,392,80807,0,7323.8,3.1,1682.1,13590,7755.1
"145",2589458432,134742016,5579997184,407,80792,0,7123.2,4,1475.4,13594.6,6789.8
"146",2589458432,134742016,5579997184,415,80784,0,3561.1,3,1586.1,6794.9,6789.7
"147",2589458432,134742016,5579997184,434,80765,0,8007.7,4,2054.8,13717.1,13959.7
"148",2589458432,134742016,5579997184,320,80879,0,7299.7,12.2,3397.9,15350.4,11101.9
"149",2589458432,134742016,5579997184,328,80872,0,3592.3,4,1546.6,6801.9,7166.8
"150",2589458432,134742016,5579997184,343,80857,0,7137.5,2,1665.9,13618.4,6800.7
"151",2589458432,134742016,5579997184,358,80841,0,7129.7,3,1355,13674.2,10084.4
"152",2589458432,134742016,5579997184,369,80830,0,5028.9,4,1949.4,7276.3,6522
"153",2584215552,138936320,5586288640,313,80887,0,11944.5,8.1,5824.9,18023.3,11895.2
"154",2584215552,138936320,5586288640,328,80872,0,7133.5,4,1789.6,14960.1,14012.7
"155",2584215552,138936320,5586288640,335,80864,0,3569,2,1683.9,7160,3883.6
"156",2584215552,138936320,5586288640,351,80849,0,7118.9,4,1442.6,13338.3,10706.7
"157",2584215552,138936320,5586288640,366,80833,0,7874.2,3,1867.5,13927.1,13344.6
"158",2584215552,138936320,5586288640,313,80886,0,3600.8,4,3011.5,15593.8,7225.3
"159",2584215552,138936320,5586288640,328,80871,0,7119.3,3,1419.7,6827.2,6477.6
"160",2584215552,138936320,5586288640,343,80856,0,7119.8,4,1652.2,13637.7,13623.5
"161",2584215552,138936320,5586288640,351,80848,0,3556.4,3,1448.5,13638.4,3561.4
"162",2584215552,138936320,5586288640,370,80829,0,8363.2,4,1855.3,6983.7,10063.4
"163",2584215552,138936320,5586812928,321,80879,0,9305.5,7.1,4480.6,16477.8,7388.7
"164",2584215552,138936320,5586812928,328,80871,0,3568,3,1458.3,13641.2,7136
"165",2584215552,138936320,5586812928,344,80856,0,7143.4,4,1482.3,6818.1,10385.6
"166",2584215552,138936320,5586812928,359,80840,0,7129.1,3,1464.6,13629.3,13932.2
"167",2584215552,138936320,5586812928,371,80829,0,4307.3,8.2,2524.6,13884.8,7189.7
"168",2583166976,139984896,5586812928,386,80814,0,7126.6,6,2995.2,8358.5,7760.2
"169",2583166976,139984896,5586812928,401,80798,0,7116.9,2,1551.6,13603.4,7426.5
"170",2583166976,139984896,5586812928,409,80791,0,3576.4,3,1453.4,13611.1,6800.1
"171",2583166976,139984896,5586812928,424,80776,0,7103.6,3,1621.2,6806,10686.1
"172",2583166976,139984896,5586812928,443,80757,0,8877.3,5,2079.2,13928.2,10029.3
"173",2583166976,139984896,5560598528,314,80886,0,7762.1,7.9,5466.9,19157.6,8096.2
"174",2583166976,139984896,5560598528,329,80870,0,7127.4,2,1513.1,6804.8,9722
"175",2583166976,139984896,5560598528,344,80855,0,7120.8,4,1549.5,13619.2,10042
"176",2583166976,139984896,5560598528,352,80848,0,3570.2,3,1475.8,13614.6,3244.8
"177",2583166976,139984896,5560598528,371,80829,0,8089.7,3,1767.7,7011,10678.1
"178",2583166976,139984896,5560598528,321,80878,0,7144,8.1,3103.4,15289.9,11524.7
"179",2583166976,139984896,5560598528,329,80870,0,3961.7,3,1457.7,13611.3,6485
"180",2583166976,139984896,5560598528,344,80855,0,7136.3,3,1427.5,6802.8,10039.8
"181",2583166976,139984896,5560598528,359,80840,0,7127,4,1523.6,13635.5,10058.5
"182",2583166976,139984896,5560598528,370,80830,0,4731.9,6.9,2106.8,14029.9,3256.8
"183",2587885568,136839168,5574230016,385,80814,0,9386.7,4,4558.2,10134.7,11203.5
"184",2587885568,136839168,5574230016,400,80799,0,7155.5,3,1482.8,13603.7,10037.1
"185",2587885568,136839168,5574230016,408,80791,0,3567.3,4,1644.1,13592.5,6785
"186",2587885568,136839168,5574230016,423,80776,0,7138.6,3,1642.8,6796.4,10037.9
"187",2587885568,136839168,5574230016,442,80757,0,8132.9,8,2135,13989.8,10103.4
"188",2587885568,136839168,5574230016,450,80749,0,3577.8,5.1,2985.7,15427.1,7574.9
"189",2587885568,136839168,5574230016,465,80734,0,7140.6,2,1492.6,6846,6820
"190",2587885568,136839168,5574230016,480,80719,0,7126.6,3,1527.4,13667.8,10697.3
"191",2587885568,136839168,5574230016,488,80711,0,3567.8,5.1,1629,13681.1,8698.4
"192",2587885568,136839168,5574230016,507,80693,0,9387.1,13.9,2483.4,7280.2,5284.7
"193",2587885568,136839168,5544345600,321,80879,0,11782.7,10,5373.1,18901.1,11855.6
"194",2587885568,136839168,5544345600,328,80871,0,3890.5,4,1958.9,13696.8,10414.2
"195",2587885568,136839168,5544345600,344,80856,0,6825.9,3,1726.7,6859.1,6849.3
"196",2587885568,136839168,5544345600,359,80841,0,7136,4,1604.2,13666.4,6490.3
"197",2587885568,136839168,5544345600,366,80833,0,8064.9,14,2165.3,14235.9,6605
"198",2588409856,138412032,5544345600,313,80886,0,3575.7,5,2913.1,8042.8,3914.3
"199",2588409856,138412032,5544345600,328,80871,0,7127.4,3,1445.6,13647.1,7442.7
"200",2588409856,138412032,5544345600,336,80863,0,7140.6,4.1,1620.8,13673.1,14300.1
"201",2588409856,138412032,5544345600,351,80848,0,3566.5,3,1672,6842.5,3566.6
"202",2588409856,138412032,5544345600,370,80829,0,9970.9,3,2493.2,14461.8,14418.8
"203",2588409856,138412032,5560598528,314,80886,0,7813.4,12,4025.9,16236.8,14093.6
"204",2588409856,138412032,5560598528,329,80871,0,3567.9,4,1556.9,6827.5,3574.8
"205",2588409856,138412032,5560598528,344,80855,0,7150.5,3,1630.4,13637.4,10073.7
"206",2588409856,138412032,5560598528,352,80848,0,7123.7,2,1402.9,13639.3,13622.5
"207",2588409856,138412032,5560598528,371,80829,0,4473,6,2076.3,7244.9,6828.4
"208",2588409856,138412032,5560598528,321,80878,0,7155.1,6.1,2976.8,15207.5,7345.5
"209",2588409856,138412032,5560598528,329,80870,0,7131.4,3,1681.8,13642.8,10385
"210",2588409856,138412032,5560598528,344,80855,0,3576.4,4,1511.4,6829.6,6824.2
"211",2588409856,138412032,5560598528,359,80840,0,7143.8,4,1427.9,13663.4,10070.5
"212",2588409856,138412032,5560598528,370,80829,0,9078,6.1,2778.9,14414.2,10190.4
"213",2596274176,132644864,5549064192,386,80813,0,7717.2,6,4355.1,12623,8304.9
"214",2596274176,132644864,5549064192,400,80799,0,7437.4,5,1954.4,13633.4,7109.9
"215",2596274176,132644864,5549064192,408,80791,0,7114.9,3,1437.6,13652.2,13636.3
"216",2596274176,132644864,5549064192,423,80776,0,3558,4,1488.2,6820.4,7134.8
"217",2596274176,132644864,5549064192,306,80894,0,7876.3,14.1,2425.3,14644.7,13634.6
"218",2596274176,132644864,5549064192,313,80886,0,7113.4,5.1,3012.4,14968.6,11536.9
"219",2596274176,132644864,5549064192,328,80871,0,3587.3,4,1451.4,7140.6,6809.9
"220",2596274176,132644864,5549064192,344,80856,0,7122,3,1626.5,13323.2,10047.5
"221",2596274176,132644864,5549064192,351,80848,0,7102.9,5,1635.6,13627,10045.4
"222",2596274176,132644864,5549064192,370,80829,0,7166.6,4,2801.8,8022.8,7031.6
"223",2596274176,132644864,5556928512,386,80814,0,7116.7,6.1,3667.6,16353.7,10467.4
"224",2596274176,132644864,5556928512,393,80806,0,7111.2,4,1526.3,13656.5,10698.7
"225",2596274176,132644864,5556928512,409,80791,0,3555.2,4,1621,13652,6822.6
"226",2596274176,132644864,5556928512,424,80775,0,7104.4,3,1425.2,6812.1,10039.3
"227",2596274176,132644864,5556928512,435,80764,0,7942.6,5,2157.5,14306.8,14226.6
"228",2588409856,134217728,5556928512,451,80749,0,3575.3,3,2569.9,14748,6999.3
"229",2588409856,134217728,5556928512,466,80733,0,7120.3,3,1490.5,6843.5,7434.7
"230",2588409856,134217728,5556928512,474,80726,0,7112.6,4,1584.4,13656.1,10048
"231",2588409856,134217728,5556928512,489,80711,0,3557.6,3,1551.2,13659.1,3234.5
"232",2588409856,134217728,5556928512,508,80692,0,10439.7,9.1,2850.3,7625.6,10511.6
"233",2588409856,134217728,5534908416,314,80885,0,10286.3,5.9,5180.9,18272.2,11794.2
"234",2588409856,134217728,5534908416,329,80870,0,3561.7,3,1566.9,13676.4,6513.9
"235",2588409856,134217728,5534908416,345,80855,0,7105.3,3,1532.5,6844.2,6779.4
"236",2588409856,134217728,5534908416,352,80847,0,7098.6,3,1429.7,13678.4,13654.1
"237",2588409856,134217728,5534908416,371,80828,0,4519,6.1,2509.8,14848.8,7147.7
"238",2588409856,134217728,5534908416,322,80878,0,7107.6,6.1,2516.3,7577.2,13832.6
"239",2588409856,134217728,5534908416,329,80870,0,7114.8,3,1507.3,13657.6,10698.3
"240",2588409856,134217728,5534908416,345,80855,0,3557,3,1606,13667.6,3880.3
"241",2588409856,134217728,5534908416,360,80839,0,7129.4,3,1450.3,6820.6,13647.1
"242",2588409856,134217728,5534908416,372,80828,0,8438.6,19,3088.4,14950.5,10336.5
"243",2575826944,140509184,5553782784,315,80885,0,5755.7,11.1,3334,15817.7,7051
"244",2575826944,140509184,5553782784,330,80869,0,7196.2,3,1755.1,6906.7,7516.4
"245",2575826944,140509184,5553782784,338,80862,0,7213.7,3,1581.7,13659.1,10421.5
"246",2575826944,140509184,5553782784,353,80846,0,3587.9,4,1417.8,13668.9,3603
"247",2575826944,140509184,5553782784,371,80828,0,8202.9,14.9,2734.3,7781,11087.4
"248",2575826944,140509184,5553782784,314,80885,0,7186.4,3,2629.6,14761.9,11218.2
"249",2575826944,140509184,5553782784,330,80870,0,3843.1,4,1589.8,13683.7,6834.5
"250",2575826944,140509184,5553782784,345,80855,0,7203.6,3,1591.3,6834.7,9773.5
"251",2575826944,140509184,5553782784,352,80847,0,7191.6,4,1710.4,13649.6,11069.6
"252",2575826944,140509184,5553782784,372,80828,0,7863.9,12,3165,14979.6,7144.3
"253",2575826944,140509184,5542248448,387,80812,0,9328,4,4346.4,11008.9,11371.9
"254",2575826944,140509184,5542248448,395,80804,0,7275,2,1594,13649.3,13308.6
"255",2575826944,140509184,5542248448,410,80789,0,3576.4,4,1658.4,13667.8,3578.5
"256",2575826944,140509184,5542248448,426,80774,0,7178.2,4,1480.3,6828.4,6818.7
"257",2575826944,140509184,5542248448,437,80770,0,8060.5,12,2807.6,15077.7,11163.9
"258",2574778368,137363456,5542248448,315,80884,0,3578.7,4,2368.1,14121.1,7505.3
"259",2574778368,137363456,5542248448,331,80869,0,7180.4,4,1556.4,6839.9,10089.3
"260",2574778368,137363456,5542248448,338,80861,0,7158.5,3,1422.6,13651.1,6845.8
"261",2574778368,137363456,5542248448,354,80846,0,-1,3,1719.7,13660.1,10400
"262",2574778368,137363456,5542248448,373,80826,0,3901.1,24.2,3315.9,8444.9,7596.8
"263",2574778368,137363456,5550112768,381,80819,0,10207.3,3,2920.9,15133,7532.3
"264",2574778368,137363456,5550112768,396,80803,0,7157.6,4,1360.5,13658.1,10404.8
"265",2574778368,137363456,5550112768,411,80788,0,3894.5,3,1367,6830,3564.4
"266",2574778368,137363456,5550112768,419,80781,0,6831.8,3.9,1516.4,13666,10406
"267",2574778368,137363456,5550112768,437,80762,0,7184.2,4.1,2719.5,14686.1,10817.8
"268",2574778368,137363456,5550112768,322,80877,0,8122.3,5,2616.1,7655.5,3655.6
"269",2574778368,137363456,5550112768,330,80869,0,3583,3,1514.3,13667.1,10736.7
"270",2574778368,137363456,5550112768,345,80854,0,7154.1,3,1494.5,13692.9,13351
"271",2574778368,137363456,5550112768,361,80839,0,7163.5,3,1364,6838,3576.6
"272",2574778368,137363456,5550112768,372,80827,0,3640.5,10,3463.9,15432.5,10889.6
"273",2574778368,137363456,5555879936,315,80884,0,13493,6,3934.2,17957.9,10546
"274",2574778368,137363456,5555879936,330,80869,0,7388.7,3.1,1489.2,6822.6,3263.3
"275",2574778368,137363456,5555879936,338,80861,0,3587.2,4,1399.8,13677.9,10412.3
"276",2574778368,137363456,5555879936,353,80846,0,7150.5,3,1508.5,13661.6,10083.7
"277",2563768320,150994944,5555879936,307,80892,0,7161.8,8,3050.4,8304.1,7396.2
"278",2563768320,150994944,5555879936,315,80884,0,4534.7,4,2074.7,14308.6,10950.5
"279",2563768320,150994944,5555879936,330,80869,0,7161.4,3,1532.3,13685.4,10408.7
"280",2563768320,150994944,5555879936,346,80854,0,7172.4,3,1539.9,6833.2,3586.9
"281",2563768320,150994944,5555879936,353,80846,0,3580.6,2,1466.7,13668.4,10085
"282",2563768320,150994944,5555879936,373,80827,0,7170.5,10.8,3450,15327.3,14277.8
"283",2563768320,150994944,5560598528,388,80811,0,10609.4,3,2871.7,8547,3900.7
"284",2563768320,150994944,5560598528,396,80804,0,3587,3,1548.4,13372,13687
"285",2563768320,150994944,5560598528,411,80788,0,7371.6,2,1524.6,13667.6,10402.7
"286",2563768320,150994944,5560598528,426,80773,0,7175.1,3,1543.1,7166,3584.7
"287",2563768320,150994944,5560598528,438,80762,0,3607.7,6.1,2733.5,14845.4,14465.4
"288",2563768320,150994944,5560598528,453,80746,0,7992.5,5,2114.7,14090.5,10705.3
"289",2563768320,150994944,5560598528,469,80731,0,7162.2,3,1585.2,13692.5,6845.9
"290",2563768320,150994944,5560598528,476,80723,0,3626.1,2,1617.9,6837.5,7171.1
"291",2563768320,150994944,5560598528,492,80708,0,7182.2,3,1539.4,13683.5,13671.5
"292",2563768320,148373504,5560598528,511,80688,0,7224.9,9,3947.3,15529.9,7129.4
"293",2563768320,148373504,5535432704,519,80681,0,7768.3,3,3238.9,10920.1,11020.6
"294",2563768320,148373504,5535432704,534,80665,0,8612.6,4,1599.1,13695.4,10756.9
"295",2563768320,148373504,5535432704,549,80650,0,7177.3,7,1829.8,13715.7,3573.7
"296",2563768320,148373504,5535432704,557,80642,0,3583.4,3,1361.9,6837,10086.9
"297",2563768320,148373504,5535432704,576,80623,0,7219.3,16,3041.6,15218.5,7222.8
"298",2563768320,148373504,5535432704,592,80608,0,8086.5,3,1846.7,13990.7,3381.4
"299",2563768320,148373504,5535432704,599,80600,0,3578.9,4,1541.4,6863.1,14347.1
"300",2563768320,148373504,5535432704,615,80585,0,7175,3,1427.5,13676.6,7161.8
"301",2563768320,148373504,5535432704,630,80569,0,7163.6,3,1462.8,13685.8,6511.6
"302",2563768320,148373504,5535432704,642,80558,0,3613,7.1,3726,8642.5,14250.2
"303",2563768320,148373504,5551161344,315,80884,0,10085.9,7.1,4168.8,16023.3,11025.9
"304",2563768320,148373504,5551161344,330,80869,0,7164.7,3,1615.9,13683.7,7165.1
"305",2563768320,148373504,5551161344,338,80861,0,3586.7,3,1420.8,6848.2,10414.3
"306",2563768320,148373504,5551161344,353,80846,0,7185.5,3,1430.8,13683.3,10420.9
"307",2563768320,148373504,5551161344,373,80827,0,7190.1,5.1,3339,15391.5,4223.3
"308",2552233984,150994944,5551161344,315,80884,0,4333.3,4,1899.9,7404.7,10867.4
"309",2552233984,150994944,5551161344,331,80869,0,7163.9,3,1505,13689.4,10421.3
"310",2552233984,150994944,5551161344,346,80854,0,7182.1,4,1508.2,13668.7,3903.3
"311",2552233984,150994944,5551161344,353,80846,0,3579.2,3,1557.2,6836.4,7138.7
"312",2552233984,150994944,5551161344,372,80827,0,7217.5,18.4,4222.7,15780.1,11132.2
"313",2552233984,150994944,5489295360,323,80876,0,11367.6,4.9,3364.4,17158.6,7466.6
"314",2552233984,150994944,5489295360,331,80869,0,5518.4,3,1535,6843.8,9758.4
"315",2552233984,150994944,5489295360,346,80853,0,7173.4,3,1449,13689.7,10741.6
"316",2552233984,150994944,5489295360,361,80838,0,7168.2,3,1549.2,13675.8,7163.6
"317",2552233984,150994944,5489295360,372,80827,0,3623.7,22.4,2761.8,8114.4,7579.3
"318",2552233984,150994944,5489295360,388,80811,0,7969.4,4,2081,14266.6,7839.4
"319",2552233984,150994944,5489295360,404,80796,0,7159.7,3,1618.2,13690.4,6515.3
"320",2552233984,150994944,5489295360,411,80788,0,3900.6,2,1473.4,6847.7,7149.5
"321",2552233984,150994944,5489295360,427,80773,0,7161.2,4,1722.7,13680,13995.1
"322",2552233984,150994944,5489295360,446,80753,0,7225.2,6,3755.7,15647.6,4245.4
"323",2544369664,159907840,5520228352,454,80746,0,6512,8.1,2524.2,8247.9,14110.2
"324",2544369664,159907840,5520228352,469,80730,0,7170.9,3,1466.2,13697.8,13682.4
"325",2544369664,159907840,5520228352,484,80715,0,7205.9,3,1444.6,13702.4,3258.3
"326",2544369664,159907840,5520228352,492,80707,0,3597.7,3,1683.1,6862.1,7169
"327",2544369664,159907840,5520228352,511,80688,0,7218.9,6.9,3315.9,15450,7291.4
"328",2544369664,159907840,5520228352,324,80876,0,8190.9,4,1989.1,13850.9,7259.7
"329",2544369664,159907840,5520228352,331,80868,0,3926.2,2,1527.5,6859.9,10109
"330",2544369664,159907840,5520228352,347,80853,0,6851.2,4,1638.2,13726.6,6837
"331",2544369664,159907840,5520228352,362,80838,0,7191.8,2,1738.5,13713.1,7821.2
"332",2544369664,159907840,5520228352,373,80826,0,3971.3,8,4202,8926.3,4798
"333",2544369664,159907840,5510266880,389,80811,0,12811.8,7.1,3553.4,18259,10852.2
"334",2544369664,159907840,5510266880,404,80795,0,7184,3,1553.1,13704.6,7473.4
"335",2544369664,159907840,5510266880,412,80788,0,7169.3,3,1428.7,6865.4,3581.7
"336",2544369664,159907840,5510266880,427,80773,0,3595.9,3,1505.9,13738.1,10112.8
"337",2552758272,153616384,5510266880,445,80754,0,7203.2,6,3190.6,15151.9,14370.8
"338",2552758272,153616384,5510266880,314,80885,0,8216.5,4,2209.3,7592.2,7406.1
"339",2552758272,153616384,5510266880,329,80870,0,3589,3,1439.5,13716.9,7484.8
"340",2552758272,153616384,5510266880,345,80855,0,7183.2,4,1604.1,13716.6,7172.3
"341",2552758272,153616384,5510266880,352,80847,0,7196.1,3,1530.2,6847.4,3586.8
"342",2552758272,153616384,5510266880,372,80828,0,3782.8,11.1,4463.1,16323.8,11038
"343",2552758272,153616384,5517606912,387,80813,0,10327.7,3,2006.8,14864.7,7956.9
"344",2552758272,153616384,5517606912,394,80805,0,7172.9,3,1642.9,6869.2,6863.6
"345",2552758272,153616384,5517606912,410,80790,0,3575.2,3,1613.2,13722.4,9793.1
"346",2552758272,153616384,5517606912,425,80775,0,7189.7,3,1651.1,13697.9,7160.3
"347",2552758272,153616384,5517606912,299,80901,0,7318.3,5,3724.7,8852.4,4374.1
"348",2552758272,153616384,5517606912,314,80886,0,4379.7,4,1600.2,13553.5,6897.3
"349",2552758272,153616384,5517606912,329,80870,0,7171.5,4,1440.9,13707.2,10432.5
"350",2552758272,153616384,5517606912,337,80863,0,7174.6,3,1458.3,7195.3,7185
"351",2552758272,153616384,5517606912,352,80848,0,3595.7,3,1581.2,13378.5,6847.7
"352",2552758272,153616384,5517606912,371,80828,0,7433,12,5373,17145.2,8526
"353",2544369664,156762112,5518655488,314,80886,0,13104.2,3,2335.3,12787.1,7151.2
"354",2544369664,156762112,5518655488,329,80870,0,3584.1,4,1652.9,9789.9,10086.9
"355",2544369664,156762112,5518655488,344,80855,0,7519.5,3,1470.3,13719.6,10752.6
"356",2544369664,156762112,5518655488,352,80848,0,7164.1,3,1437.7,13716.3,6524.9
"357",2544369664,156762112,5518655488,371,80829,0,3683.3,6,3388.2,8700.8,14888.3
"358",2544369664,156762112,5518655488,321,80878,0,8128.7,3,1537.9,13712.7,13728.8
"359",2544369664,156762112,5518655488,329,80870,0,7169.8,3,1311,13697.2,3904.3
"360",2544369664,156762112,5518655488,344,80855,0,3612.2,4,1574.5,6851.8,7157
"361",2544369664,156762112,5518655488,359,80840,0,7165.5,3,1382.7,13715.5,10757.8
"362",2544369664,156762112,5518655488,371,80828,0,7442.6,7,4924.1,16881.7,7346.2
"363",2544369664,156762112,5524422656,386,80813,0,6662.9,3,1478.9,7464.3,10535.8
"364",2544369664,156762112,5524422656,402,80798,0,7176.4,3,1343.5,13749.2,10440.9
"365",2544369664,156762112,5524422656,409,80790,0,7163.3,3,1575.5,13738,6863.9
"366",2544369664,156762112,5524422656,424,80775,0,3580.9,2,1632.9,6873.6,10099.3
"367",2544369664,156762112,5524422656,444,80756,0,7418.4,14.9,3102.8,15513.1,11842
"368",2544893952,159907840,5524422656,314,80885,0,7753.9,5,2007.5,14194.2,6607.9
"369",2544893952,159907840,5524422656,329,80870,0,3645.2,4,1528.1,6871.9,10118.3
"370",2544893952,159907840,5524422656,345,80855,0,7171.9,4,1591.2,13734.6,10769
"371",2544893952,159907840,5524422656,352,80847,0,7170.3,2,1441.5,13728.1,6859.5
"372",2544893952,159907840,5524422656,371,80828,0,3926.4,17.8,5406.4,9934,12047.6
"373",2544893952,159907840,5523374080,322,80877,0,13630.9,5,2388.5,16361.3,11258
"374",2544893952,159907840,5523374080,329,80871,0,7169.8,3,1458.2,13730.4,6863.6
"375",2544893952,159907840,5523374080,344,80855,0,3588.6,3,1400.4,6877.9,7163.4
"376",2544893952,159907840,5523374080,359,80840,0,7180.9,3,1650.3,13730.7,7172
"377",2544893952,159907840,5523374080,371,80829,0,7528.2,5.1,3365.6,15419.3,4060.1
"378",2544893952,159907840,5523374080,386,80813,0,4197.4,3,1518.1,6890.7,10177.3
"379",2544893952,159907840,5523374080,401,80798,0,7182,3,1610.3,13729.2,10449.1
"380",2544893952,159907840,5523374080,409,80790,0,7186.9,3,1511.4,13729.2,3914.3
"381",2544893952,159907840,5523374080,424,80775,0,3580.5,4,1337.8,6858.8,13706.5
"382",2544893952,159907840,5523374080,443,80756,0,7796.6,10.1,4887.5,16799.6,10962.7
"383",2544893952,158334976,5529665536,451,80748,0,10063.3,3,1395.7,13696.6,6856
"384",2544893952,158334976,5529665536,466,80733,0,3585.7,3,1415.2,6846.7,10090.6
"385",2544893952,158334976,5529665536,481,80718,0,7169.5,3,1629,13692.3,6507.9
"386",2544893952,158334976,5529665536,489,80710,0,7169.7,4,1536,13726.9,3577.4
"387",2544893952,158334976,5529665536,508,80691,0,4040.2,8.9,3984.5,8879.7,14347.7
"388",2544893952,158334976,5529665536,322,80878,0,7807.8,4,1718.7,13708.7,13370.4
"389",2544893952,158334976,5529665536,329,80870,0,7187.7,3,1348.1,13740.7,6865.3
"390",2544893952,158334976,5529665536,345,80855,0,3827.7,4,1483.3,6855.5,10436.1
"391",2544893952,158334976,5529665536,360,80840,0,7185.1,3,1554.3,13725.4,10124.3
"392",2544893952,158334976,5529665536,371,80828,0,7713.9,12,5993.2,17604.3,8159.9
"393",2544893952,158334976,5532811264,314,80886,0,9887.8,5,2142.4,9304.7,9903.1
"394",2544893952,158334976,5532811264,329,80871,0,7183.6,5,1550.2,13728,10442.3
"395",2544893952,158334976,5532811264,337,80863,0,7307,2,1610.2,13706.4,6848.6
"396",2544893952,158334976,5532811264,352,80848,0,3593.3,3,1519.3,6860,6848.4
"397",2544893952,158334976,5532811264,306,80893,0,7697.5,16,3436.2,15584.5,11067.9
"398",2543845376,159907840,5532811264,314,80886,0,7596.8,4,1581.1,14100.7,3914.2
"399",2543845376,159907840,5532811264,329,80870,0,3923.6,4,1669.7,6863.5,10114.5
"400",2543845376,159907840,5532811264,344,80855,0,6849.5,2,1663.8,13716.6,9785.5
"401",2543845376,159907840,5532811264,352,80848,0,7203.4,4,1655.1,13729.7,10123.9
"402",2543845376,159907840,5532811264,371,80828,0,4624.2,21,4975.8,10224.5,8344
"403",2543845376,159907840,5537005568,386,80813,0,9801,5,1536.4,13728.3,7504.4
"404",2543845376,159907840,5537005568,394,80805,0,7187.3,2,1593,13721,10440.4
"405",2543845376,159907840,5537005568,409,80790,0,7162.9,4,1574.3,6862,6854.5
"406",2543845376,159907840,5537005568,425,80775,0,3584.6,3,1614.9,13734.7,10438.2
"407",2543845376,159907840,5537005568,436,80764,0,7705,4,3407.4,15664,7619.5
"408",2543845376,159907840,5537005568,451,80748,0,7469.8,3,1544.2,6867.5,6859.9
"409",2543845376,159907840,5537005568,466,80733,0,3592.5,3,1522.4,13721.8,6848.4
"410",2543845376,159907840,5537005568,474,80725,0,7185.9,3,1571,13734.2,6845.7
"411",2543845376,159907840,5537005568,489,80710,0,7179,3,1389.6,6840.8,6828.6
"412",2550136832,147324928,5537005568,508,80691,0,4473.3,-1,-1,-1,11981.4
"413",2550136832,147324928,5525471232,314,80885,0,13010.2,11.1,5976.9,17558,7910.2
"414",2550136832,147324928,5525471232,330,80870,0,7179,2,1789.4,15752,6827
"415",2550136832,147324928,5525471232,345,80854,0,3593.8,4,1484.3,7162.7,7180
"416",2550136832,147324928,5525471232,353,80847,0,7179.7,3,1709,13344,10108.1
"417",2550136832,147324928,5525471232,372,80828,0,7821.7,3,1651.1,13712.5,7655
"418",2550136832,147324928,5525471232,322,80877,0,3964.4,5,3241.2,12181.3,14005.4
"419",2550136832,147324928,5525471232,330,80869,0,7196,3.1,1417.4,10095,13668.4
"420",2550136832,147324928,5525471232,345,80854,0,7217.4,4,1480.2,13676,3614.5
"421",2550136832,147324928,5525471232,360,80839,0,3605.2,3,1665.4,13649.5,10426.5
"422",2550136832,147324928,5525471232,371,80828,0,7859.9,5,1618.3,6888.5,10932.1
"423",2550136832,147324928,5536481280,315,80884,0,9647,15,4797.8,16525.9,3376.5
"424",2550136832,147324928,5536481280,330,80869,0,3835.6,3.1,1909.2,14950.9,10754.8
"425",2550136832,147324928,5536481280,338,80861,0,7190.3,4,1617.8,6837.7,7188.1
"426",2550136832,147324928,5536481280,353,80846,0,7204.3,3,1462.9,13659.8,6502.6
"427",2550136832,147324928,5536481280,373,80827,0,4237.9,7,1631.4,13752.9,8332.7
"428",2531786752,165675008,5536481280,315,80884,0,7411,13,3235.2,8557.2,10431.3
"429",2531786752,165675008,5536481280,331,80869,0,7217.2,4,1599,14055.8,6844.4
"430",2531786752,165675008,5536481280,346,80854,0,3595.1,4,1602.4,13680.6,10103.1
"431",2531786752,165675008,5536481280,353,80846,0,7195.5,3,1620.1,6841.9,10097.9
"432",2531786752,165675008,5536481280,373,80827,0,8278.3,5,1705.5,13748.6,8312.6
"433",2531786752,165675008,5525471232,323,80876,0,7950.7,13.4,5918.8,18003.2,10450
"434",2531786752,165675008,5525471232,331,80869,0,7874.2,3,1838.1,9024.1,10745.3
"435",2531786752,165675008,5525471232,346,80853,0,7176.1,4,1518.4,13668.7,3584.3
"436",2531786752,165675008,5525471232,361,80838,0,3603.5,3,1489.3,13650.9,7521.9
"437",2531786752,165675008,5525471232,373,80827,0,7981.8,3.1,1763.3,6893.4,10484.4
"438",2531786752,165675008,5525471232,316,80884,0,7394.2,7,3512.8,15392.9,6891.8
"439",2531786752,165675008,5525471232,331,80868,0,3588.7,3,1512.4,13680.2,7172.7
"440",2531786752,165675008,5525471232,339,80861,0,7174.5,3.1,1595.3,6833.2,13643.3
"441",2531786752,165675008,5525471232,354,80846,0,7166.5,2,1559.1,13666.2,7155.7
"442",2531786752,165675008,5525471232,373,80826,0,4245.1,6,1697.3,13712.6,10930.2
"443",2586836992,114294784,5532811264,380,80820,0,9566.6,18,4930.4,10589.1,7186.7
"444",2586836992,114294784,5532811264,395,80805,0,7184,4,1432.5,13660.4,3917.9
"445",2586836992,114294784,5532811264,410,80789,0,3595.7,3,1343,13659.8,6856.1
"446",2586836992,114294784,5532811264,418,80782,0,7193.7,2.9,1503.2,6834,10423.8
"447",2586836992,114294784,5532811264,437,80763,0,7958.8,4,1669.9,13770.5,7588.7
"448",2586836992,114294784,5532811264,322,80877,0,3786.6,11,3203.8,15376.6,10066.6
"449",2586836992,114294784,5532811264,330,80869,0,7189.9,2,1899.8,6914.3,10718.1
"450",2586836992,114294784,5532811264,345,80854,0,7192.2,4,1490.7,13624.8,6796.4
"451",2586836992,114294784,5532811264,360,80839,0,3589.2,3,1663.8,13607.8,13606.2
"452",2586836992,114294784,5532811264,372,80828,0,8164.7,17.2,1799,6898.7,14138.7
"453",2586836992,114294784,5532286976,388,80812,0,12451.4,6.9,5431.4,19281.2,3625.4
"454",2586836992,114294784,5532286976,403,80797,0,3593.4,3,1692.9,14147.5,13944.7
"455",2586836992,114294784,5532286976,410,80789,0,7183.9,8,1436.3,6817.1,10396.8
"456",2586836992,114294784,5532286976,426,80774,0,7198.5,3,1679.8,13628.2,3269
"457",2539126784,162004992,5532286976,445,80755,0,4277.5,4,1791.9,13703.4,10764.4
"458",2539126784,162004992,5532286976,453,80747,0,7409.5,4,3230.7,8359.4,10460.2
"459",2539126784,162004992,5532286976,468,80732,0,7464.4,3,1656.1,13980.4,6801.6
"460",2539126784,162004992,5532286976,483,80716,0,3603.5,4,1512.8,13628.4,13625.8
"461",2539126784,162004992,5532286976,491,80709,0,7183.5,3,1456.8,6824,10392.8
"462",2539126784,162004992,5532286976,510,80689,0,7867.6,6.1,1775,13686.6,4317.7
"463",2539126784,162004992,5539627008,331,80868,0,7217.9,4,2100,6917.7,10497.8
"464",2539126784,162004992,5539627008,346,80853,0,7196.9,3,1367.5,13612.1,7186.4
"465",2539126784,162004992,5539627008,361,80838,0,3591.3,2,1616.8,13629.7,6824.9
"466",2539126784,162004992,5539627008,373,80826,0,8021.6,16,1754.2,6901.9,10072.5
"467",2539126784,162004992,5539627008,316,80884,0,7284.7,7.1,3135.7,15316.2,10826.6
"468",2539126784,162004992,5539627008,331,80868,0,3782.4,2,1540.1,13643.5,9645.7
"469",2541223936,162004992,5539627008,339,80861,0,7004.9,3.9,1496.9,6796.7,11105.9
"470",2541223936,162004992,5539627008,354,80845,0,7196.9,2,1568.1,13625.8,6867.7
"471",2541223936,162004992,5539627008,373,80826,0,5297.5,4,2014.3,13802.3,13937.7
"472",2541223936,162004992,5544345600,316,80883,0,11499.3,11.1,5718.9,12263.1,4428.8
"473",2541223936,162004992,5544345600,332,80868,0,7188.3,3,1537.4,13594.6,9746
"474",2541223936,162004992,5544345600,347,80853,0,7192.7,3,1370.9,13624.6,10404.6
"475",2541223936,162004992,5544345600,355,80845,0,3590.7,4,1476.8,6815.5,3922.2
"476",2541223936,162004992,5544345600,373,80826,0,7979.6,4,1780.5,13742.7,10401.1
"477",2541223936,162004992,5544345600,323,80876,0,7331.9,6,3546,15588.2,14378.4
"478",2541223936,162004992,5544345600,331,80869,0,3593.8,4,1575.8,7145,3643.1
"479",2541223936,162004992,5544345600,346,80853,0,7192,3,1500.6,13304.3,10404.7
"480",2541223936,162004992,5544345600,361,80838,0,7178.2,3,1685.5,13612.8,7496.3
"481",2541223936,162004992,5544345600,373,80826,0,4685.8,3,2075.3,7346.9,6818.8
"482",2550661120,155713536,5462032384,388,80811,0,9431.5,8,4418.3,16099.5,14406.2
"483",2550661120,155713536,5462032384,404,80796,0,7194.7,3,1631.6,14104.7,7186.8
"484",2550661120,155713536,5462032384,411,80788,0,3593.5,2,1474.1,13648.7,6815.9
"485",2550661120,155713536,5462032384,427,80773,0,7187.8,4,1489.3,6827,10734.2
"486",2550661120,155713536,5462032384,446,80753,0,7929.6,14.1,1861.6,13802.4,13996.9
"487",2550661120,155713536,5462032384,316,80883,0,3629.4,5,3458.6,15273.3,4237.5
"488",2550661120,155713536,5462032384,331,80868,0,7188.2,3,1523,7171.8,13337.6
"489",2550661120,155713536,5462032384,347,80853,0,7188.5,2,1623.3,13658.4,11069.3
"490",2550661120,155713536,5462032384,354,80845,0,3598.9,2,1616.2,13640.7,6485.8
"491",2550661120,155713536,5462032384,374,80826,0,8884.6,11,2239.6,7110.8,7191.6
"492",2550661120,155713536,5540675584,324,80875,0,12280.8,9,5299.2,18890,10981.8
"493",2550661120,155713536,5540675584,332,80868,0,3912.6,3,1469,13648.2,3597.3
"494",2550661120,155713536,5540675584,347,80852,0,7186.4,3,1599.2,6819.3,13306.4
"495",2550661120,155713536,5540675584,362,80837,0,7188.4,3,1636.1,13642.1,7510.9
"496",2550661120,155713536,5540675584,374,80825,0,4457.7,3,2151.9,13995,6502.9
"497",2551185408,156762112,5540675584,316,80883,0,7202.5,6.1,2710,7979.8,10464
"498",2551185408,156762112,5540675584,332,80868,0,7225.5,3,1678.7,13621,7517.3
"499",2551185408,156762112,5540675584,339,80860,0,3590.7,4,1677.2,13670.2,6826.4
"500",2551185408,156762112,5540675584,355,80845,0,7182.1,3,1550,6823.7,13643.7
"501",2551185408,156762112,5537005568,374,80825,0,8010.7,22.4,2334.4,14138.1,9765.3
"502",2551185408,156762112,5537005568,317,80883,0,5791.2,9.9,4477.1,16237.1,7570.8
"503",2551185408,156762112,5537005568,332,80867,0,7143.5,3,1670.7,6829.8,10746.1
"504",2551185408,156762112,5537005568,347,80852,0,7138.9,4,1496.5,13652.7,9741.8
"505",2551185408,156762112,5537005568,355,80845,0,3568.1,3,1538.6,13649.9,6496.6
"506",2551185408,156762112,5537005568,374,80826,0,7891.2,5,1818.4,7060.6,10432.9
"507",2551185408,156762112,5537005568,324,80875,0,7276.6,3,2897.1,15195.2,14668.4
"508",2551185408,156762112,5537005568,332,80867,0,3568.1,3,1941.3,13755.7,6893.8
"509",2551185408,156762112,5537005568,347,80852,0,7142.3,3,1614.2,6828.9,10391.5
"510",2551185408,156762112,5537005568,363,80837,0,7141,3,1501.5,13634.4,7148.6
"511",2551185408,156762112,5537005568,373,80826,0,5070.4,8.8,2321.1,14026.7,7146.6
"512",2563244032,148373504,5548015616,389,80811,0,11701.5,20.4,5256.4,11805.2,8558.3
"513",2563244032,148373504,5548015616,404,80796,0,7119,3,1714.9,14124.4,13679.2
"514",2563244032,148373504,5548015616,411,80788,0,3575.2,3,1498.9,13656.6,7148.4
"515",2563244032,148373504,5548015616,427,80773,0,7142.6,3,1453.6,6825.2,9725.2
"516",2563244032,148373504,5548015616,446,80753,0,7962.4,6.1,2419.4,14229.8,7487.2
"517",2563244032,148373504,5548015616,316,80884,0,3570.4,4.1,3135.1,14824.8,4514.4
"518",2563244032,148373504,5548015616,331,80868,0,7126.8,4,1543.7,7183.6,10767.7
"519",2563244032,148373504,5548015616,346,80853,0,7119.4,3.1,1613.5,13643.2,10696.3
"520",2563244032,148373504,5548015616,354,80846,0,3561.9,4,1547.7,13656.3,3878.9
"521",2563244032,148373504,5545394176,373,80827,0,8101.3,4,1894.9,7071.5,10412.6
"522",2563244032,148373504,5545394176,389,80811,0,9453.7,7.9,4084.3,16375.7,11432.6
"523",2563244032,148373504,5545394176,396,80803,0,3567.8,2,1609,13717.5,6839.4
"524",2563244032,148373504,5545394176,412,80788,0,7144.7,3,1479.2,6824.1,7457.2
"525",2563244032,148373504,5545394176,427,80773,0,7141.5,2,1399.7,13656.9,6806
"526",2563244032,148373504,5545394176,439,80761,0,4464,6,2246.5,14259.6,6514.8
"527",2562195456,151519232,5545394176,316,80883,0,7130.6,5.1,2920.5,7920.8,7788.5
"528",2562195456,151519232,5545394176,331,80868,0,7366.5,3,1680.5,13656.5,7448
"529",2562195456,151519232,5545394176,339,80860,0,3560.8,3,1514,13664.3,7156.6
"530",2562195456,151519232,5545394176,354,80845,0,7143,3,1512.6,6828.5,6798.8
"531",2562195456,151519232,5554307072,373,80826,0,8910.5,22.2,2465.6,14410.3,14320.4
"532",2562195456,151519232,5554307072,381,80818,0,8076,7.8,5048.9,19250.1,4961.8
"533",2562195456,151519232,5554307072,397,80803,0,7270.4,3,1721.1,6829.2,6790.8
"534",2562195456,151519232,5554307072,412,80788,0,7128.2,3,1672,13673.5,13007.8
"535",2562195456,151519232,5554307072,420,80780,0,3568.9,4,1387,13682.7,4215.5
"536",2562195456,151519232,5554307072,439,80761,0,8064.1,4,2444.1,7534.5,6813.2
"537",2562195456,151519232,5554307072,454,80745,0,7155.3,11.1,2654.1,14719.1,11089.1
"538",2562195456,151519232,5554307072,462,80738,0,3570.5,3,1681.6,13667.9,10793.1
"539",2562195456,151519232,5554307072,476,80724,0,7146.4,4,1714.5,6838.8,3822.1
"540",2562195456,151519232,5554307072,490,80709,0,7138.7,3,1571.1,13679.1,10398.1
"541",2562195456,151519232,5552734208,501,80698,0,8160.2,4,2706.5,14505.2,13694.6
"542",2568486912,146276352,5552734208,516,80683,0,5812.9,5.9,3770.2,10183.6,4115.7
"543",2568486912,146276352,5552734208,531,80668,0,7140.6,4,1373.8,13876.9,13674.5
"544",2568486912,146276352,5552734208,539,80661,0,7130.4,3,1691.1,13684.1,10732.9
"545",2568486912,146276352,5552734208,554,80646,0,3581.2,2,1624.3,7178.4,6841.6
"546",2568486912,146276352,5552734208,572,80627,0,7994.7,4,2657.8,14387.8,9755.1
"547",2568486912,146276352,5552734208,580,80620,0,7150.5,3,2468.1,14646.8,11600.4
"548",2568486912,146276352,5552734208,595,80605,0,3579.8,4,1586.8,14016.8,3571.8
"549",2568486912,146276352,5552734208,610,80590,0,7143,3,1789.6,6835.6,10071.8
"550",2568486912,146276352,5552734208,617,80582,0,7145.2,5,1521.3,13685.3,13673.8
"551",2568486912,146276352,5481431040,632,80567,0,5225.6,7,2191.3,14116.1,3302.4
"552",2568486912,146276352,5481431040,651,80548,0,9459.3,5.1,4339.1,11003.1,8299.7
"553",2568486912,146276352,5481431040,326,80873,0,9322.1,4,2804.4,14982.5,7526.8
"554",2568486912,146276352,5481431040,341,80858,0,3554.6,3,1583.2,13694.9,6514.7
"555",2568486912,146276352,5481431040,357,80843,0,7146.6,2,1463.6,6840.1,10726.9
"556",2567962624,148373504,5481431040,320,80892,0,8310.8,6.1,2497.6,14615.9,10224.1
"557",2567962624,148373504,5481431040,311,80889,0,3570.9,2,2789.5,14484.5,7255.3
"558",2567962624,148373504,5481431040,326,80873,0,7120.4,4,1434.7,6846.3,13358.3
"559",2567962624,148373504,5481431040,334,80866,0,7147.7,3,1621.3,13711.8,9762
"560",2567962624,148373504,5481431040,349,80850,0,3574,3,1551.8,13690.5,3894.5
"561",2567962624,148373504,5517082624,368,80832,0,8495,8.2,2711.8,7906,6838.9
"562",2567962624,148373504,5517082624,312,80887,0,9537.5,4,3953,15955,11005.9
"563",2567962624,148373504,5517082624,327,80872,0,3775,3,1562.7,13711.2,3572.2
"564",2567962624,148373504,5517082624,343,80857,0,7129.4,2,1453.8,6852.6,7130.4
"565",2567962624,148373504,5517082624,350,80849,0,7123.2,3,1608.1,13705.9,13685.9
"566",2567962624,148373504,5517082624,369,80831,0,4479.1,4,2663.7,14761.6,6982
"567",2567962624,148373504,5517082624,322,80878,0,7186.3,3,2732,7999.4,7595.4
"568",2567962624,148373504,5517082624,329,80870,0,7173,3,1643.2,13691.7,10406.8
"569",2567962624,148373504,5517082624,345,80855,0,3576.3,3,1539.5,13696.7,7165.1
"570",2567962624,148373504,5517082624,360,80839,0,7141.5,4,1595.1,6829.5,6804.5
"571",2567962624,148373504,5502926848,371,80828,0,9285.8,13,2929.1,14651.7,10541.8
"572",2569011200,146800640,5502926848,315,80885,0,7441.3,6,4986.3,18760.6,4677.8
"573",2569011200,146800640,5502926848,330,80869,0,7149.1,3,1474.5,7381.6,10087.1
"574",2569011200,146800640,5502926848,338,80862,0,7135.6,3,1421.1,13701.5,14015.8
"575",2569011200,146800640,5502926848,353,80846,0,3573.6,4,1445.8,13693.1,3890.5
"576",2569011200,146800640,5502926848,372,80828,0,8086.9,6,2547.1,8143.1,7975.8
"577",2569011200,146800640,5502926848,315,80884,0,7215.9,3,2448.1,14300.8,11754.9
"578",2569011200,146800640,5502926848,330,80869,0,3583.9,3,1357.2,14051.3,6840
"579",2569011200,146800640,5502926848,345,80854,0,7166.5,3.9,1589.9,6854.1,7476.3
"580",2569011200,146800640,5502926848,353,80846,0,7147.5,3,1620.7,13697.4,9771.6
"581",2569011200,146800640,5511839744,372,80827,0,6532.4,18.2,3063.3,14930.5,7305.5
"582",2569011200,146800640,5511839744,323,80876,0,7494.2,4,3255.8,9310.4,10552.4
"583",2569011200,146800640,5511839744,331,80869,0,7155.9,4,1417.8,13710.6,7155.7
"584",2569011200,146800640,5511839744,346,80854,0,3585.6,5,1595.3,13695.9,6518
"585",2569011200,146800640,5511839744,361,80838,0,7152.4,2,1564.2,6852.6,10097.4
"586",2613575680,103809024,5511839744,372,80827,0,8034,12.2,2714.2,14610.6,10695.5
"587",2613575680,103809024,5511839744,316,80884,0,3603.8,4,2699.2,14616,7335.8
"588",2613575680,103809024,5511839744,331,80869,0,7163.2,4,1557.6,6847.6,10104.9
"589",2613575680,103809024,5511839744,339,80861,0,7144.9,3,1648.4,13733.2,10434.6
"590",2613575680,103809024,5518131200,354,80846,0,3579.8,2,1348.7,13735.6,6533.3
"591",2613575680,103809024,5518131200,373,80826,0,11286.1,20.2,3597,8541.7,11145
"592",2613575680,103809024,5518131200,316,80883,0,9673.5,6.1,3878.4,17728.6,14866
"593",2613575680,103809024,5518131200,331,80868,0,3585.9,3,1511.9,13715.3,6858.1
"594",2613575680,103809024,5518131200,347,80853,0,7162.1,3,1742.7,6856.4,6838.1
"595",2613575680,103809024,5518131200,354,80845,0,7166.5,2,1557.5,13723.3,10762
"596",2613575680,103809024,5518131200,373,80826,0,4634.8,8,2789.6,15049,7546.4
"597",2613575680,103809024,5518131200,324,80876,0,7165.4,4.9,2400.8,7468.2,10972.7
"598",2613575680,103809024,5523898368,331,80868,0,7538.1,3,1515,13731.2,13383.2
"599",2613575680,103809024,5523898368,347,80853,0,3586.2,9.1,1372.7,13718,6854.7
"600",2613575680,103809024,5523898368,362,80837,0,7155.3,3,1510.7,6872.1,13712.2
"601",2571108352,145752064,5523898368,374,80826,0,10347.8,11.9,3447,15418.9,11177
"602",2571108352,145752064,5523898368,389,80810,0,3581.8,12.1,3304.3,15183.8,7291.1
"603",2571108352,145752064,5523898368,404,80795,0,7168.6,3,1497.2,7301.4,9786.4
"604",2571108352,145752064,5523898368,412,80788,0,-1,2,1421.3,13730.6,13713.5
"605",2571108352,145752064,5523898368,427,80772,0,7143.6,9.9,1503.5,13718.4,13321.7
"606",2571108352,145752064,5523898368,445,80754,0,3907.6,7.1,2994.5,8199.6,4562.7
"607",2571108352,145752064,5530714112,453,80746,0,7570.5,4,2047.9,14259.4,10589.6
"608",2571108352,145752064,5530714112,468,80731,0,7139.2,5,1650.1,14058.2,14016.5
"609",2571108352,145752064,5530714112,484,80716,0,3900.2,10,1626.9,7179.3,6847
"610",2571108352,145752064,5530714112,491,80708,0,6833.5,2,1505.7,13396.1,10748.8
"611",2571108352,145752064,5530714112,510,80689,0,7163,10,3826.4,15542.8,10765.9
"612",2571108352,145752064,5530714112,323,80876,0,11475.7,16,4160.1,10991.1,7545.8
"613",2571108352,145752064,5530714112,331,80868,0,5446.1,3,1606.2,13375.8,10748.8
"614",2571108352,145752064,5530714112,346,80853,0,7162,2,1531.4,13706.8,7805
"615",2571108352,145752064,5530714112,362,80838,0,7165.3,10,1597.5,13716.1,3584.6
"616",2580545536,132644864,5530714112,301,80899,0,3588.5,14.9,3147.4,8412.9,13977.9
"617",2580545536,132644864,5449973760,316,80884,0,8247.8,3.1,1927.7,13896.2,10977
"618",2580545536,132644864,5449973760,331,80868,0,7157.7,9,1589.1,13700.2,3580.1
"619",2580545536,132644864,5449973760,339,80861,0,3589,3,1474.7,6848.4,6515.9
"620",2580545536,132644864,5449973760,354,80845,0,7181.7,3,1744.3,13506.8,6844.2
"621",2580545536,132644864,5449973760,374,80826,0,7195.9,14,3971.5,15262.2,3828.9
"622",2580545536,132644864,5449973760,316,80883,0,6872.2,3,2425,7854.8,7706.7
"623",2580545536,132644864,5449973760,332,80868,0,7166.4,3,1622.8,13358.9,10258.1
"624",2580545536,132644864,5449973760,347,80853,0,7159,4,1494.6,13404.3,6689
"625",2580545536,132644864,5449973760,354,80845,0,3578.1,3,1711.1,6743.7,9959.5
"626",2580545536,132644864,5449973760,373,80826,0,7199.7,17.2,3128.9,15191.1,14023
"627",2580545536,132644864,5536481280,324,80875,0,8050.6,4,2094.4,13751.8,3929.5
"628",2580545536,132644864,5536481280,332,80868,0,3594.5,2,1486.4,6748.7,7501.6
"629",2580545536,132644864,5536481280,347,80852,0,7179.5,3,1738.1,13491,7498.6
"630",2580545536,132644864,5536481280,362,80837,0,7172.4,3,1481.5,13484.9,3256.8
"631",2580545536,132644864,5536481280,374,80826,0,3629,25.5,4425.8,8737.4,8346.8
"632",2562195456,149946368,5536481280,317,80883,0,13382.7,5.1,3198.8,17032.8,11695.4
"633",2562195456,149946368,5536481280,332,80868,0,7255.4,3,1497.7,14149.3,6506.4
"634",2562195456,149946368,5536481280,340,80860,0,3918.9,3,1457.6,6848.1,7174.7
"635",2562195456,149946368,5536481280,355,80845,0,7171.5,3,1485.8,13707.7,13691
"636",2562195456,149946368,5531762688,374,80825,0,7200.4,12.1,3192.7,15280.5,7060.1
"637",2562195456,149946368,5531762688,315,80884,0,4357.1,3,2093.2,7029.3,7048.3
"638",2562195456,149946368,5531762688,331,80869,0,7178.6,3,1620,14046.7,7493.5
"639",2562195456,149946368,5531762688,346,80853,0,7192.7,4,1643.1,13688.8,7160.3
"640",2562195456,149946368,5531762688,354,80846,0,3588.1,3,1537.9,6842.8,14000.9
"641",2562195456,149946368,5531762688,372,80827,0,7178.8,20.2,4099.3,15547.4,10482.6
"642",2562195456,149946368,5531762688,323,80876,0,10413.6,4,2553.8,15093.5,6956.3
"643",2562195456,149946368,5531762688,331,80869,0,3583.8,2,1433.9,6836.3,10764.8
"644",2562195456,149946368,5531762688,346,80853,0,7187.8,3,1438.3,13679.4,13994.6
"645",2562195456,149946368,5531762688,361,80838,0,7194.7,3,1425.7,13688.4,3930.6
"646",2609905664,104333312,5541199872,373,80827,0,3611.9,9,3147.3,8424.3,11307.7
"647",2609905664,104333312,5541199872,315,80884,0,7999.2,4,1959.2,13780.5,10941.5
"648",2609905664,104333312,5541199872,331,80869,0,7182,3,1619.4,13707.3,6853.4
"649",2609905664,104333312,5541199872,338,80861,0,3595.9,3,1606,6838.9,10771.7
"650",2609905664,104333312,5541199872,354,80846,0,7208.2,4,1550.4,13685.3,6862.4
"651",2609905664,104333312,5541199872,373,80826,0,7237.2,9.2,4919.3,16150.1,4264
"652",2609905664,104333312,5541199872,381,80819,0,9959.2,3.9,2534.7,10535.5,14107
"653",2609905664,104333312,5541199872,396,80803,0,7183.3,3,1471.7,13678,13987.6
"654",2609905664,104333312,5541199872,411,80788,0,7183.3,3,1522.5,13688.7,7164.1
"655",2609905664,104333312,5541199872,419,80780,0,3592,3,1366.7,6837.8,10430
"656",2609905664,104333312,5537005568,438,80761,0,7217.1,7.1,3404.1,15406.2,14093.9
"657",2609905664,104333312,5537005568,323,80876,0,8002.2,3,1812.8,13447.3,6547.6
"658",2609905664,104333312,5537005568,331,80868,0,3599.1,3,1631.6,6684.3,6860.3
"659",2609905664,104333312,5537005568,346,80853,0,7195.8,3,1527.4,13341,9616.9
"660",2567962624,148897792,5537005568,362,80838,0,7173.2,2,1500.5,13372,6656.4
"661",2567962624,148897792,5537005568,373,80826,0,3623,10,4121.3,8701.7,10686.1
"662",2567962624,148897792,5537005568,316,80883,0,10606.9,4,2791.4,14946.2,13675.3
"663",2567962624,148897792,5537005568,331,80869,0,7172.1,4,1630,13988.1,3583.5
"664",2567962624,148897792,5537005568,338,80861,0,3592.6,2,1561.6,6747.5,7502.8
"665",2567962624,148897792,5537005568,354,80846,0,7178.8,3,1550.7,13471.5,6840.9
"666",2567962624,148897792,5551161344,373,80826,0,7207.5,5.9,2812.4,15007.8,7358.6
"667",2567962624,148897792,5551161344,381,80819,0,4427.9,3,1904,6933.8,6877.7
"668",2567962624,148897792,5551161344,396,80803,0,7208.6,3,1500.8,13974.2,13956.2
"669",2567962624,148897792,5551161344,411,80788,0,7405.6,3,1442.7,13646,3910.8
"670",2567962624,148897792,5551161344,419,80780,0,3589.9,2,1448.7,6830.1,6527.1
"671",2567962624,148897792,5551161344,437,80762,0,7235,22,5005.5,16306,11052.1
"672",2568486912,146276352,5550112768,324,80876,0,11390.3,3,3058.4,16845.7,4971.9
"673",2568486912,146276352,5550112768,331,80868,0,6207.4,3,1458.1,6822.5,6400.9
"674",2568486912,146276352,5550112768,347,80853,0,6977.6,4,1511.3,13674.6,7508.9
"675",2568486912,146276352,5550112768,362,80837,0,7191.1,3,1628.9,13685.5,6860.8
"676",2568486912,146276352,5550112768,374,80826,0,3952.6,3,2872.4,8502.6,7795.7
"677",2568486912,146276352,5550112768,316,80883,0,7863,3,2181.5,13489.3,14055.1
"678",2568486912,146276352,5550112768,332,80868,0,7230.1,3,1675.7,13658.4,10418.5
"679",2568486912,146276352,5550112768,339,80860,0,7175.3,3,1472.9,7155,6493.6
"680",2568486912,146276352,5550112768,355,80845,0,3590,4,1676.9,13332.9,10741.7
"681",2568486912,146276352,5550112768,374,80825,0,7232.1,12,4995.1,16602,8152.2
"682",2568486912,146276352,5551161344,382,80818,0,10463.5,4,1611.3,13716.5,6933.2
"683",2568486912,146276352,5551161344,397,80802,0,3590.9,3,1488.8,6832.3,10407.5
"684",2568486912,146276352,5551161344,412,80787,0,7198.4,5.1,1615,13666.3,11081.5
"685",2568486912,146276352,5551161344,420,80779,0,7184.9,3,1438.7,13682.2,6832.7
"686",2568486912,146276352,5551161344,439,80760,0,3630.3,6.1,3527.6,8686.8,8627.7
"687",2570584064,146276352,5551161344,324,80875,0,8061.7,2,1567.7,13712,6962.6
"688",2570584064,146276352,5551161344,332,80867,0,7183.3,4,1414.6,13699.3,6518.4
"689",2570584064,146276352,5551161344,347,80852,0,3585.4,2,1333.8,6842.4,13993.6
"690",2570584064,146276352,5551161344,363,80837,0,7190.9,3,1647.1,13689.2,7511.5
"691",2570584064,146276352,5551161344,373,80826,0,7302.2,16,5158.7,16055.2,7366.4
"692",2570584064,146276352,5480382464,389,80810,0,9858.1,2,2572.2,9918.8,10666.7
"693",2570584064,146276352,5480382464,405,80795,0,7197.2,3,1522.8,14193.8,7510.3
"694",2570584064,146276352,5480382464,412,80787,0,7186.1,3,1576.2,13666.4,3261.3
"695",2570584064,146276352,5480382464,427,80772,0,3581.5,3,1672.9,6844.8,10417.9
"696",2570584064,146276352,5480382464,446,80753,0,7369,6,3553.8,15459.6,11585.6
"697",2570584064,146276352,5480382464,316,80883,0,7962.1,3,1513.3,13697.1,3620.2
"698",2570584064,146276352,5480382464,331,80868,0,3592.6,2,1507.2,7189.4,10766.8
"699",2570584064,146276352,5480382464,346,80853,0,7192.8,4,1569.8,13689.5,9785.8
"700",2570584064,146276352,5480382464,354,80846,0,7187.9,3,1423.9,13698.5,3594.6
"701",2570584064,146276352,5552734208,370,80829,0,3679.7,21,4447.1,8833.6,11329.5
"702",2571632640,146276352,5552734208,322,80878,0,10268.4,3,2462.5,14980.9,10726.1
"703",2571632640,146276352,5552734208,329,80870,0,7183.7,3,1522.2,13691.3,3587.5
"704",2571632640,146276352,5552734208,344,80855,0,3833.5,3.9,1591.2,6844.7,7189.4
"705",2571632640,146276352,5552734208,359,80840,0,7193.1,3,1482.7,13679.1,9783.8
"706",2571632640,146276352,5552734208,370,80829,0,7277.2,14.9,3738.5,15394.2,4496.9
"707",2571632640,146276352,5552734208,313,80886,0,4766.4,3,1323.5,6844.3,13750.6
"708",2571632640,146276352,5552734208,328,80871,0,7172.9,3,1560.4,13684.1,10418.4
"709",2571632640,146276352,5552734208,335,80864,0,7210.1,2,1618,13677.8,3580.6
"710",2571632640,146276352,5552734208,350,80849,0,3591.4,3,1632.1,6845.9,7503
"711",2571632640,146276352,5548015616,369,80831,0,7499,15.2,5339.8,17211.4,11227
"712",2571632640,146276352,5548015616,312,80888,0,13141.3,3,1909.5,15638.5,3710.1
"713",2571632640,146276352,5548015616,327,80873,0,3498.3,2,1538,6848,14002.2
"714",2571632640,146276352,5548015616,342,80858,0,6831.2,3,1560.4,13682.1,9942.2
"715",2571632640,146276352,5548015616,349,80850,0,6844.1,3,1566.6,13689,6830.5
"716",2571632640,146276352,5548015616,368,80831,0,3681.3,8,3253.1,8847.1,11104.8
"717",2572681216,145227776,5548015616,319,80880,0,7445.4,5,1638.8,13764.8,14024.6
"718",2572681216,145227776,5548015616,327,80872,0,6937.9,3,1501.5,13671.1,3814.2
"719",2572681216,145227776,5548015616,342,80857,0,3500.1,3,1449,6833,6330.1
"720",2572681216,145227776,5548015616,358,80842,0,6949.8,3,1663.9,13684.1,13674.9
"721",2572681216,145227776,5557452800,369,80830,0,7291,11,4685.8,16893.5,8137.2
"722",2572681216,145227776,5557452800,385,80815,0,6519.6,3,1341.1,6845.2,10686
"723",2572681216,145227776,5557452800,400,80799,0,6977.4,3,1751.3,14185.2,7285.3
"724",2572681216,145227776,5557452800,408,80792,0,6964.7,3,1690.1,13702.8,3481.3
"725",2572681216,145227776,5557452800,423,80777,0,3553,2,1603.8,6843.7,13680
"726",2572681216,145227776,5557452800,442,80757,0,7521.8,11,3587.7,15479.4,8315.8
"727",2572681216,145227776,5557452800,314,80886,0,7654,4,1963,13810.8,6841.1
"728",2572681216,145227776,5557452800,329,80870,0,3583.2,3,1695.5,7252.3,14336.2
"729",2572681216,145227776,5557452800,344,80855,0,7159,4,1628.3,13699.5,10421.9
"730",2572681216,145227776,5557452800,352,80847,0,7152,3,1635.6,13695.3,3254.3
"731",2572681216,145227776,5554831360,370,80830,0,3789.7,11.2,5547.5,11762.3,8131.8
"732",2574778368,145227776,5554831360,323,80876,0,13204.5,4,2147,15555.2,10764.4
"733",2574778368,145227776,5554831360,331,80869,0,7141,3,1584.8,13690.1,6521.9
"734",2574778368,145227776,5554831360,346,80853,0,3586.1,4,1380.8,6848.8,6836.5
"735",2574778368,145227776,5554831360,360,80839,0,7164.6,4,1891,13685.2,10406.8
"736",2574778368,145227776,5554831360,372,80828,0,7695.8,5,3589.4,15491,7616.6
"737",2574778368,145227776,5554831360,316,80884,0,4145.6,3,1527.3,6844,7278
"738",2574778368,145227776,5554831360,331,80868,0,7156.4,3,1586.6,13688.5,7158.1
"739",2574778368,145227776,5554831360,339,80861,0,7469.1,3,1446.4,13684.6,6512.9
"740",2574778368,145227776,5554831360,354,80845,0,3576.2,3,1440.5,6860,6495.1
"741",2574778368,145227776,5561647104,373,80826,0,7707,11.1,4371.4,15697.9,11245.1
"742",2574778368,145227776,5561647104,316,80883,0,10225,-1,-1,-1,10508.2
"743",2574778368,145227776,5561647104,331,80868,0,3910.1,5,2148.8,14977.3,6845.9
"744",2574778368,145227776,5561647104,347,80853,0,6874.1,5,1423.2,7180.1,10104.7
"745",2574778368,145227776,5561647104,354,80845,0,7157.7,4,1306.9,13366.9,10748.9
"746",2574778368,145227776,5561647104,374,80826,0,4438.6,3,1400,13716.4,4508.6
"747",2577924096,143130624,5561647104,324,80875,0,7395.9,7,3578,9138,13695.8
"748",2577924096,143130624,5561647104,332,80868,0,7165.3,3,1630.4,13374.8,6833.6
"749",2577924096,143130624,5561647104,347,80852,0,7161.9,4,1568.8,13698.2,3577
"750",2577924096,143130624,5561647104,362,80837,0,3575.9,2,1425.1,13710.1,10426.7
"751",2577924096,143130624,5558501376,373,80826,0,7681,4,1727,6914.5,8153.3
"752",2577924096,143130624,5558501376,389,80810,0,13014.9,19,5459.6,19405.9,7225.4
"753",2577924096,143130624,5558501376,405,80795,0,3578.5,3,1623.3,14503.8,10756.3
"754",2577924096,143130624,5558501376,412,80787,0,7169,3,1344.9,6852.8,10106.8
"755",2577924096,143130624,5558501376,427,80772,0,7155.2,4,1565.7,13701.3,3243.5
"756",2577924096,143130624,5558501376,446,80753,0,4198.7,3,1715.6,13731.9,14148.8
"757",2577924096,143130624,5558501376,317,80883,0,7540.5,5.9,3231.9,8712,7228.2
"758",2577924096,143130624,5558501376,332,80867,0,7185.1,4,1969.4,14098.6,3916.4
"759",2577924096,143130624,5558501376,347,80852,0,3593.6,2,1406.8,13700.2,10440
"760",2577924096,143130624,5558501376,355,80845,0,7184.9,3,1542.4,6850.3,10425.2
"761",2577924096,143130624,5568462848,372,80827,0,7386.4,4,1550,13762,7154.7
"762",2580021248,142082048,5568462848,324,80875,0,4508.8,7.1,4289.1,15874.4,11007.1
"763",2580021248,142082048,5568462848,332,80867,0,9341.3,3,2203.4,8081.9,13363.4
"764",2580021248,142082048,5568462848,347,80852,0,7164.1,2,1397.7,13699.3,3581.8
"765",2580021248,142082048,5568462848,362,80837,0,3585.7,3,1388.1,13698.9,13686.4
"766",2580021248,142082048,5568462848,373,80826,0,7801,3,1615.2,6937.3,7917.6
"767",2580021248,142082048,5568462848,388,80811,0,7410.4,7.1,3467.3,15388.3,3264
"768",2580021248,142082048,5568462848,403,80796,0,3592.8,4,1603.8,13693.2,13688.7
"769",2580021248,142082048,5568462848,411,80789,0,7162.5,3,1537.6,6854.5,14009.4
"770",2580021248,142082048,5568462848,426,80773,0,7172.6,3,1525.4,13689.7,6842.4
"771",2580021248,142082048,5566365696,445,80754,0,4369.1,3.1,1565.2,13770.4,14971.3
"772",2580021248,142082048,5566365696,315,80884,0,12380,9.9,5919.4,12909.6,10394
"773",2580021248,142082048,5566365696,330,80869,0,7156.2,2,1476.7,13612.9,7113.5
"774",2580021248,142082048,5566365696,346,80854,0,3930.7,3,1679.6,13593.5,7474.6
"775",2580021248,142082048,5566365696,353,80846,0,7157.4,3,1660.5,6794.5,12928.8
"776",2580021248,142082048,5566365696,372,80827,0,7657.7,3,1559.8,13643.8,7956.8
"777",2583691264,139984896,5566365696,323,80876,0,3892.1,5.1,3289.5,15503.2,7158.5
"778",2583691264,139984896,5566365696,331,80869,0,7171.7,3,1473,6818,10392.9
"779",2583691264,139984896,5566365696,346,80854,0,7209,4,1615.6,13611.3,6445.6
"780",2583691264,139984896,5566365696,361,80838,0,3582.7,3,1652.8,13569,13917.4
"781",2583691264,139984896,5574230016,373,80827,0,7775.1,3,1796.3,6857.3,7957
"782",2583691264,139984896,5574230016,388,80811,0,9352.8,15.2,4596.3,17049.6,3586
"783",2583691264,139984896,5574230016,403,80796,0,3594.4,3,1369.7,14098.8,13219.5
"784",2583691264,139984896,5574230016,411,80788,0,7184.3,3,1527.5,6786.2,10387.2
"785",2583691264,139984896,5574230016,426,80773,0,7178.6,2,1633,13594.8,3909.4
"786",2583691264,139984896,5574230016,445,80754,0,4317.7,5,1769.6,13695.1,14990.6
"787",2583691264,139984896,5574230016,316,80884,0,7383.9,5.1,3621.9,8477.8,7223.9
"788",2583691264,139984896,5574230016,331,80868,0,7185.1,4,1531.6,13953.2,3916.3
"789",2583691264,139984896,5574230016,346,80853,0,3591.1,4,1666,13582.1,10335.2
"790",2583691264,139984896,5574230016,354,80846,0,7173.6,2,1397.5,6756.1,13793.4
"791",2583691264,139984896,5575278592,371,80829,0,7682.3,3,1895.5,13559.3,4534
"792",2586312704,139460608,5575278592,389,80811,0,9219.6,13.1,5316.8,18471.7,10408.5
"793",2586312704,139460608,5575278592,396,80803,0,7167.5,3,2100.4,7718.2,12857.5
"794",2586312704,139460608,5575278592,411,80788,0,7174.5,3,1662.5,13524.1,6754.1
"795",2586312704,139460608,5575278592,427,80773,0,3594.5,4,1466.7,13520,6512.6
"796",2586312704,139460608,5575278592,438,80761,0,7964.8,2,1804.4,6872.6,10589.9
"797",2586312704,139460608,5575278592,316,80883,0,7309.1,8.9,3495,15417.3,3263.1
"798",2586312704,139460608,5575278592,331,80868,0,3586,3,1746.8,13697.2,13369.3
"799",2586312704,139460608,5575278592,339,80860,0,7183.4,3,1572.1,6859.5,10428.2
"800",2586312704,139460608,5575278592,354,80845,0,7177.5,2,1496.5,13693.2,3584.8
"801",2586312704,139460608,5578424320,372,80827,0,4630,4,1884,13884.7,8734.7
"802",2586312704,139460608,5578424320,315,80884,0,9482.5,7.1,4473.3,10135.2,10423.5
"803",2586312704,139460608,5578424320,331,80869,0,7164.5,4,1625.7,13772.2,6851.2
"804",2586312704,139460608,5578424320,354,80846,0,7162.8,3,1600.9,6853.2,13374.1
"805",2586312704,137363456,5578424320,372,80827,0,7846.3,7.1,1811.8,13805.2,13367.1
"806",2586312704,137363456,5578424320,323,80876,0,3782.5,5.1,3241.5,15541.2,4669.7
"807",2586312704,137363456,5578424320,331,80869,0,7168.6,4,1670.8,7178.1,9777.3
"808",2586312704,137363456,5578424320,346,80853,0,7411.1,2,1679.6,13304.2,7493.1
"809",2586312704,137363456,5578424320,361,80838,0,3587.5,4,1546.4,13612.4,8591
"810",2586312704,137363456,5577900032,373,80827,0,8315.9,11,1946.4,7245.5,11817.3
"811",2586312704,137363456,5577900032,388,80811,0,12223.5,7.1,5572.6,19633.5,15408.5
"812",2586312704,137363456,5577900032,404,80796,0,3907.4,4,1551.3,14074.8,10360.2
"813",2586312704,137363456,5577900032,411,80788,0,6939.1,3,1387,13584.4,6784.8
"814",2586312704,137363456,5577900032,427,80773,0,7172.8,3,1563.7,6794.6,7162.9
"815",2586312704,137363456,5577900032,446,80754,0,4795.3,4,1860.2,13651.7,7219.9
"816",2586312704,137363456,5577900032,316,80883,0,6967.7,6.1,3340.6,15189.8,7218
"817",2586312704,137363456,5577900032,331,80868,0,7159.2,3,1437.7,7163.3,13922.4
"818",2586312704,137363456,5577900032,347,80853,0,7168.9,3,1534.7,13603.7,13256.4
"819",2586312704,137363456,5577900032,354,80845,0,3594.2,3,1585.6,13601.9,3579.4
"820",2582642688,139460608,5582094336,371,80829,0,7483.4,10,1772.4,6899.8,10048.4
"821",2582642688,139460608,5582094336,389,80811,0,8015.6,5,3655.1,15500.6,11093
"822",2582642688,139460608,5582094336,332,80868,0,5798.8,3,2531.8,14799.8,3478.5
"823",2582642688,139460608,5582094336,347,80853,0,7172.4,3,1722.1,6812.5,9713.2
"824",2582642688,139460608,5582094336,362,80837,0,7166.8,3,1536.1,13597.2,7155.7
"825",2582642688,139460608,5582094336,374,80826,0,4368.3,4,1819.8,13695.1,3589.7
"826",2582642688,139460608,5582094336,316,80883,0,7236.5,11.9,3246.7,8319.7,7224
"827",2582642688,139460608,5582094336,331,80868,0,7167.3,3,1689.4,13491,13478.4
"828",2582642688,139460608,5582094336,339,80860,0,3582.9,2,1511.9,13489.5,6734.2
"829",2582642688,139460608,5582094336,354,80845,0,7164.8,2,1524.9,6761,10648.2
"830",2582642688,139460608,5581045760,373,80826,0,8471.7,8.1,2208,13842.7,10002.8
"831",2587361280,137363456,5581045760,316,80883,0,8420.1,16,5524.4,19122.7,5029.9
"832",2587361280,137363456,5581045760,331,80868,0,7181.7,4,1345.7,6736.4,7498.2
"833",2587361280,137363456,5581045760,347,80853,0,7177.3,3,1557.3,13659.7,6846
"834",2587361280,137363456,5581045760,354,80845,0,3598.4,3,1483.5,13682.9,3267.4
"835",2587361280,137363456,5581045760,371,80828,0,8151.2,4,1923.9,6969.5,7188.2
"836",2587361280,137363456,5581045760,323,80877,0,7432.2,6.1,3393.2,15052.1,14056.7
"837",2587361280,137363456,5581045760,330,80869,0,3592.9,4,1424.7,13661.7,6817.2
"838",2587361280,137363456,5581045760,345,80854,0,7185.6,3,1587.2,6829.6,6858.1
"839",2587361280,137363456,5581045760,361,80839,0,7186.5,4,1586.5,13680.8,10749.9
"840",2587361280,137363456,5589434368,372,80827,0,4594.7,9,2302.3,14054,6860.9
"841",2587361280,137363456,5589434368,388,80812,0,9787,8,4305.1,9635.8,14312.6
"842",2587361280,137363456,5589434368,403,80797,0,7193.7,3,1390.7,14201.7,13382
"843",2587361280,137363456,5589434368,410,80789,0,3811.3,3,1543.3,13681.4,3271.6
"844",2587361280,137363456,5589434368,426,80774,0,7192.6,3,1535.4,6839.3,10435.9
"845",2587361280,137363456,5589434368,445,80755,0,7911,3.1,1970.4,14013.9,13646
"846",2587361280,137363456,5589434368,453,80747,0,3638.7,5,2803.4,15094.2,4256.2
"847",2587361280,137363456,5589434368,468,80732,0,7183.8,2,1665.7,7231.6,10748.6
"848",2587361280,137363456,5589434368,483,80716,0,7221.1,2,1593.6,13677.5,13337.7
"849",2587361280,137363456,5589434368,491,80709,0,3598.6,2,1513.5,13635.4,3915.3
"850",2582642688,138412032,5589434368,509,80690,0,8817.9,9,2540,7209.4,10421.8
"851",2582642688,138412032,5588910080,525,80674,0,11912.3,7.1,5021.2,18724.7,11621.5
"852",2582642688,138412032,5588910080,533,80667,0,3595.6,3,1706.6,13691.1,6851.7
"853",2582642688,138412032,5588910080,548,80651,0,7191.6,3,1367.6,6836.7,10431.7
"854",2582642688,138412032,5588910080,563,80636,0,7185.6,3,1509.4,13688.2,7507.2
"855",2582642688,138412032,5588910080,574,80626,0,4362.5,5.1,2066.4,14027.9,3272.4
"856",2582642688,138412032,5588910080,590,80609,0,7363.3,4,2794,8155.5,14332.5
"857",2582642688,138412032,5588910080,605,80594,0,7186.5,3,1583.8,13676.7,6855.3
"858",2582642688,138412032,5588910080,613,80587,0,3592.6,3,1415.4,13681.4,3918
"859",2582642688,138412032,5588910080,628,80571,0,7188.1,3,1625.3,6831.5,13332.5
"860",2582642688,138412032,5588910080,647,80552,0,8309.3,5.9,2019.3,14073.9,10459.9
"861",2582642688,138412032,5498732544,655,80544,0,5650.7,5.1,3930.7,16286.9,7507.9
"862",2582642688,138412032,5498732544,670,80529,0,7179.8,4,1453.5,6860.1,7501.9
"863",2582642688,138412032,5498732544,686,80514,0,7168.9,3,1499.4,13696.5,13362
"864",2582642688,138412032,5498732544,693,80506,0,3541.9,5,1564.6,13667,3579.5
"865",2582642688,138412032,5498732544,712,80487,0,7905.1,4,2264.2,7375,13663.9
"866",2541223936,142082048,5498732544,324,80876,0,7143.8,7,3340.2,14944.7,10670.4
"867",2541223936,142082048,5498732544,331,80868,0,3538.5,3,1473.4,13691.8,7174.9
"868",2541223936,142082048,5498732544,347,80853,0,7049.3,3,1452.4,6832.7,13333.4
"869",2541223936,142082048,5498732544,362,80837,0,7078.2,3,1421.7,13649.9,13312.8
"870",2541223936,142082048,5498732544,373,80826,0,4956.3,10.9,2663.7,14179.2,6873.9
"871",2541223936,142082048,5543821312,316,80884,0,11591.5,6.2,5494.1,12264.4,11768.1
"872",2541223936,142082048,5543821312,331,80869,0,7081.7,2,1509.5,14205.6,10998.8
"873",2541223936,142082048,5543821312,338,80861,0,3545.1,3,1434.1,13653.8,6821.5
"874",2541223936,142082048,5543821312,354,80846,0,7084.4,3,1654.1,7166.9,7731.4
"875",2541223936,142082048,5543821312,373,80827,0,7866.9,8.1,2403,14118,10411.6
"876",2541223936,142082048,5543821312,381,80819,0,3547.2,5,2490.2,14505.6,4414.2
"877",2541223936,142082048,5543821312,396,80803,0,7051.9,3,1461.3,10347.8,10034.5
"878",2506096640,179830784,5543821312,411,80788,0,7403.3,4,1648,10505.6,13633.6
"879",2506096640,179830784,5543821312,419,80780,0,3844.5,3,1625.7,13677.2,6796.9
"880",2506096640,179830784,5543821312,438,80761,0,7804,8.1,2598.3,14466.1,10412.5
"881",2506096640,179830784,5535432704,454,80746,0,9157.3,6,3608.3,9097.7,11162.4
"882",2506096640,179830784,5535432704,461,80738,0,3784.3,3,1536.2,13637,9983.8
"883",2506096640,179830784,5535432704,477,80723,0,6651.7,3,1530.4,13654.8,3798.6
"884",2506096640,179830784,5535432704,492,80708,0,6964.9,3,1382.4,6828.2,13316.9
"885",2506096640,179830784,5535432704,503,80696,0,7784.3,7,2376.3,14315.1,7647.5
"886",2506096640,179830784,5535432704,317,80883,0,3514.1,6.1,3113.4,14708.8,7128.8
"887",2506096640,179830784,5535432704,332,80868,0,6987.3,2,1701,6821.1,6659.9
"888",2506096640,179830784,5535432704,340,80860,0,7046.9,3,1631.8,13665.4,13650.8
"889",2506096640,179830784,5535432704,355,80845,0,3586,3,1557.9,13667.9,7157.2
"890",2506096640,179830784,5535432704,374,80825,0,9798.7,11,2991,7888.3,13435.4
"891",2523922432,166199296,5540675584,316,80883,0,10497.3,5.9,5325.7,18063.7,11086.1
"892",2523922432,166199296,5540675584,331,80868,0,3594.5,3,1415.4,13666.3,3253.7
"893",2523922432,166199296,5540675584,347,80853,0,7179.2,2,1576.9,6835.7,6853.2
"894",2523922432,166199296,5540675584,354,80845,0,7166.7,3,1549.5,13675.3,13660.7
"895",2523922432,166199296,5540675584,373,80826,0,4582.8,31.3,2497.4,14665.2,3318.2
"896",2523922432,166199296,5540675584,389,80811,0,7278.2,13.9,2674.1,7690.8,8034.6
"897",2523922432,166199296,5540675584,396,80803,0,7176.3,3,1626.6,13662.2,11072.6
"898",2523922432,166199296,5540675584,412,80788,0,3588.2,3,1471.5,13664.6,7151.2
"899",2523922432,166199296,5540675584,427,80772,0,7165.1,2,1518.4,6844.3,13977.7
"900",2523922432,166199296,5540675584,438,80761,0,8550.9,13,3171.3,14699,10778.3
"901",2523922432,166199296,5546442752,454,80746,0,5283.4,4.1,3223.4,15819.7,4332.9
"902",2523922432,166199296,5546442752,469,80730,0,7182.9,2,1420.4,7309,7179.6
"903",2523922432,166199296,5546442752,477,80723,0,7185.5,5,1469.7,13624.6,10067.7
"904",2523922432,166199296,5546442752,492,80707,0,3584.4,3,1584,13633.3,3589.2
"905",2523922432,166199296,5546442752,511,80689,0,8060,16,2528,7922.1,13414.1
"906",2513960960,173015040,5546442752,316,80883,0,7191.6,4,2725.2,14299.4,8489.8
"907",2513960960,173015040,5546442752,332,80868,0,3600.1,3,1664.7,13969.3,3902.4
"908",2513960960,173015040,5546442752,347,80853,0,7184.3,3,1689.1,6827.1,10413.5
"909",2513960960,173015040,5546442752,355,80845,0,7175.4,4,1431.3,13640.1,10730.8
"910",2513960960,173015040,5546442752,373,80826,0,5615.9,7,3245.4,15051.6,3713.8
"911",2513960960,173015040,5549064192,389,80810,0,11295.9,7,3849.8,10876.9,11127.7
"912",2513960960,173015040,5549064192,397,80803,0,7192.6,3,1518.4,13625.8,11051.5
"913",2513960960,173015040,5549064192,412,80787,0,3960.6,3,1475.3,13634.8,3593.5
"914",2513960960,173015040,5549064192,427,80772,0,7191.9,3.9,1585,6812.5,9760.7
"915",2513960960,173015040,5549064192,431,80768,0,8097.7,5.1,2820,14945.2,7389.8
"916",2513960960,173015040,5549064192,317,80883,0,3615,3.1,2537,14005.5,4404.4
"917",2513960960,173015040,5549064192,332,80867,0,7190.5,3.9,1346,6806.2,6879.6
"918",2513960960,173015040,5549064192,340,80860,0,7235.8,3,1647.6,13639.6,6555.6
"919",2513960960,173015040,5549064192,355,80845,0,3591,3,1498.7,13614.5,6817
"920",2513960960,173015040,5546967040,374,80825,0,10192.1,17.2,3379.4,8498.3,10957.2
"921",2509766656,176160768,5546967040,317,80883,0,7172.3,3,3232.6,15190.1,10604.1
"922",2509766656,176160768,5546967040,332,80867,0,3604.7,3,1454.5,13638.3,6817.6
"923",2509766656,176160768,5546967040,347,80852,0,7202.3,3,1475.3,6818.5,7200.3
"924",2509766656,176160768,5546967040,355,80844,0,7157.9,3,1404.9,13641.1,10736.8
"925",2509766656,176160768,5546967040,374,80825,0,4552.1,8.1,2900.5,14956.5,3414.2
"926",2509766656,176160768,5546967040,325,80875,0,7165,3,2139.9,7322.9,8146.3
"927",2509766656,176160768,5546967040,332,80867,0,7160.5,3,1539.4,13648.8,9746.9
"928",2509766656,176160768,5546967040,348,80852,0,3589,2,1650.1,13671,6831.6
"929",2509766656,176160768,5546967040,363,80837,0,7148,3,1482.4,6832.1,13646.2
"930",2509766656,176160768,5546967040,374,80825,0,11333.5,13.1,3627.5,14954.6,7404.4
"931",2509766656,176160768,5549064192,317,80882,0,5894.7,8.1,3857.1,17702,4153.8
"932",2509766656,176160768,5549064192,333,80867,0,7163.6,3,1505.5,7282.6,13959.9
"933",2509766656,176160768,5549064192,340,80859,0,7155.6,11.1,1470.7,13651.1,6824.7
"934",2509766656,176160768,5549064192,354,80845,0,3573.1,3,1820.2,13647.6,3898.9
"935",2509766656,176160768,5549064192,373,80826,0,8071,7,2790.6,8085.8,14248.1
"936",2509766656,177209344,5549064192,316,80883,0,7159,9.1,2442.3,14189.7,11178.2
"937",2509766656,177209344,5549064192,331,80868,0,3558.5,3,1662.5,14003.6,3244.6
"938",2509766656,177209344,5549064192,347,80853,0,7141.5,3,1644.6,7140.1,13611.2
"939",2509766656,177209344,5549064192,354,80845,0,7150.6,8.9,1627.3,13284.4,13274.3
"940",2509766656,177209344,5549064192,373,80826,0,4609.8,26.5,3522.2,15273.1,6731.4
"941",2509766656,177209344,5552734208,324,80875,0,9260.1,4,3235.1,12583.3,14219.4
"942",2509766656,177209344,5552734208,332,80868,0,7150.4,3,1489.5,10057.4,10052.8
"943",2509766656,177209344,5552734208,347,80853,0,3576.1,9,1477.3,13620.8,6808
"944",2509766656,177209344,5552734208,362,80837,0,7151.6,3,1596.3,13634.9,10713.6
"945",2509766656,177209344,5552734208,374,80826,0,8035.4,6.1,2843.4,8141.7,13652.8
"946",2509766656,177209344,5552734208,389,80810,0,3581.6,4,2368.4,14127.6,3625
"947",2509766656,177209344,5552734208,404,80795,0,7154.6,4,1491,13634.7,10072.3
"948",2509766656,177209344,5552734208,412,80787,0,-1,4,1528.9,6813.7,13295.4
"949",2509766656,177209344,5552734208,427,80772,0,7418.1,2,1613.1,13653.1,7475.6
"950",2504523776,176160768,5554831360,446,80753,0,3914.1,27.7,4051.7,15549.6,7510.1
"951",2504523776,176160768,5554831360,454,80745,0,8543.3,5.1,3298.2,10914.1,10543.9
"952",2504523776,176160768,5554831360,470,80730,0,11381.5,3,1541.9,13643.9,10728.2
"953",2504523776,176160768,5554831360,485,80715,0,3910.8,3,1542.9,13643.3,3245.7
"954",2504523776,176160768,5554831360,492,80707,0,6932,3,1540,6827.5,10390.4
"955",2504523776,176160768,5554831360,511,80688,0,7172.3,15,2843.4,15239.9,8174.5
"956",2504523776,176160768,5554831360,324,80875,0,8095.1,5.1,2512.6,14062.7,4411
"957",2504523776,176160768,5554831360,332,80867,0,3576.9,3,1529.9,6824.8,9741.4
"958",2504523776,176160768,5554831360,347,80852,0,7162.4,4,1443.8,13656.7,9747.1
"959",2504523776,176160768,5554831360,363,80837,0,7161.9,2,1418.6,13646.5,3248
"960",2504523776,176160768,5554831360,374,80825,0,3597.8,28.7,3254.9,8432.3,14069.6
"961",2502426624,182452224,5558501376,390,80810,0,10458.2,7,2808.2,15909.2,11145.9
"962",2502426624,182452224,5558501376,405,80795,0,7154.9,3,1588.6,14186.9,6814.2
"963",2502426624,182452224,5558501376,412,80787,0,3575.1,3,1498.4,6828.8,10066.1
"964",2502426624,182452224,5558501376,427,80772,0,7153.4,3,1425.4,13653.6,13314.4
"965",2502426624,182452224,5558501376,446,80753,0,7176.8,5.1,3080.6,15651.1,7121.4
"966",2502426624,182452224,5558501376,454,80745,0,4599.3,3,1883.2,7106.3,11502.4
"967",2502426624,182452224,5558501376,468,80732,0,7170.4,4,1872.5,13978.1,10069.3
"968",2502426624,182452224,5558501376,483,80716,0,7148.8,4,1593.2,13653.4,6497.8
"969",2502426624,182452224,5558501376,490,80709,0,3576.6,4,1585.8,6822,13632.3
"970",2502426624,182452224,5558501376,509,80690,0,7214.7,7.1,4447.1,16101.3,7667.4
"971",2502426624,182452224,5559549952,525,80675,0,12636.4,5,3151.8,17213.7,7799.5
"972",2502426624,182452224,5559549952,532,80667,0,4258.1,3,1566.6,6825.9,13969.8
"973",2502426624,182452224,5559549952,547,80652,0,7161,4,1402,13666.9,10403.3
"974",2502426624,182452224,5559549952,563,80637,0,7162,4,1441.5,13648.6,3579.6
"975",2502426624,182452224,5559549952,574,80625,0,3601.2,7.1,2802.6,8450.5,10853.2
"976",2487746560,178257920,5559549952,314,80885,0,8287.9,5.1,2801.4,14013.7,10592.8
"977",2487746560,178257920,5559549952,329,80870,0,7157.3,4,1778.5,13659.5,3249.6
"978",2487746560,178257920,5559549952,337,80863,0,3584.5,3.9,1630.6,6827.5,13323.2
"979",2487746560,178257920,5559549952,351,80848,0,7159.9,3.1,1438.8,13655.5,6509.7
"980",2487746560,178257920,5559549952,369,80830,0,7179.7,13.1,4452,16942.9,7696
"981",2487746560,178257920,5559549952,377,80823,0,7134.3,3,1705.8,6994.7,13559.2
"982",2487746560,178257920,5559549952,390,80810,0,7165.2,3,1577.6,13652.3,6834.1
"983",2487746560,178257920,5559549952,404,80796,0,7167.7,3,1504,13648.9,6495
"984",2487746560,178257920,5559549952,411,80788,0,3882.9,2,1631.6,6833.1,6839.7
"985",2487746560,178257920,5549064192,430,80769,0,7207.5,14.1,2769.5,15186.9,11271
"986",2487746560,178257920,5549064192,316,80883,0,8130.8,3,2186.3,14176,3638
"987",2487746560,178257920,5549064192,324,80876,0,3609.1,4,1663.4,6827.2,6833.5
"988",2487746560,178257920,5549064192,339,80861,0,7161.2,3,1442.6,13675.4,10751.5
"989",2487746560,178257920,5549064192,354,80845,0,7195.3,3,1546.3,13669.9,3909.8
"990",2487746560,178257920,5549064192,366,80834,0,3636.2,19.6,5259.8,10272.4,8248.2
"991",2472017920,197132288,5549064192,309,80891,0,13221.2,3,2337,15889.6,10988.4
"992",2472017920,197132288,5549064192,324,80875,0,7177.1,4,1615.5,14224.6,3261.6
"993",2472017920,197132288,5549064192,332,80868,0,3596.6,4,1454.7,6840.2,10750
"994",2472017920,197132288,5549064192,347,80853,0,7158.1,3,1341.7,13688.7,10402.7
"995",2472017920,197132288,5554307072,366,80834,0,7163.3,9.1,3101,15538.8,4042.9
"996",2472017920,197132288,5554307072,373,80826,0,4721.3,4,1852.5,7012.6,10966.3
"997",2472017920,197132288,5554307072,388,80811,0,7136.2,3,1519.3,14055,13331.4
"998",2472017920,197132288,5554307072,404,80796,0,7137,3,1493.4,13678.6,3891.5
"999",2472017920,197132288,5554307072,411,80788,0,3567.5,3,1441.7,6841.9,13998.2
"1000",2472017920,197132288,5554307072,429,80770,0,7149.2,8,4534.1,16080.8,14445.9
"1001",2472017920,197132288,5554307072,444,80755,0,10564.5,4,2317.8,15099.5,7504.9
"1002",2472017920,197132288,5554307072,452,80747,0,3574.7,3,1476.3,7162.8,7467.2
"1003",2472017920,197132288,5554307072,467,80732,0,7156.9,3,1670.2,13329.7,7140.4
"1004",2472017920,197132288,5554307072,482,80717,0,7143.9,3,1685.8,13679.4,3894.4
"1005",2472017920,197132288,5526519808,494,80706,0,3592.4,6.1,3262.1,9305.7,15333
"1006",2487746560,184549376,5526519808,314,80886,0,8422.2,3.1,2262.4,13216.3,7224.3
"1007",2487746560,184549376,5526519808,329,80871,0,7133.3,3,1621.6,13682.9,3240.8
"1008",2487746560,184549376,5526519808,337,80863,0,3575.9,3.9,1517.3,13679.1,7471.8
"1009",2487746560,184549376,5526519808,352,80848,0,7144,4,1414.4,6838.5,10080.7
"1010",2487746560,184549376,5526519808,371,80828,0,7188.7,12,5081.2,17128.1,4295.7
"1011",2487746560,184549376,5526519808,379,80821,0,10135.2,3.1,2142.2,15990.7,10787.4
"1012",2487746560,184549376,5526519808,394,80805,0,7176,4,1385.2,6834.9,10711
"1013",2487746560,184549376,5526519808,409,80790,0,7127.8,3,1578.5,13680.8,6837.8
"1014",2487746560,184549376,5526519808,417,80782,0,3571.6,2,1483.2,13664.8,10715.3
"1015",2487746560,184549376,5540675584,435,80765,0,7148.4,19.2,3160,8570,11714.2
"1016",2487746560,184549376,5540675584,322,80877,0,8167.3,4,2429.7,13990.7,8106.6
"1017",2487746560,184549376,5540675584,330,80869,0,3575.4,3,1678.7,13656.3,10394.5
"1018",2487746560,184549376,5540675584,345,80854,0,7135.8,2,1588,6830.3,7122.9
"1019",2487746560,184549376,5540675584,360,80839,0,7434.6,4,1475.1,13662.2,6824.4
"1020",2487746560,184549376,5540675584,372,80827,0,3942.3,21,4510.2,17196.4,11186.3
"1021",2484076544,190840832,5540675584,315,80884,0,9956.5,4,1963.3,6946.1,13784.9
"1022",2484076544,190840832,5540675584,331,80869,0,7154.2,3,1528.9,14226,10398.3
"1023",2484076544,190840832,5540675584,338,80861,0,5162.9,2,1568.7,13663,6826.1
"1024",2484076544,190840832,5540675584,354,80846,0,5572.3,4.1,1707.3,6846.6,6805.1
"1025",2484076544,190840832,5530714112,394,80805,0,11245.2,11,3172.4,20895.9,22599.9
"1026",2484076544,190840832,5530714112,408,80791,0,11099.9,3,1534.6,17008.9,8568
"1027",2484076544,190840832,5530714112,437,80763,0,5287.7,2,1515.4,8882.4,11776
"1028",2484076544,190840832,5530714112,465,80734,0,10547.5,2,1480.6,17081.6,13807.3
"1029",2484076544,190840832,5530714112,479,80720,0,10552.9,2,1515.3,17068.5,3242.2
"1030",2484076544,190840832,5530714112,510,80689,0,5364.8,16.3,4888.7,11876.4,12748.2
"1031",2480930816,188219392,5535956992,420,80779,0,16137.1,5,2929.6,23121.1,23732.9
"1032",2480930816,188219392,5535956992,461,80739,0,12827,3.1,1913.9,30397.8,15210.4
"1033",2480930816,188219392,5535956992,542,80658,0,20646.7,5,1883.3,15206.5,18461
"1034",2480930816,188219392,5535956992,623,80577,0,23942.2,3.1,1898.8,30446.9,18462.5
"1035",2480930816,188219392,5535956992,663,80536,0,24055.6,10.2,3108.8,32201.8,3337
"1036",2475163648,193986560,5520752640,748,80451,0,14565.5,4,2756.8,17494.8,21320.4
"1037",2475163648,193986560,5520752640,800,80399,0,26831.6,2.1,2385.4,41628.1,24388.1
"1038",2475163648,193986560,5520752640,874,80325,0,23732,3,2399.2,47517.8,37782.5
"1039",2475163648,193986560,5520752640,1022,80178,0,37773.1,2,2391.7,23700.1,23759.2
"1040",2475163648,193986560,5520752640,1169,80030,1,41107.8,9,4641.7,48505.9,27094.4
"1041",2341470208,193986560,5530189824,1244,79955,0,24252.6,5.1,2667.6,50521.3,5055.6
"1042",2211971072,293076992,5530189824,1394,79805,0,41028.4,5,2930.2,27808.6,67848.2
"1043",2211971072,293076992,5370806272,1478,79721,0,43664.9,4.1,2765.4,48577.8,26963.3
"1044",2211971072,293076992,5370806272,1558,79642,0,24133.5,3,2498,50324.4,61483.1
"1045",2211971072,293076992,5370806272,1717,79482,1,40730.8,6.1,3291,25917.5,50545.3
"1046",1999110144,422051840,5450498048,1877,79323,0,44314.2,5.1,3066.5,52241.3,47349.5
"1047",1872756736,441974784,5266997248,1960,79240,0,28721.7,3.1,3048.3,55835.2,68901.6
"1048",1766326272,506462208,5339873280,2104,79121,0,42990.7,4.1,2810.2,26853.2,69876.6
"1049",1766326272,506462208,5339873280,2228,78972,0,46922.2,2,2884.5,59996.8,6510.3
"1050",1766326272,506462208,5339873280,2344,78855,1,32125,44.9,5785.1,40344.8,54567.2
"1051",1391984640,710410240,5215092736,2570,78629,1,48538.6,22.7,3457.7,59652.1,59008.9
"1052",1354235904,581435392,5573705728,2692,78482,0,66910.7,18.4,4270.2,69556.6,37608.6
"1053",1013972992,927465472,5059903488,2892,78307,0,34906.1,4,2822.9,67554.8,65882.3
"1054",1842872320,105906176,5059903488,2964,78235,0,57171.4,3.1,2855,33258.9,34986.1
"1055",1842872320,105906176,5647630336,3126,78074,1,53714.9,44.9,3504.1,57128.4,64794.3
"1056",1260388352,821559296,5621415936,3238,77961,1,35444.7,38,2319,56326,53656.2
"1057",1333264384,769130496,5599920128,3421,77779,0,40895.9,5.1,2598.8,33596.5,74676.5
"1058",1356857344,760741888,5661261824,3584,77615,0,54485.5,2,2412.2,58731.7,54168.8
"1059",1392508928,739770368,5661261824,3696,77503,0,50133.2,15.3,2577.2,57255.4,46215
"1060",1392508928,739770368,5656018944,3625,77575,1,24926.5,48.5,4467.8,30342.9,80069.8
"1061",1475870720,699924480,5699010560,3779,77421,1,53832,7.1,2657,60011,47054.9
"1062",1549795328,664272896,5699010560,3930,77270,0,30664.8,4,2743.1,66193.1,43899.2
"1063",1598554112,649068544,5727322112,4138,77061,0,60421.7,7.1,2702,35177.7,36922.2
"1064",1598554112,649068544,5727322112,3875,77324,0,57470.5,6.2,3105.5,63415.1,84317.7
"1065",1598554112,649068544,5302124544,3984,77216,1,32805,55.4,3390.1,66845.7,58571.4
"1066",1724907520,579862528,5715263488,4207,76992,1,56613,-1,-1,-1,64219.4
"1067",1821376512,532152320,5753012224,4377,76822,0,62204,6.2,2945.8,33165.3,67767.5
"1068",1912078336,474480640,5753012224,4543,76656,0,64852.5,89.1,3008.5,71454.6,59738.1
"1069",1912078336,474480640,5748293632,4085,77115,0,30001.5,16.3,2900.3,68943.5,63113.1
"1070",1912078336,474480640,5748293632,4253,76947,1,60061.2,3.1,2804.4,33907.5,89722
"1071",1974468608,447217664,5762973696,4415,76785,1,61214.4,18,5835.8,67653.1,33144.7
"1072",1995440128,441450496,5831131136,4636,76564,0,32576.5,7.2,2875.9,68015.8,89776.7
"1073",2047868928,408420352,5834801152,4806,76367,0,64205.6,5.1,2937.4,42421.3,40044.5
"1074",2047868928,408420352,5834801152,4289,76911,0,62093.1,3.1,2869.2,66243.2,59418.5
"1075",2047868928,408420352,5852102656,4471,76729,1,31982.2,3,3418.1,69444.8,63689.7
"1076",2084044800,383778816,5848956928,4657,76542,1,45308.4,39.8,3480.5,43029.5,42329.4
"1077",2089811968,395313152,5889851392,4872,76327,0,55316.8,36.4,4965.3,48697.1,38855.5
"1078",2106064896,378011648,5889851392,5138,76061,0,68754.5,17.7,6935,50852.6,113678
"1079",2106064896,378011648,5904531456,5325,75875,0,66646.9,3,3254.5,86826.1,9694.9
"1080",2106064896,378011648,5904531456,4652,76547,1,65746.9,3.1,3000,67054,62209.8
"1081",2153250816,302514176,5911347200,4867,76333,1,31044.5,34,4993.2,71921.8,84914.7
"1082",2062024704,407371776,5923930112,5041,76159,1,51330.2,72,2729.7,38263,79755.8
"1083",2110783488,380108800,5923930112,5166,76033,0,51338.5,7.2,2451.8,57701.3,6603.2
"1084",2138046464,372244480,5923930112,5368,75832,0,31265.9,8.1,2675.2,67676.9,62695.6
"1085",2138046464,372244480,5923930112,5544,75655,0,54155.2,3.1,2789.2,43797.8,61118
"1086",2138046464,372244480,5964824576,4853,76346,1,57092.6,14.4,4072,60416.4,54895.6
"1087",2176843776,346030080,5956960256,5082,76117,1,32411.1,5,2530.7,64548.9,61661
"1088",2220359680,319291392,5994184704,5259,75940,0,67650,6.1,2567.7,39223.3,48234.1
"1089",2226126848,323485696,5987368960,5430,75770,0,68148.6,40.4,3067.8,67162.1,12006.3
"1090",2226126848,323485696,5987368960,4841,76358,1,32883.5,7.2,3072.4,68049.3,63660.7
"1091",2238709760,313524224,7147618304,5021,76178,1,64596.7,17,5686.3,43035.2,96205.7
"1092",2257584128,300941312,7147618304,5193,76006,1,60246.5,7.1,2936.4,67143.3,69352.7
"1093",2252341248,304611328,7152336896,5428,75771,0,37902.4,31.6,2892.9,73682.6,41077.3
"1094",2252341248,304611328,7152336896,5608,75591,0,61862.5,32.7,3043.2,50332.2,71856.9
"1095",2252341248,304611328,7162822656,4892,76308,1,62764.7,4.1,2995.5,68861,13048
"1096",2192048128,341311488,7171211264,5112,76088,1,33824,16.3,4136,71507.8,27716.8
"1097",2256011264,290979840,7174881280,5284,75916,1,58073.8,18.2,4395,37113,86792.5
"1098",2229796864,316145664,7187988480,5447,75753,0,63838.1,4.1,2515.4,60310.7,14181.4
"1099",2229796864,316145664,7187988480,5670,75529,0,35258.3,3.1,2774,68728.1,32546.7
"1100",2204631040,317194240,7192707072,4900,76299,1,58815.5,6.1,2918.4,39329.4,39659.8
"1101",2269118464,244842496,7197949952,5078,76121,1,62965.1,14.1,4461.8,63696.1,6615.6
"1102",2177368064,349175808,7197949952,5321,75879,0,35763,7.1,3434.8,73896.7,127071.1
"1103",2187853824,336592896,7204241408,5519,75680,0,63265.6,6.1,3090.1,48171.3,118749.5
"1104",2189950976,338690048,7204241408,5686,75514,0,63858.4,4.1,3199.5,71239.8,10222.8
"1105",2189950976,338690048,7204241408,4888,76311,1,36728.7,18.9,3821.7,76106.3,91978
"1106",2245525504,264765440,7114063872,5051,76148,1,56250.8,11.2,3238.2,41280.4,64042.2
"1107",2439512064,74973184,7083130880,5208,75992,0,58371.5,5.1,2316.5,56826.1,15583.2
"1108",2175795200,348651520,7083130880,5423,75777,0,38554.3,4,2482.6,67371.3,89395.3
"1109",2175795200,348651520,7102005248,5587,75587,0,57435.8,5.2,2698.2,45128.1,36636.2
"1110",2180513792,338690048,7102005248,4904,76296,1,58879.4,7.1,2803.7,59005.6,13485.4
"1111",2180513792,338690048,7111442432,5131,76069,1,37746.4,11.2,5604.5,68264.8,33031.5
"1112",2217738240,327680000,7126122496,5305,75894,0,59998.9,4.1,2911.1,39976.1,96003.4
"1113",2249195520,303038464,7113539584,5477,75722,0,69510.7,6.2,3027.4,65075.6,16564.7
"1114",2250244096,310902784,7113539584,5708,75491,0,36422.4,5.2,2951.7,73723.8,60080.6
"1115",2250244096,310902784,7133986816,4859,76340,1,62006.7,3.1,3441.3,42369.9,126542.1
"1116",2258108416,301989888,7137132544,5066,76134,1,61064.3,10.3,3543.4,65151.3,37074.6
"1117",2262302720,303038464,7157579776,5306,75894,0,33820.7,4.1,3076,74326.4,68357.2
"1118",2282225664,289406976,7157579776,5491,75708,0,65802.9,24.2,3185.5,60757,49456.5
"1119",2283798528,291504128,7164919808,5668,75531,0,61639.2,4.1,3158.4,61988.3,36980.4
"1120",2283798528,291504128,7164919808,4911,76288,1,34139.9,4.1,3310.5,75343.8,37124.7
"1121",2138570752,287834112,7183269888,5073,76127,1,57283.6,34.7,4616.8,50529.1,45398.2
"1122",2011693056,436731904,7208960000,5289,75910,1,59832.9,12.2,4005.9,48390.4,6504.4
"1123",2082471936,374865920,7214727168,5508,75692,0,37551.9,17.2,2586.6,65737.8,91036.1
"1124",2068840448,405798912,7214727168,5675,75524,0,60506.1,18.2,2704.4,70161.5,87192.4
"1125",2068840448,405798912,7214727168,4939,76260,1,62259.3,4.1,3123.3,35723.2,9875.5
"1126",2120220672,361234432,7193231360,5156,76043,1,49451.4,8.2,3591,64289.6,28302.4
"1127",2177892352,331874304,7210532864,5344,75856,1,32807.8,8.2,2624,63281.2,82351.3
"1128",2157445120,353370112,7196901376,5480,75719,0,57835.3,3,2831.7,45192.5,63084.7
"1129",2157445120,353370112,7205814272,5693,75506,0,54075.4,3,2879.4,74345.3,57915.7
"1130",2157445120,353370112,7205814272,4810,76389,1,26581.8,6.2,2922,56059.2,29620.2
"1131",2125463552,371720192,7202668544,4951,76248,1,39300.7,15.2,5402.5,50485.4,15422.6
"1132",2163736576,342360064,7212105728,5224,75976,0,43686.8,6.1,2870.9,67038.8,55179.8
"1133",2160066560,357040128,7212105728,5424,75775,0,89497.8,46.9,3207.2,70352.1,81216.3
"1134",2163212288,346030080,7219445760,4679,76521,0,69108.9,44.4,2974.9,38532.6,37543
"1135",2163212288,346030080,7219445760,4911,76289,1,47081.1,4.1,3563.9,68078.2,35986.1
"1136",2269642752,235405312,7230980096,5084,76091,1,45875.4,10.3,3501.3,72534.1,39190.8
"1137",2408579072,105906176,7048527872,5251,75948,1,56895,8.1,3069,42498.3,37820.6
"1138",2179989504,348651520,7048527872,5480,75719,0,63704.2,6.2,2908,68827.6,35254
"1139",2179989504,348651520,7233601536,5655,75544,0,32771.6,18.2,2984.1,78628.4,42410.1
"1140",2173173760,334495744,7233601536,4912,76288,1,57774.6,4.1,3329.1,45116.6,89310.6
"1141",2165833728,353370112,7232552960,5157,76043,1,42096.8,9.1,4799.5,64720.7,97778.4
"1142",2366636032,164626432,7396655104,5343,75857,0,61693.8,24,3082.7,69540.8,13501.1
"1143",2205679616,331874304,7396655104,5525,75675,0,74573.5,2,2957.5,46409.4,100922.2
"1144",2210398208,325582848,7406616576,5770,75430,0,39024.4,4.1,3078.7,67617.4,4073.3
"1145",2210398208,325582848,7406616576,4901,76298,1,67309.1,4.1,3351.3,71822.5,34018.9
"1146",2188902400,327155712,7423918080,5086,76114,1,57132.9,8.2,3611.7,41291.6,79773
"1147",2181562368,347078656,7280787456,5292,75908,1,52048.8,35.1,3619.8,50451.5,3202.4
"1148",2221408256,326631424,7422869504,5606,75593,0,57046,6.1,2873.8,46947,93669.4
"1149",2221408256,326631424,7422869504,4886,76313,1,52951.6,3.1,2963.5,63381.1,16036.9
"1150",2223505408,315097088,7313817600,5049,76150,1,31057.5,9.2,5330.9,67617.6,26595.2
"1151",2223505408,324534272,7416053760,5210,75990,1,60510,5.1,2625.5,40740,9682.4
"1152",2232942592,315097088,7416053760,5428,75772,0,63520.3,93,2320.9,56990.5,87320.1
"1153",2231894016,315097088,7418675200,5597,75578,0,39036.2,83,2749.6,71294.7,43183.9
"1154",2231894016,315097088,7418675200,5758,75442,0,58557.2,31.6,2876.3,43384.3,64471.6
"1155",2221932544,316145664,7419199488,5112,76087,1,59959.8,8.2,3801.1,58756.6,34067.3
"1156",2278031360,249036800,7259291648,5278,75897,1,30396.6,7.1,2488.6,68367.3,13020.9
"1157",2195718144,336068608,7426539520,5439,75760,0,56943.3,3.1,2603.2,41736.7,6484.5
"1158",2414870528,121634816,7426539520,5659,75541,0,60046.1,15.2,2827,67729.5,40863.5
"1159",2414870528,121634816,7426539520,4779,76421,1,31783.8,3.1,3329.6,71110,39591.2
"1160",2206728192,326631424,7349469184,4919,76281,1,29710.2,27,4549.5,40408.3,57801.2
"1161",2226651136,318242816,7429160960,5172,76027,1,88877.7,71,2715.3,61201.5,78500.6
"1162",2227699712,318242816,7429160960,5324,75849,0,39357,14,2775,68768.4,50116.2
"1163",2227699712,318242816,7429160960,5521,75679,0,62632.7,8.2,2915.6,47306.5,90853.8
"1164",2273312768,287834112,7423918080,5749,75450,0,63960,4.1,3118.5,64747.2,37250.6
"1165",2273312768,287834112,7423918080,5045,76154,1,34926.8,6.2,3796.2,68646.9,33598.4
"1166",2233466880,301989888,7341080576,5135,76065,1,46278.2,5,2049.2,35829.4,34449.6
"1167",2463629312,63438848,7382499328,5311,75888,0,49972.4,5.1,2002,50137,98582.3
"1168",2463629312,63438848,7356809216,5489,75710,0,31909.9,6.1,2544.9,63093.5,60608.8
"1169",2201485312,336068608,7356809216,4604,76596,1,45253.6,23.5,2846.1,39673.9,53504.1
"1170",2211971072,325582848,7373586432,4825,76374,1,60292.2,10.9,5678.5,56525.1,30811.9
"1171",2215641088,325582848,7376732160,5013,76186,1,34313.7,5.2,3061.5,75239.8,72027.8
"1172",2227175424,321912832,7390363648,5196,76004,0,61542,7,3177,47047.6,90967.2
"1173",2227175424,321912832,7413432320,5444,75756,0,63980.1,6.2,3267.7,73529.4,132468.8
"1174",2222456832,314048512,7413432320,5632,75568,0,36738.3,11.2,3680,77702.9,34311.5
"1175",2222456832,314048512,7413432320,4830,76370,1,56329.3,5.1,3310.2,45410.5,69128
"1176",2154823680,353370112,7408713728,5013,76186,1,53262.4,5.1,2538.5,52474.7,100908.5
"1177",2423783424,91226112,7408713728,5197,76002,0,32634.5,6.1,2220,55983.5,9787.5
"1178",2175795200,348127232,7246184448,5291,75908,0,52441.6,15.3,2824.7,60573,34738
"1179",2175795200,348127232,7246184448,4608,76592,1,53947,5.1,2715.9,29945.2,51998.2
"1180",2177368064,339214336,7418150912,4790,76410,1,33769.1,14.3,4828.9,65141,9819.8
"1181",2208301056,323485696,7411859456,4964,76235,0,57537.7,8.2,2942.4,43034.9,33279
"1182",2217213952,331350016,7413432320,5205,75995,0,66139.1,35.4,3007.9,70479.3,69372.1
"1183",2270691328,293076992,7413432320,5388,75811,0,34733.2,40.8,3114.9,77604.9,10941.8
"1184",2270691328,293076992,7413432320,4692,76508,1,59514.2,4.1,3624.7,46016.5,7187.1
"1185",2217213952,299368448,7413432320,4908,76292,1,58922.7,5.1,3197.2,63702.4,36627.2
"1186",2145386496,365428736,7416578048,5070,76130,1,32559.8,59.6,2406.3,63062.4,31552.3
"1187",2202009600,321388544,7416578048,5226,75973,0,57465.6,89.1,2294.3,63206.1,79333.1
"1188",2202009600,321388544,7416578048,5441,75759,0,64200.4,23.2,2705.9,40524.3,39131.5
"1189",2197291008,339738624,7413956608,4635,76564,1,34652.5,7,3485.3,68246.1,67080.2
"1190",2258108416,293076992,7368867840,4790,76409,1,56544.8,21.4,5045.2,67708.1,80066.1
"1191",2244476928,311951360,7391936512,5001,76198,0,55072.4,7.1,2388.3,32862,62341.2
"1192",2278555648,285736960,7363624960,5165,76035,0,37253.5,15.3,2686.1,69818.6,81004.6
"1193",2271215616,298844160,7363624960,5321,75879,0,53570.4,6.1,2792.9,69790.5,46514.2
"1194",2271215616,298844160,7379353600,4715,76484,1,57141,5.1,3364.5,34552.7,63611.3
"1195",2271739904,293076992,7404519424,4888,76311,1,41164.4,5.1,3190.3,67266.1,47152.2
"1196",2266497024,298319872,7241465856,5057,76143,0,54761,6.1,2756.8,68677.4,78316.1
"1197",2282225664,287834112,7383547904,5286,75913,0,65869.8,4.1,2904,39997.9,96758.1
"1198",2289041408,293076992,7383547904,5450,75749,0,34103,3,2884.1,70733.1,65800
"1199",2289041408,293076992,7383547904,4705,76495,1,59122.8,6.2,3705,69590,56298
"1200",2204631040,281018368,7542931456,4943,76256,1,61796.4,81.2,4191.5,42173.5,35563.4
"1201",2183659520,327155712,7527202816,5129,76070,0,65833.3,41.4,3086.1,67135.1,95529.6
"1202",2183659520,327155712,7527202816,5309,75891,0,36015.3,17.5,3180,79610.9,64773.8
"1203",2173173760,352321536,7619477504,5550,75649,0,65412.9,3.1,3027.8,47628.7,102858.7
"1204",2173173760,352321536,7619477504,4823,76376,1,60647,6.2,3909.8,67017,56608.9
"1205",2182610944,337641472,7623671808,4985,76214,1,29764.4,9.2,3035.7,66999.5,47586.7
"1206",2224553984,315621376,7631536128,5212,75987,0,62482.2,5.1,2671.2,38591.7,117674.1
"1207",2230845440,322961408,7638876160,5385,75814,0,63749.3,5.2,2884,72236.7,43047.9
"1208",2230845440,322961408,7638876160,5550,75650,0,30853.6,3.1,3073.4,71019.2,65610.9
"1209",2230845440,322961408,7638876160,4844,76355,1,60780.7,24.7,3803.5,42723.1,87728.7
"1210",2176843776,309329920,7505182720,5017,76182,1,63465.6,26.3,4805.3,64325.8,37638.5
"1211",2176843776,331874304,7645691904,5184,76016,1,30522.5,6.1,3282.8,67646,3252.3
"1212",2163212288,354418688,7465861120,5411,75788,0,63198.5,5.1,2661.4,41421.2,62971.5
"1213",2163212288,354418688,7465861120,5586,75614,0,62737.2,6.2,2878.8,69334.3,45311
"1214",2228224000,305135616,7655129088,4884,76315,1,32836.4,5.2,3546.3,71754.8,32295.1
"1215",2214592512,329777152,7559184384,5102,76098,1,55754.3,4,3423.3,40785.4,59772
"1216",2231894016,310902784,7652507648,5289,75910,1,54129.1,4,2491.9,62118.1,61283.2
"1217",2231369728,320339968,7652507648,5426,75774,0,33154.3,42,2772.5,73765.4,58006.5
"1218",2270691328,290979840,7644643328,5642,75558,0,56019.9,33,2797.6,46184.5,43207.2
"1219",2270691328,290979840,7644643328,4860,76339,1,60710.4,15.2,3769.2,63869.9,86330.3
"1220",2257059840,301465600,7650934784,5044,76156,1,39668.6,8.2,4130.8,70361.2,64742.2
"1221",2278555648,295698432,7655653376,5292,75907,0,69559.1,5.1,3103.5,42633.4,42911.1
"1222",2278555648,295698432,7655653376,5483,75717,0,73046.6,2.1,3055,68489.6,72013.1
"1223",2278555648,295698432,7660896256,5666,75533,0,40278.4,6.2,3193,73194.4,71966.5
"1224",2207776768,288882688,7660896256,5009,76191,1,58252.6,8.2,3825.5,43539.6,126230.9
"1225",2139619328,366477312,7531921408,5179,76021,1,56984.4,6.1,2919.3,63068.2,35713.1
"1226",2162163712,355467264,7591690240,5340,75859,1,31226.1,31.3,2625.1,69526,37999
"1227",2162163712,355467264,7591690240,5561,75638,0,58037.2,49.5,2760.3,45331.8,114845.6
"1228",2203058176,324534272,7600603136,5756,75443,0,58930.3,2,2805.2,69643.1,69495.8
"1229",2203058176,324534272,7600603136,5894,75305,0,32604.4,11.1,3944.6,72661.9,32465.9
"1230",2197291008,297271296,7575961600,5133,76066,1,58028.7,7.2,4635.4,45050.7,88246.3
"1231",2140143616,368574464,7598505984,5306,75894,1,63071.2,40,2563.6,59154.4,62547.9
"1232",2154299392,354418688,7584874496,5473,75726,0,39155.3,4.1,2702.2,68721.3,35954.2
"1233",2174746624,345505792,7593787392,5701,75498,0,62378.7,2,2740.6,43975.9,11521.3
"1234",2174746624,345505792,7593787392,4911,76288,1,65342,10.2,3265.8,62183,37652.1
"1235",2154299392,342884352,7590641664,5072,76127,1,31091.6,20.4,3646.6,67717,61119.3
"1236",2138046464,365953024,7600603136,5279,75921,1,48071.8,22.7,2470.5,40462.4,33797.4
"1237",2180513792,347602944,7600603136,5474,75725,0,64122.7,13.1,3379.4,64932.8,93459.2
"1238",2180513792,347602944,7620001792,5611,75588,0,32493.3,3.1,2902.9,74351,40154.1
"1239",2190475264,335020032,7620001792,4871,76329,1,54301.5,9.2,4054.7,42579.3,56154.2
"1240",2218786816,320339968,7524057088,5050,76150,1,63908.7,9.2,3803.7,62536.7,36087.7
"1241",2228224000,324009984,7475298304,5222,75977,1,35195,37.4,2697.6,68753.3,63148.9
"1242",2266497024,297271296,7475298304,5458,75741,0,64392.5,4.1,2917.8,46089.7,61550.1
"1243",2270167040,299368448,7615807488,5639,75561,0,64895,3.1,2938,67545.8,39049.8
"1244",2270167040,299368448,7615807488,4940,76259,1,37437.6,31.6,3756.6,71593.5,6543.5
"1245",2248146944,293601280,7609516032,5142,76058,1,56482.4,24.2,2806.6,38726.7,28800
"1246",2231369728,321388544,7634681856,5322,75877,1,61143.6,8.2,3330.9,57398.2,69419.7
"1247",2232942592,310378496,7629963264,5483,75716,0,37905.8,4.1,2588,67795.6,12809.5
"1248",2226126848,319815680,7629963264,5701,75498,0,57338.5,3.1,2738.7,67733.4,32520.3
"1249",2226126848,319815680,7641497600,4743,76456,1,62669.3,8.2,4343.1,33603.5,62594.2
"1250",2224553984,317194240,7639924736,4949,76251,1,36441.5,8.2,4662.1,75379.1,65137.8
"1251",2242379776,316669952,7639924736,5193,76006,0,62878.2,6,2989.9,77056.8,58924.4
"1252",2422734848,144179200,7650934784,5380,75819,0,66627.8,20.4,3147.7,44010.1,17304.9
"1253",2422734848,144179200,7650934784,5560,75640,0,36151.6,20.6,3120.8,77803.8,71224
"1254",2422734848,144179200,7658799104,4908,76292,1,57931.6,5.2,3962.4,72499.9,34017.5
"1255",2125987840,370671616,7769423872,5068,76106,1,58061.1,6.1,2677.8,31457.5,31286.8
"1256",2157969408,346554368,7688159232,5224,75976,0,35410.8,89,2494.1,63911.6,63265.9
"1257",2156396544,358612992,7688159232,5435,75764,0,59361.8,54.1,2558,69152,86148.7
"1258",2177892352,340262912,7760510976,5620,75554,0,58146.9,6,2440.8,33212.3,62442.7
"1259",2177892352,340262912,7760510976,4854,76346,1,33874.9,25.5,3859.5,64516.6,9806.9
"1260",2171600896,344981504,7767326720,5095,76105,1,62624.5,6.1,3872.7,70933.1,6627.3
"1261",2201485312,326107136,7766802432,5251,75949,0,69181.2,5.1,3035.8,37674.8,36315
"1262",2197291008,335544320,7660896256,5458,75741,0,37972.4,2.1,3098.7,75463.5,47204.4
"1263",2197291008,335544320,7660896256,4770,76429,0,64349.2,8.2,3425.9,72335.3,90698.1
"1264",2192572416,330301440,7660896256,4923,76276,1,62418,5.1,3692.8,36580.9,34915.2
"1265",2347237376,188743680,7716470784,5127,76072,1,33255.6,10.4,3878.9,74077.4,43474.8
"1266",2201485312,331350016,7716470784,5367,75833,0,62219.9,6.2,3000.2,75035.8,94829.9
"1267",2246049792,300941312,7714373632,5548,75651,0,64039.7,6.1,3205.5,50128,100484.2
"1268",2246049792,300941312,7714373632,5722,75478,0,60985,3.1,3022.8,67799.9,44255.5
"1269",2246049792,300941312,7714373632,4966,76233,1,32122,9.2,4419,72584.4,63119.1
"1270",2203058176,309329920,7709655040,5136,76064,1,63369.1,4,4193,41565.6,91863.9
"1271",2405957632,112197632,7695499264,5299,75901,1,62251.8,3.1,2408.7,58527.3,40418.8
"1272",2176319488,344981504,7698644992,5520,75680,0,34214.8,7,2724.6,71861.5,37288.3
"1273",2176319488,344981504,7698644992,5689,75510,0,60532.8,4.1,2764.5,42990.5,40073.5
"1274",2357723136,177209344,7698644992,4974,76225,1,62596.7,6.2,3724.9,61807.6,36209.8
"1275",2357723136,177209344,7696023552,5192,76007,1,29202.6,10.2,2830.5,65184.2,59580.5
"1276",2213019648,327155712,7695499264,5357,75843,1,58493.1,5.1,2430.3,38859.4,113423.4
"1277",2237136896,311427072,7706509312,5497,75702,0,63964.6,3.1,2729.7,61975.9,28952.8
"1278",2237136896,311427072,7726432256,5735,75464,0,32251.1,3.1,2721.7,69917.2,44046.8
"1279",2237136896,311427072,7726432256,4889,76310,1,-1,9.2,4666,40552.5,63358.5
"1280",2264924160,300417024,7732199424,5045,76154,1,61410,29.3,4522.2,55866,85387.3
"1281",2263351296,297795584,7732199424,5321,75879,0,63789,18.6,4444.6,89875.1,78934.1
"1282",2235039744,301989888,7732199424,5515,75685,0,34762,6.2,3752.8,51962.1,48875.6
"1283",2235039744,301989888,7707033600,4792,76408,0,68716.5,9.1,3837.7,74234.6,37382.9
"1284",2246574080,269484032,7707033600,5030,76169,1,65691.5,40.8,3471.9,72576.9,34463.6
"1285",2180513792,347078656,7583825920,5207,75992,1,34852.8,6.2,3001.1,40719.5,62464.2
"1286",2208301056,331350016,7716470784,5377,75822,1,59570,79.2,2746.1,61846.1,34768
"1287",2208301056,331350016,7716470784,5611,75588,0,65744.1,21.6,2910,74821.3,8106.3
"1288",2228224000,323485696,7717519360,5790,75409,0,39581.7,4.1,2792.9,44694,13419
"1289",2228224000,323485696,7717519360,5034,76165,1,60326.8,24.7,7897.9,76362.7,35949.2
"1290",2185232384,344457216,7735345152,5310,75889,1,69215.5,43.4,7765.7,87852.2,88519
"1291",2222981120,311951360,7735345152,5484,75715,1,38693.4,52,6801.1,49159.6,70361.6
"1292",2215116800,328204288,7737966592,5728,75471,0,65154.6,22.7,7028.7,86994.8,115462.1
"1293",2262827008,290979840,7737966592,6006,75193,0,75533.7,24,7199.7,92127.8,52611.3
"1294",2262827008,290979840,7725907968,5198,76001,1,38819.6,22.7,6684.1,52844.9,34271.6
"1295",2214592512,325582848,7744782336,5362,75838,1,64756.4,2,2599.8,62249.7,60795.2
"1296",2435317760,105381888,7720140800,5574,75626,1,58054.1,3.1,2491.2,63304,35513.9
"1297",2222456832,322437120,7735345152,5737,75463,0,32253.9,3.1,2587.2,43420.2,60351.6
"1298",2222456832,322437120,7735345152,5894,75305,0,62717.4,7.1,2666.7,62155.6,70503.4
"1299",2426929152,125304832,7735345152,5158,76041,1,59684.9,8.2,5336.4,66156.2,7573.8
"1300",2210398208,310902784,7755268096,5344,75856,1,32619.7,31.2,7188,61292.8,80482.9
"1301",2270691328,242745344,7756316672,5585,75615,1,57576.2,28.3,6595,84639.4,9775.1
"1302",2171600896,349700096,7756316672,5858,75341,0,62352.7,25.5,6963.7,94826.6,119476.8
"1303",2361393152,173015040,7756316672,6033,75166,0,41035.4,26,7355.6,59328.4,36869.7
"1304",2207776768,328728576,7752122368,6278,74922,0,60430.3,30.6,7445.1,89626.3,110354.7
"1305",2207776768,328728576,7752122368,5676,75523,1,61746.6,18.6,6206.7,92042.8,53713.6
"1306",2214592512,326631424,7550795776,5857,75342,1,35826.6,20.2,2386.7,38528.1,79716.3
"1307",2217213952,321912832,7656177664,5984,75215,1,52218,4.1,2169,55880.2,34251.4
"1308",2224029696,324009984,7637303296,6190,75009,0,55564,2,2691.2,67991.1,41121.8
"1309",2249719808,306184192,7651459072,6349,74851,0,38651.9,32,4861.4,43585.4,82590.1
"1310",2249719808,306184192,7651459072,5395,75805,1,57166.3,6.2,4705.1,60891.7,82118
"1311",2231369728,307232768,7663517696,5600,75599,1,55294.8,55.1,3965.1,64674.1,33895.6
"1312",2205155328,324534272,7671906304,5774,75425,1,30141,35.7,7123.5,65287.8,6506.6
"1313",2198863872,333447168,7671906304,6019,75180,0,41567.7,26,6981.3,92337.8,61732.1
"1314",2240282624,304087040,7649886208,6298,74902,0,67142.7,47.5,8621.7,108330.8,14114.9
"1315",2240282624,304087040,7649886208,6490,74709,0,32943.1,33.3,7330.9,61185.7,96283.9
"1316",2198863872,318767104,7649886208,5784,75415,1,52397,23.4,6632.2,94888.7,100162.7
"1317",2096627712,345505792,7630487552,5989,75211,1,52004.3,3,2159.8,71673.5,64256
"1318",2353528832,82837504,8296333312,6161,75038,1,44854.3,16.3,2186.6,58552.2,48398.1
"1319",2009071616,426770432,8097103872,6248,74951,0,22408.3,18.2,3769.6,33708.3,54029.9
"1320",2313158656,133693440,8097103872,6423,74776,0,50683.1,41.8,3005.4,64082,33417.1
"1321",2313158656,133693440,8275361792,5464,75736,1,41830.9,10.1,2593.2,61531.2,27495.9
"1322",2052063232,416284672,8270643200,5596,75604,1,29227.9,5.1,2508.8,35661.8,83089
"1323",2105540608,385875968,8305770496,5813,75387,1,54358.8,9.2,2547.1,70346,47694.5
"1324",2134376448,371720192,8298954752,6004,75196,0,32583.4,6.1,4056.3,48959.9,78390.5
"1325",2150629376,357040128,8328839168,6141,75058,0,55436.4,6.2,2745.8,66807.2,94277.3
"1326",2150629376,357040128,8328839168,5351,75848,1,54750.9,8.2,4339,72253.3,33843.1
"1327",2135949312,355467264,8317829120,5539,75660,1,52815.7,28.9,7372.1,66360.7,107878.9
"1328",2147483648,358612992,8358199296,5761,75438,0,21633.8,33,8090.9,101419.8,13033.2
"1329",2159542272,357040128,8358199296,5980,75220,0,48261.1,55.7,10387.8,111889.4,61898.9
"1330",2156920832,346554368,8354529280,5073,76126,1,46836.3,21.4,6939.6,63226.7,50915.3
"1331",2134376448,351272960,8365539328,5301,75899,1,26353,7.1,2787,77974.1,65754.1
"1332",2086141952,377487360,8366063616,5523,75677,1,55340,3,2884.2,67543.4,63372.9
"1333",2064646144,399507456,8366063616,5694,75482,0,56663.6,3.1,2765.3,76368.1,118405
"1334",2106589184,371195904,8379170816,5860,75339,0,35726.8,7.1,3854.1,48243.7,123947.8
"1335",2106589184,371195904,8379170816,5160,76040,1,57198.1,4.1,3202.3,68023.3,67066.2
"1336",2098724864,385351680,8376549376,5312,75887,1,55714.6,50,2706.8,73637.8,85206.8
"1337",2145910784,349700096,8366063616,5477,75723,1,23594.6,94.9,2502.4,43745.1,9799.7
"1338",2161639424,349700096,8165261312,5685,75514,0,47157.8,83.2,2668,69998.5,26825.6
"1339",2172125184,351797248,8366587904,5866,75333,0,49489.3,11.5,4831.2,83110.2,94454.9
"1340",2172125184,351797248,8315207680,6002,75197,0,26368.9,2.1,3554.6,47140.3,109944.9
"1341",2152202240,339214336,8315207680,5220,75980,1,47085.1,35.4,6646.9,95529.9,57295.7
"1342",2124414976,371720192,8349286400,5409,75790,1,46188.9,45.5,4001.6,30243.2,3255.1
"1343",2117599232,367001600,8349286400,5616,75584,0,23102.8,29.5,8034.1,105855.7,77712.3
"1344",2222981120,258473984,8338800640,5834,75319,0,51564.3,31.6,9081.1,101434,97629.8
"1345",2222981120,258473984,8338800640,5034,76165,1,47406.7,17.5,7115.8,99637.5,48124.3
"1346",2088763392,381681664,8344043520,5214,75986,1,25113.9,5.1,2446.1,41781.9,53859.1
"1347",2129657856,360710144,8358199296,5414,75785,1,48354,22.7,2409.6,62296.8,58592.4
"1348",2114453504,372768768,8208777216,5589,75610,0,49898.5,4,2647.4,74582.6,28025.9
"1349",2128609280,365428736,8208777216,5720,75480,0,33306.3,8.2,5422.4,47001.4,64255.8
"1350",2128609280,365428736,8208777216,5156,76044,1,47629.8,3.1,3560.6,66319.9,84086.9
"1351",2319450112,191365120,8339849216,5337,75863,1,49610.1,11.1,2704,76354,6531
"1352",2167930880,352321536,8365539328,5474,75725,1,26665.4,15.3,2725.4,44907.4,58850.5
"1353",2210398208,330301440,8365539328,5692,75507,0,45568.9,69,2988.3,78383,75073.5
"1354",2228748288,322437120,8366587904,5848,75320,0,52995.9,7.1,4015.6,84409,45972.8
"1355",2228748288,322437120,8366587904,5027,76172,1,28292.2,12.4,4429.3,48622.8,95724.1
"1356",2144862208,311951360,8368160768,5248,75905,1,45699.7,31.3,6957.1,100039.2,27939.6
"1357",2066219008,406323200,8377073664,5466,75733,1,42769.9,33,7643.6,107647.4,70177.7
"1358",2121793536,373817344,8376025088,5689,75510,0,27460.4,28.3,8120.4,66845.1,59105.3
"1359",2121793536,373817344,8376025088,5908,75292,0,42967,29.2,10455.4,104190.3,99611.5
"1360",2110259200,367525888,8320450560,5098,76101,1,44247.1,29.3,7314.7,103634.9,71304.6
"1361",2106064896,385351680,8368160768,5321,75878,1,28612.5,49.5,7175.3,59785,27240
"1362",2161115136,355467264,8183087104,5590,75609,1,47491.9,29.2,6964.9,93624.8,55382.1
"1363",2169503744,343932928,8183087104,5776,75423,0,51859.8,33,7113.6,72432.1,103501.8
"1364",2250768384,258473984,8349286400,6004,75196,0,32582.5,29.9,8212.1,101942.7,55101.9
"1365",2250768384,258473984,8349286400,6239,74961,0,48670.3,35.4,7440.6,103555.6,57436.5
"1366",2015887360,353894400,8349286400,5597,75602,1,52832.5,19.6,5594.6,97632.2,71788
"1367",1896873984,493355008,8317304832,5767,75432,1,26356.2,13.1,2701.3,41968.1,35428
"1368",1918894080,465043456,8120696832,5948,75252,1,33978.5,8.2,2679.3,64583,55099
"1369",1964507136,439877632,8344043520,6101,75098,0,37150.8,9.2,5193.7,75473.2,10017.6
"1370",1964507136,439877632,8344043520,6223,74977,0,44278.7,9.1,3373.6,51389.4,41244.3
"1371",1963458560,458752000,8190427136,6407,74793,0,25225.4,3.1,2595.8,68847.1,102240.6
"1372",1963458560,458752000,8190427136,5573,75627,1,36608.9,40.2,6138.9,95423.6,50891.3
"1373",2023227392,412614656,8333033472,5803,75397,1,38230.5,36.7,7657.1,60202.2,119017.7
"1374",2078277632,385351680,8363966464,6058,75142,1,19006,28.9,9665.4,103580,9807.2
"1375",2055733248,399507456,8363966464,6220,74980,0,41499.5,31.2,8782.3,111644,30278.2
"1376",2055733248,399507456,8363442176,6437,74763,0,41681,28.7,9082.1,62375.7,117734.2
"1377",2082996224,386924544,8363442176,5706,75493,1,20727,35.1,8414.8,98480.4,52507.7
"1378",2069364736,393216000,8351383552,5869,75331,1,38601.8,27.1,8287.8,105899.5,55651.9
"1379",2092433408,382730240,8331460608,6084,75115,1,39019.7,34,9877.1,60827.6,81393.5
"1380",2086141952,387973120,8346664960,6341,74859,0,22430.7,30.6,8933.4,104476.7,76270.2
"1381",2118647808,367001600,8346664960,5662,75538,1,40442.9,24,7673.4,107633.5,30434.4
"1382",2118647808,367001600,8338800640,5852,75347,1,38015.5,73.3,2753,46940.5,55239.6
"1383",2134376448,363855872,8355053568,6041,75159,1,18281.8,77.6,2577.6,68733.6,44074.5
"1384",2136473600,364904448,8355053568,6168,75001,1,36830.7,9.2,3478.7,77187.9,21638.2
"1385",2135425024,361758720,8370257920,6322,74877,0,42105.5,5.2,2819.1,49810.8,41030.2
"1386",2300051456,211812352,8370257920,6512,74687,0,23531,4.1,2684.6,72362.4,17054.9
"1387",2300051456,211812352,8370257920,5609,75591,1,37090.7,17.5,5765.7,93216,21019.7
"1388",2055733248,351272960,8382840832,5819,75381,1,34261.9,30.9,8687.4,60435.5,6510
"1389",2035810304,399507456,8397520896,6050,75149,1,14985.4,-1,-1,-1,64236.2
"1390",2035810304,399507456,8387035136,6193,75007,0,35505.1,36.8,11209.3,100321.9,28794.4
"1391",2019557376,427819008,8387035136,6400,74799,0,34260.6,26.5,9438.7,112400.7,64874.5
"1392",2000158720,415760384,8387035136,5458,75742,1,15277.4,27.1,9532.1,62686.6,18052.3
"1393",1979711488,447217664,8398045184,5515,75684,1,31332.6,33.3,9013.7,100297.2,22942.1
"1394",1979711488,447217664,8398045184,5760,75440,1,33597.9,42.9,4677.9,70950.6,83874.1
"1395",2033188864,418381824,8398045184,6003,75197,1,16863,32.3,8786.2,65542.5,113926.3
"1396",2064121856,393216000,8257536000,6154,75046,0,38811.8,28.1,8943.1,105010.6,77701.4
"1397",2059927552,405798912,8257536000,6367,74832,0,38239.5,29.6,9119.3,108410,65349.8
"1398",2059927552,405798912,8257536000,5664,75535,1,16809.1,28.1,9148.8,62945,73332.2
"1399",2110259200,368050176,8288993280,5795,75404,1,33969.5,22.9,7008,108101.4,32571.8
"1400",2090860544,384827392,8315207680,5890,75310,1,29101.5,43.4,3851.2,60545.5,65600.1
"1401",2087190528,387448832,8115978240,6033,75166,0,14580.2,15.3,2594.5,60997.4,23366.3
"1402",2336227328,144179200,8115978240,6179,75020,0,35741.3,7.1,2256,40654.3,71305.5
"1403",2336227328,144179200,8311537664,6252,74948,0,31489.3,2,2285.5,58759.2,4637.7
"1404",2103443456,382730240,8311537664,5590,75609,1,14701.9,5.1,2439.7,63150.1,95512.4
"1405",2316828672,185073664,8296857600,5719,75481,1,25694.1,24.2,8961.7,61025.3,9807.5
"1406",2170552320,352321536,8316256256,5916,75283,1,24012.7,32.3,9252.5,98241.9,94237
"1407",2192572416,340262912,8316256256,6133,75066,0,13163.3,29.9,8663.7,77593.4,121711.1
"1408",2183135232,330301440,8316780544,6265,74935,0,27961.1,26.3,9255.6,91139.7,15309.2
"1409",2183135232,330301440,8316780544,6468,74732,0,24871.4,28.7,9836.2,105777.5,6902.4
"1410",2063597568,349700096,8327266304,5565,75635,1,17506.9,26.8,11305,64151.6,15608.2
"1411",1983381504,449839104,8092385280,5696,75504,1,24613,8.2,3381.7,96140.5,80941.4
"1412",2023227392,418381824,8092385280,5810,75390,0,28190.6,66.7,2621.2,71720.6,12132.9
"1413",2023227392,418381824,8331984896,5049,76151,1,13193.2,2,2705.7,79192.7,77766.1
"1414",2067267584,391118848,8331984896,5184,76015,1,26995.1,27.6,2894,45522.7,37176.8
"1415",2058878976,404750336,8326742016,5291,75908,1,32120.5,45.9,2976.8,63156.3,3326.9
"1416",2089811968,380633088,8319926272,5456,75743,0,20341.2,6.1,2529.3,67857,49801.6
"1417",2096103424,392691712,8359247872,5594,75606,0,32322.6,5.1,2531,44795.2,62895.1
"1418",2096103424,392691712,8359247872,5703,75497,0,19514.4,3.1,2723.5,65013.4,46529.5
"1419",2096103424,392691712,8359247872,5031,76168,1,34365.1,11.3,5168.2,74474.1,16632
"1420",2123366400,373293056,8378122240,5204,75995,1,17562.5,39.6,10289.1,70020,24335.3
"1421",2017460224,366477312,8378122240,5394,75806,0,23151.1,28.9,8221.2,100327.6,56013.3
"1422",2017460224,366477312,8374976512,4601,76598,1,21879.6,27.4,10169.4,105748.7,27031.9
"1423",2060976128,316145664,8382840832,4677,76522,1,12142.4,28.1,9144.9,60446.5,21815.5
"1424",1907359744,486014976,8376025088,4919,76281,0,25173.7,65,4868.6,66801.2,102435.1
"1425",2186805248,228589568,8376025088,5140,76059,0,20259.1,32.7,9676.6,110997.9,58456
"1426",1986527232,447741952,8401715200,5275,75924,0,22211.6,28.4,9506.6,60794.3,24862.4
"1427",1986527232,447741952,8401715200,4482,76717,1,28520.4,28.6,8711.8,103331.3,96944.1
"1428",1984954368,439353344,8393850880,4640,76560,1,19410.3,34,2420.4,75962.9,83989.2
"1429",2294284288,135266304,8393850880,4773,76426,0,29639.5,95,2447.8,38917.2,67316.9
"1430",1996488704,433586176,8374976512,4880,76320,0,40687.3,14.3,4987.8,62769.6,27386.6
"1431",1996488704,433586176,8374976512,4379,76820,1,21080.8,5.1,2818.6,70931.9,16589.9
"1432",2239234048,211812352,8265924608,4517,76682,1,25579.7,19.4,5472.9,39473.8,65636.6
"1433",2073559040,399507456,8388608000,4715,76485,1,19783.6,30.9,8888.7,105978.5,26177.8
"1434",2093481984,390070272,8381792256,4882,76317,0,22260.4,27.1,9729,108342.1,57740.2
"1435",2065694720,379584512,8381792256,5050,76150,0,11328.1,28.9,10135.7,66058.7,56337.7
"1436",2065694720,379584512,8386510848,4366,76834,1,22588.2,33.3,10367.6,102070.2,28053.8
"1437",2249719808,202899456,8392278016,4545,76655,1,27015.6,32.3,8527.8,104907.8,62071.1
"1438",2059403264,410517504,8392278016,4724,76476,0,14973.9,33.3,8742.3,58354.2,85479.1
"1439",2085093376,393216000,8325169152,4927,76272,0,32028.5,27.1,9291.5,102682.2,50106.1
"1440",2085093376,393216000,8325169152,4440,76760,1,28052.7,30.5,11265.5,110864.2,3286.9
"1441",2097676288,387973120,8372879360,4584,76615,1,15645.7,28.9,8394.3,59743.3,93318.7
"1442",2130706432,364904448,8356102144,4795,76405,1,31244.9,29,8663.1,100129.9,90911.6
"1443",2143289344,367525888,8365539328,5030,76169,0,34440.3,26.8,8718.9,108169.1,67504.9
"1444",2169503744,349175808,8363442176,5179,76020,0,18601.9,28.4,9223.2,64670.7,85993.8
"1445",2169503744,349175808,8363442176,4708,76491,1,33871.5,31.2,10071.7,104053.4,80837.8
"1446",2130182144,370147328,8371830784,4881,76318,1,23045.1,26.3,8742.8,107459.5,60830.1
"1447",2259681280,245366784,8325693440,5051,76149,1,10956.6,32,8778.1,59802.7,21870.1
"1448",2153775104,358088704,8348762112,5252,75947,0,23850.5,26.3,8761.5,98330.6,76766.2
"1449",2172649472,351272960,8321499136,5470,75729,0,26334.2,26.3,9769.3,114299.5,16379
"1450",2172649472,351272960,8321499136,4729,76471,1,14247.5,30.3,12415.4,68167.2,67346.5
"1451",2113929216,339214336,8335130624,4934,76266,1,24735,64.3,9159.5,100122.9,73558.1
"1452",2113929216,362807296,8356102144,5070,76129,1,26995.7,93,7374.7,59849.8,13485.3
"1453",2113929216,362807296,8356102144,5236,75963,1,13509.4,38.1,5671.2,75092.7,24389.5
"1454",2165309440,336592896,8359247872,5442,75758,0,30968.1,33.7,8840.3,102863.5,72376.3
"1455",2165309440,336592896,8359247872,5668,75531,0,28349.8,43.3,10443.9,113701.9,14103.8
"1456",2151153664,361234432,8349810688,4985,76214,1,15316.7,35.8,9839.1,61502.9,78102.6
"1457",2200436736,321388544,8357150720,5185,76014,1,23675.4,32.7,8653.8,100851.8,23645.8
"1458",2199388160,328728576,8357150720,5408,75792,1,23617.5,37.1,9055.7,106549.1,17032.3
"1459",2204631040,335020032,8364490752,5536,75664,0,17053.5,29.2,9493.8,63218.9,127240.1
"1460",2204631040,335020032,8364490752,5740,75460,0,25339.2,34,11007.3,107797.6,15385.4
"1461",2134376448,323485696,8369733632,5209,75990,1,23374.3,32.6,9420.8,103852,95560.6
"1462",2112356352,365428736,8369733632,5336,75864,1,11352.7,35.1,8492.6,59262.2,12988.4
"1463",2101870592,385351680,8369733632,5536,75664,0,22694,32.7,9008.7,105790.1,55517
"1464",2144337920,350748672,8382316544,5710,75490,0,28565.6,28.4,9006.8,104388.3,20433.6
"1465",2140143616,368050176,8382316544,5884,75315,0,12776.8,34,9688.9,65541.5,64687.9
"1466",2140143616,368050176,8373403648,5120,76080,1,25069.8,31.6,9826,109048.5,26536.8
"1467",2159542272,353370112,8376025088,5294,75906,1,23426.9,31.6,8931.5,98124.8,97559.8
"1468",2184183808,335020032,8270643200,5471,75728,0,13284.1,30.2,8717.7,103074.6,34088.3
"1469",2174222336,343932928,8270643200,5673,75526,0,29819.9,31.6,9460.4,69437.9,17521.5
"1470",2174222336,343932928,8373927936,5893,75307,0,27197.1,31.2,12424.8,105445.5,104135.7
"1471",2143813632,344981504,8373927936,5089,76111,1,11836.2,34.3,9086.9,60137.9,122395.3
"1472",2121793536,374341632,8370782208,5289,75910,1,23595.9,29.9,8702.3,105858.6,26822.7
"1473",2160066560,343932928,8370782208,5463,75736,0,25753.8,30.5,8439,100132.6,62866.8
"1474",2153775104,359137280,8370782208,5637,75562,0,18944.4,32.3,9632.1,79888,79474.4
"1475",2145386496,350224384,8241283072,5840,75360,0,24865.5,34.7,9826.3,94931.3,68307.8
"1476",2145386496,350224384,8241283072,5140,76060,1,25936.7,31.2,9643.2,102279.1,61529.8
"1477",2183659520,301989888,8326217728,5260,75940,1,10598.9,34,9223.6,59967.4,62991.2
"1478",2114453504,377487360,8352432128,5374,75826,1,19407,43,5283.4,58944.2,70405.7
"1479",2114453504,377487360,8335654912,5562,75638,0,20787.8,28.9,9795.7,116016.8,57961.5
"1480",2114453504,371195904,8348237824,5728,75471,0,12993.1,34.4,10854.6,109780.4,57962.6
"1481",2114453504,371195904,8348237824,4995,76205,1,19766.8,30.9,9809.7,61100.6,68186.4
"1482",2079850496,377487360,8335130624,5208,75992,1,20777.7,33.7,9029.2,97999.6,3246.5
"1483",2049441792,405274624,8351907840,5332,75867,1,14001.1,29.2,9388.3,106595.1,60069.7
"1484",2285895680,174063616,8348762112,5532,75668,0,19368.5,32,9041.7,59309.3,20297.8
"1485",2066743296,403177472,8350334976,5748,75452,0,22957.2,33,10387.9,106117.7,60841.4
"1486",2066743296,403177472,8350334976,4973,76226,1,16103.6,28.7,10135.6,109461.7,110274.5
"1487",2093481984,387973120,8126464000,5387,75813,1,21115.2,25.5,8512.9,100353.6,20324.7
"1488",2100297728,381681664,8126464000,5510,75690,0,17300.9,26,9653.3,106187.5,53458.7
"1489",2299002880,192937984,8126464000,5713,75487,0,25778.5,26,12197.9,68508.1,17867.9
"1490",2299002880,192937984,8365539328,5931,75269,0,22465.5,29.9,9636.5,105596.5,26478.4
"1491",2110783488,371195904,8365539328,5161,76039,1,20295.6,32.6,8708.4,61085.5,7283.7
"1492",2148532224,316145664,8193572864,5354,75846,1,8503.2,25,9381.5,107194.1,57340.7
"1493",2062548992,398458880,8347189248,5556,75643,1,17152.9,29.9,9484.2,98528.2,20195.3
"1494",2175270912,282591232,8347189248,5672,75528,0,22020,35.7,10004.5,94470.4,102439.5
"1495",2175270912,282591232,8344043520,5866,75333,0,9917.6,26.5,9762.6,77513,103456.4
"1496",2041577472,405274624,8344043520,5100,76099,1,19163.8,30.5,9503.6,101514.4,61103.8
"1497",2041577472,405274624,8333557760,5217,75982,1,18081.7,33.3,9449,106663.5,61178.9
"1498",2062024704,395313152,8333557760,5413,75787,1,9459.9,27.4,9495,59786.7,12415.6
"1499",2064646144,405798912,8333557760,5577,75622,0,20863.3,32.3,10114.4,100871.6,15664.2
"1500",2101870592,377487360,8350859264,5741,75458,0,23542.9,27.1,9404,111833.3,66809.6
"1501",2067791872,383778816,8350859264,5058,76141,1,9445.7,32.6,9336.3,63089.2,61770.2
"1502",2067791872,383778816,8322547712,5230,75969,1,18732.3,45.4,8046.3,99817.9,15766
"1503",2045771776,411566080,8338800640,5352,75847,1,19206.4,41.2,7563.5,89411.9,13015.5
"1504",2232942592,240648192,8353480704,5549,75650,0,12276.1,31.2,10347.9,61483.4,107853.5
"1505",2095579136,389545984,8363966464,5761,75439,0,22828.3,28.6,9574.8,103135.5,80815.4
"1506",2095579136,389545984,8363966464,5879,75320,0,18985.8,30.2,9823.6,108293.8,57455
"1507",2073034752,378011648,8363966464,5274,75925,1,11162.6,44.8,9832.1,61000.3,102166.7
"1508",2036334592,412090368,8331460608,5474,75725,1,15763.1,33.7,9348,99579.2,66054.3
"1509",2057306112,398983168,8331460608,5579,75621,1,17161,85.6,11950.5,107426.9,65145.1
"1510",2061500416,406847488,8302100480,5775,75425,0,13568.1,57.1,9654.8,66311.8,57600.1
"1511",2065694720,394788864,8302100480,5012,76187,1,15566.9,26.8,9574.9,104755.4,13025.8
"1512",2065694720,394788864,8355053568,5126,76073,1,16593.2,27.8,9598.7,106799.5,109395.5
"1513",2096103424,380108800,8175222784,5319,75880,1,8857.7,33,9567.5,60025.3,55687.8
"1514",2092957696,373817344,8343519232,5524,75675,0,17827,35.1,8526.6,99152,105117.5
"1515",2078801920,396361728,8343519232,5639,75560,0,19051.3,28.4,9847.5,114365,77961
"1516",2078801920,396361728,8336703488,5834,75365,0,10381.5,33.7,10166.2,63321.3,51628.9
"1517",2008547328,387973120,8336703488,5130,76069,1,17300.9,33.3,9276.7,100342.5,61997.1
"1518",1946681344,466616320,8360820736,5293,75907,1,17375.3,27.8,8665.8,108327.5,11734.1
"1519",2002255872,418381824,8359772160,5488,75712,0,10733.3,28.9,11225.1,60507.8,6600.7
"1520",1990721536,395837440,8359772160,5694,75505,0,21044.3,24.2,9446.2,102169.4,25792.3
"1521",1990721536,395837440,8359772160,5808,75391,0,17067.2,30.2,9844.5,107786,41739
"1522",1922039808,476577792,8360296448,5094,76105,1,7475.9,23.7,7950.4,89271.8,54636.2
"1523",1925709824,464519168,8356102144,5237,75963,1,13764.6,25.5,6845.8,39460.6,46829.3
"1524",1913651200,472907776,8358199296,5334,75865,1,13806.9,49.5,7076.6,78205,16832.3
"1525",1909981184,476577792,8358199296,5451,75748,0,10997.5,34.3,7119,26631.6,14757.4
"1526",1691877376,476577792,8351383552,5595,75605,0,14776.9,24,7075.8,104991.9,75118.4
"1527",1691877376,476577792,8351383552,4792,76407,1,16031.4,24,7811.5,73542.3,8107.2
"1528",1596456960,612892672,8355053568,4897,76303,1,8614.7,29.3,7296.5,45997,6517.2
"1529",1566048256,653787136,8355053568,5042,76157,0,19599.6,23.5,9098.5,78981.5,46812.2
"1530",1673527296,575143936,8366587904,5126,76074,0,19108.5,23.5,7721,77920.1,50443.7
"1531",1659895808,614465536,8366587904,4462,76738,1,7415.5,23.5,7647.5,80718.9,4988.8
"1532",1777860608,522715136,8377073664,4610,76590,1,16306.2,37.4,6784.6,45457.7,43618
"1533",1830813696,500695040,8377073664,4698,76502,0,20192.6,26.5,7056.2,72979.2,41982.9
"1534",1832386560,531628032,8371306496,4838,76362,0,10121.3,24.7,7784.9,83606,76932.1
"1535",1832386560,531628032,8371306496,4135,77064,1,19075.1,25.3,8227.7,47772.7,47576.2
"1536",1907359744,471334912,8389656576,4246,76953,1,13988.2,26,7028.2,71567,39205.1
"1537",1911029760,484442112,8360296448,4351,76849,0,9379.7,20.8,7730.3,79459.9,68009.1
"1538",1949302784,454557696,8360296448,3601,77599,1,15471.6,27.3,8854.5,49517.5,53081.3
"1539",1964507136,459276288,8379170816,3687,77512,1,17709.7,18.9,8455,71456.2,10661
"1540",2005401600,430440448,8387035136,3829,77370,0,10555,33,7117.3,78484.2,40892.6
"1541",2019033088,427294720,8387035136,3982,77217,0,20731.4,18.2,7898.6,51464.6,49051.1
"1542",2019033088,427294720,8402239488,3279,77920,0,20368.7,22.2,7497.6,72433.6,16822.5
"1543",2013790208,416808960,8402239488,3387,77813,1,9553.5,27.1,7704.9,77775.8,9177.3
"1544",2009595904,432537600,8402763776,3537,77662,1,18582,21.9,7550,45228.2,45070.9
"1545",2075656192,383254528,8402763776,3659,77541,0,25052.1,18.2,7470.6,73750.5,62860.2
"1546",2073034752,404226048,8415870976,3767,77432,0,13784.2,23.2,7295.8,80327.5,72037.3
"1547",2073034752,404226048,8415870976,3121,78078,0,15314.5,23.7,7320.2,46681.6,51201.9
"1548",2073034752,404226048,8415870976,3212,77988,1,19992.2,24.7,8326.7,70851.3,27138
"1549",2075656192,385875968,8430026752,3351,77848,1,14827.4,21.6,8761.9,80234,25083.6
"1550",2112880640,367001600,8430026752,3507,77693,0,19170.9,18.2,7283,47509.1,52227
"1551",2112880640,367001600,8318877696,3631,77569,0,20083.6,19.8,7664.5,75663.1,50246.5
"1552",2112880640,367001600,8318877696,3104,78095,0,21166.7,21.4,6991.5,79337.8,9554.3
"1553",2086141952,383254528,8318877696,3258,77942,1,9809.9,22.1,7889,45782,9797.2
"1554",2096627712,383254528,8423211008,3379,77820,1,18991.1,23.5,7712.6,71275.4,48637.6
"1555",2101346304,383254528,8423211008,3491,77709,0,24054.1,18.8,7547.1,81426.1,41086.4
"1556",2140667904,357040128,8421113856,3060,78139,0,10034.5,20.8,7800,48748,42772.4
"1557",2140667904,357040128,8421113856,3195,78005,0,24628.7,22.9,6984.1,71657.7,89703.2
"1558",2140667904,357040128,8421113856,3311,77888,1,26051.8,33.3,7806.4,78345.5,44927.7
"1559",2071461888,386924544,8235515904,3479,77720,1,12808.6,23.2,8219.4,45763.4,52041.9
"1560",2064121856,404750336,7895252992,3568,77631,0,27948.2,25.5,5540.8,64086.9,6498.7
"1561",2064121856,404750336,8141144064,3736,77464,0,26772.1,19.6,7632.9,91427.7,19433.2
"1562",2103967744,372244480,8141144064,3302,77897,0,14490.8,27.8,8119.6,47891,37060
"1563",2103967744,372244480,8141144064,3401,77798,1,22577,24,7371.9,72302.4,62752.5
"1564",2103443456,386924544,8014790656,3545,77655,1,22392.6,20.4,7667.6,77802.1,13123.5
"1565",2154299392,348127232,8014790656,3709,77491,0,16624.4,22.2,7531.7,48386.5,47928.7
"1566",2154823680,360710144,8149532672,3841,77358,0,24442.5,22.7,7494,77864.6,34973.6
"1567",2154823680,360710144,8149532672,3286,77913,0,24476.8,21.9,7466.4,79111.6,42739.5
"1568",2164785152,347602944,8149532672,3459,77741,1,15008.2,32.3,8189.8,46049.2,48920.4
"1569",2166358016,350748672,8137474048,3599,77601,1,29477.9,22.7,8544.8,74193.7,63823.2
"1570",2200961024,326631424,8137474048,3718,77481,0,30795.8,19.4,6671.8,80977.4,10854.7
"1571",2198339584,335544320,8136949760,3887,77312,0,14489.8,21.9,7202,64867.6,44776.5
"1572",2198339584,335544320,8136949760,3418,77782,0,29543.1,22.7,7313.2,56596.2,55518.5
"1573",2198339584,335544320,8136949760,3531,77669,1,25780.6,24.2,7677.2,76380.4,17104.6
"1574",2374500352,161480704,8093958144,3696,77503,1,12662.4,21.6,7097.3,76742.2,44843.2
"1575",2211446784,327155712,8087666688,3833,77366,0,29923.4,20.4,7154,42051.2,51658.7
"1576",2226651136,324534272,8087666688,3949,77250,0,26198.7,23.7,7678.1,81302,59487.5
"1577",2226651136,324534272,8087666688,3492,77708,0,16498,20.6,7202.5,77592.6,66710
"1578",2226651136,324534272,8158445568,3613,77586,1,33213.9,21.6,8305.1,39829.6,71745.5
"1579",2209873920,311951360,8170504192,3770,77429,1,32929.6,27.6,6749.7,78590.7,9866.9
"1580",2186805248,341311488,8156872704,3957,77242,0,19385.6,21.6,7144,80365.1,82647.8
"1581",2186805248,341311488,8168931328,4081,77118,0,36518.5,20.8,7096.9,42900.9,45447.3
"1582",2202533888,326631424,8168931328,3541,77659,0,31374.1,19.4,7749.8,79284.7,54572.2
"1583",2202533888,326631424,8168931328,3721,77479,1,15691.6,31.6,7348.4,45901.4,81693.4
"1584",2237136896,274202624,8156348416,3869,77331,1,30793.2,21.2,7490.9,71547.4,51247.6
"1585",2156396544,351797248,8176271360,3992,77208,0,34624.9,34,7260.2,80941.4,22821.4
"1586",2400714752,112721920,8167882752,4174,77026,0,16219.8,21.6,7456.2,82229.9,8660.6
"1587",2147483648,349700096,8167882752,3648,77551,0,32237.3,22.9,6963.1,43583,57766
"1588",2147483648,349700096,8167882752,3779,77420,1,40139.1,23.2,8678.9,76105.9,56113.8
"1589",2146435072,365953024,8156872704,3977,77222,1,21464.1,41.8,8291.3,80696.4,39548.1
"1590",2187853824,343408640,8152678400,4144,77056,0,43592.8,51,7117.1,48912.8,23742.1
"1591",2232418304,310902784,8152678400,4277,76923,0,39500.8,20.6,6922.2,79497.8,49172.5
"1592",2232418304,310902784,8152678400,3800,77399,0,21278.2,23.7,7501.9,80684.7,4134.5
"1593",2232418304,310902784,8154775552,3954,77245,1,33481.6,32.3,7367,46053.6,87958.8
"1594",2207776768,319815680,8127512576,4077,77123,1,32519.9,21.9,7491.7,71042.2,68484
"1595",2198339584,335544320,8141668352,4264,76935,0,21248,21,7176.1,81757.7,73076.3
"1596",2411200512,130547712,8141668352,4420,76780,0,33688,19.8,7301.1,51199.6,44313.2
"1597",2411200512,130547712,8137474048,3794,77406,0,36059.9,20.4,6919,71173.7,68269.4
"1598",2221408256,321388544,8137474048,3999,77201,1,21417.1,24.2,7653,80144.3,71764.6
"1599",2234515456,320339968,8156348416,4173,77027,1,42288.1,23.2,7676.9,46317.1,27583.9
"1600",2247098368,308281344,8172077056,4309,76890,0,45458.8,20.8,6844,75063.8,29069.9
