"","X2_jvm_heap_committed_value","X2_jvm_heap_usage_value","X2_jvm_pools_PS.Eden.Space_committed_value","X2_jvm_pools_PS.Old.Gen_usage_value","driver_BlockManager_memory_memUsed_MB_value","node5_CPU023_User.","node5_NETPACKET_em1.read.s","node5_NET_ib0.read.KB.s","node5_NET_ib0.write.KB.s","node6_NET_ib0.read.KB.s","node7_NET_ib0.write.KB.s","node8_CPU009_User.","node8_CPU015_User.","node8_NETPACKET_em1.write.s"
"1",6070730752,0.560198800899733,2252865536,0.422380363047368,675,1,535.6,472,858.9,20846.5,7294.9,3,3,2012.2
"2",6070730752,0.607022126995905,2252865536,0.422380363047368,553,1,707.3,30.5,383,10516,3624.2,0,2,1322.8
"3",6070730752,0.612939054577667,2252865536,0.422380363047368,568,0,431.9,6449.3,663.4,10659.5,7162.9,0,3.9,1177.7
"4",6070730752,0.616877085689135,2252865536,0.422380363047368,583,1,436.8,7104.3,652.8,9700.2,7206.2,0,2,1166.8
"5",6070730752,0.622392847720688,2252865536,0.422380363047368,590,0,413.8,6777.3,329.5,4.7,3585.3,0,3,1194.5
"6",6115819520,0.415419025625445,2254962688,0.42238751538647,606,1,2680.5,673.5,1637.4,22513.1,8462,2,4,2410.7
"7",6115819520,0.455697719424153,2254962688,0.42238751538647,560,1,1069.8,386.6,742.7,20209.9,7188.1,1,2,1387.5
"8",6115819520,0.461009121176896,2254962688,0.42238751538647,567,1,414.9,2.7,326.7,9820.1,3588.7,1,3,1231.2
"9",6115819520,0.46670359669397,2254962688,0.42238751538647,582,0,441.8,7081.3,652.3,10340.7,7153.6,0,4,1201.8
"10",6115819520,0.470741249970832,2254962688,0.42238751538647,597,0,440,6780.3,651.6,10149.8,7159.1,0,2,1228.4
"11",6115819520,0.565316073222005,2254962688,0.42238751538647,605,1,546.6,6934.4,569.3,1034.3,3729.2,0,2,1762.2
"12",6115819520,0.597348523054828,2254962688,0.42238751538647,551,0,494.4,354.8,659.3,21404.9,7184.4,0,2,1693.8
"13",6115819520,0.60128012858587,2254962688,0.42238751538647,566,1,439,7084.7,652.3,9749.4,7160,0,3,1228.4
"14",6115819520,0.607097225508759,2254962688,0.42238751538647,574,0,412.6,3.9,664.3,10435,3596,0,3,1207.5
"15",6115819520,0.612825529354675,2254962688,0.42238751538647,589,1,444.2,7087.9,655.6,9973.8,7166.1,0,3,1199.9
"16",6113722368,0.404099543780228,2254962688,0.42239466772557,543,3,3379.8,6762.6,1640,13326.9,8321.3,2,4,2414.3
"17",6113722368,0.44363829003229,2254962688,0.42239466772557,550,0,507.4,373.7,359.2,10075.4,3579.2,0,2,1285
"18",6113722368,0.449155335503599,2254962688,0.42239466772557,565,0,442.8,6458.8,656.4,10778.3,7167.4,0,3.9,1163.7
"19",6113722368,0.453546662868886,2254962688,0.42239466772557,580,1,443.9,7102.2,659.1,10128.4,7181.7,0,2,1236.5
"20",6113722368,0.459290950516363,2254962688,0.42239466772557,588,0,417.6,326.7,328.9,10040.8,3582.9,0,3,1175.3
"21",6113722368,0.545453707289807,2254962688,0.42239466772557,603,1,580.8,6848.7,777.9,10750.8,7340.5,1,3,2105.5
"22",6113722368,0.602417858640298,2254962688,0.42239466772557,556,1,607.3,13233.9,791.5,642.9,7237.6,0,3,1346.2
"23",6113722368,0.608226331895735,2254962688,0.42239466772557,564,0,414.5,324.8,326.9,9994.1,3594,0,2,1217.2
"24",6113722368,0.613932203310134,2254962688,0.42239466772557,579,1,440,13191.6,981.6,327.8,7180.2,1,5,1175.4
"25",6113722368,0.617861109950719,2254962688,0.42239466772557,594,0,439.9,6774,656.3,10445.2,7173.5,0,3,1155.4
"26",6117392384,0.403657246343188,2262827008,0.422401820064671,601,2,2874.2,6732.3,1309.3,2814.7,4934.5,2,4,2442.8
"27",6117392384,0.444250528513157,2262827008,0.422401820064671,549,0,441.6,6756.3,655.2,10520.6,7162.4,0,2.9,1186.1
"28",6117392384,0.448138169160553,2262827008,0.422401820064671,564,1,446.8,649.2,654.1,19343.4,7164.9,0,3,1242.4
"29",6117392384,0.4537535533575,2262827008,0.422401820064671,571,0,417.1,324.1,326.3,9854,3572.4,0,2,1183.3
"30",6117392384,0.459437330749394,2262827008,0.422401820064671,586,1,446,7064.9,658.3,9998.3,7179.5,1,2,1237.7
"31",6117392384,0.543517607511056,2262827008,0.422401820064671,601,0,573.4,431.1,830.8,20739,7287.6,0,5,1823.2
"32",6117392384,0.581084548166511,2262827008,0.422401820064671,549,1,483.9,6766.2,384.3,771,3655.1,3,3,1742.9
"33",6117392384,0.58687223388873,2262827008,0.422401820064671,563,0,439.7,6737.4,657.5,10404.3,7164,0,3,1188.8
"34",6117392384,0.590858858648613,2262827008,0.422401820064671,578,0,437.8,6763.2,655.1,10658,7467.8,0,2,1190.9
"35",6117392384,0.596704130479183,2262827008,0.422401820064671,586,1,405.9,6433.7,328,646.1,3590.2,0,3,1208.3
"36",6117916672,0.392314019290931,2262827008,0.422408972403773,541,1,2845.6,7399.3,1656.9,12438.1,8476.1,4,7,2418.6
"37",6117916672,0.434924087168194,2262827008,0.422408972403773,556,1,445.6,647.9,652.4,20165.3,7172.8,0,3,1188.4
"38",6117916672,0.440725651850775,2262827008,0.422408972403773,563,0,413,2.7,326.9,10026.1,3591.6,0,3,1174
"39",6117916672,0.446359078591422,2262827008,0.422408972403773,578,1,443,647.6,653.3,19483.1,7253.4,0,2,1217.7
"40",6117916672,0.450391121403066,2262827008,0.422408972403773,593,0,445.9,7083.7,652.6,10372,7170.5,2,4,1173.8
"41",6117916672,0.543792779090083,2262827008,0.422408972403773,601,1,590.5,197.2,502.8,11386.2,3687.1,1,3,2019.7
"42",6117916672,0.578429883471298,2262827008,0.422408972403773,548,0,514.7,25.7,703.5,20111.8,7201.2,0,2,1367.5
"43",6117916672,0.583035085332882,2262827008,0.422408972403773,563,0,440,6800.1,653.6,10534.9,7166.3,0,3,1188.8
"44",6117916672,0.588651980321769,2262827008,0.422408972403773,571,1,411.7,6801.6,645.7,10129.1,3589.7,0,3,1210.7
"45",6117916672,0.594471697557172,2262827008,0.422408972403773,586,0,437,648.1,653.5,10193.7,7182.4,0,3,1201.8
"46",6123683840,0.382656202182702,2271215616,0.422423277081974,601,4,3325.6,7163.1,1604.9,12919.7,8499.5,2,5,3145.6
"47",6123683840,0.435422575169296,2271215616,0.422423277081974,549,0,498.6,339.9,359.9,19741,3602,0,3,1148.6
"48",6123683840,0.441294754183381,2271215616,0.422423277081974,564,1,440.8,326.6,653,10411.2,7180,0,3,1226.3
"49",6123683840,0.445409818260069,2271215616,0.422423277081974,579,0,443.2,327.1,654,20147.1,7185,0,3,1169.9
"50",6123683840,0.451270318496231,2271215616,0.422423277081974,587,1,419.1,2.7,327,20799.8,3587.7,0,3,1219.8
"51",6123683840,0.536496711150528,2271215616,0.422423277081974,602,0,594.6,6945.2,753,644.3,7260.9,1,3,2083.3
"52",6123683840,0.552339620362334,2271215616,0.422423277081974,617,1,471.7,6872.8,808.8,11033,7291.1,1,3,1329
"53",6123683840,0.605780894073344,2271215616,0.422423277081974,565,1,497.3,330.4,662.7,20180.6,3924.2,2,4,1179.8
"54",6123683840,0.611498274537306,2271215616,0.422423277081974,580,0,432.9,6810.2,663,12.9,6849,2,2,1148.5
"55",6123683840,0.615462575827088,2271215616,0.422423277081974,595,0,442.8,13297.6,659.1,331,7176.4,3,4,1178.6
"56",6123683840,0.404827532811467,2271215616,0.422431859888896,603,1,2817.6,534.6,1515.4,12520,5272.4,2,4,2289.5
"57",6123683840,0.44221031505372,2271215616,0.422431859888896,550,1,955.3,13010.5,417.4,332.9,6847.1,0,3,1175.9
"58",6123683840,0.446757577730057,2271215616,0.422431859888896,565,1,439.8,12973.2,658.7,1299.6,7171.5,0,3,1208.4
"59",6123683840,0.452631745289984,2271215616,0.422431859888896,573,0,435.9,6796.1,652.8,10724.1,7155.9,1,3.1,1190.1
"60",6123683840,0.458665210249266,2271215616,0.422431859888896,588,1,416.8,3.4,329.7,10370.8,3583.7,0,3,1138.7
"61",6123683840,0.54946231396766,2271215616,0.422431859888896,603,1,492,6634.2,788.3,11660.6,7391.3,1,3,1985
"62",6123683840,0.597779414117484,2271215616,0.422431859888896,551,0,525.5,346,708.7,19960,7213.7,0,3,1355.2
"63",6123683840,0.603710398769614,2271215616,0.422431859888896,566,0,410.9,6413.4,333.6,653,3511.7,0,3,1212.8
"64",6123683840,0.607620302120168,2271215616,0.422431859888896,581,1,436.8,324.9,653,20034.1,7030,0,3,1190.6
"65",6123683840,0.613526052775143,2271215616,0.422431859888896,589,0,433,6488.4,651.6,10655.4,7165.6,0,2,1218.5
"66",6123159552,0.377569875950278,2276982784,0.422443303631457,604,1,3080,7133.3,1321.3,2650.2,4872.5,3,5,2725.8
"67",6123159552,0.449412652078287,2276982784,0.422443303631457,559,1,510.7,6840.3,770.9,10682.1,7223.9,0,2,1240.2
"68",6123159552,0.455338279810033,2276982784,0.422443303631457,567,0,440.9,7129.5,652.9,10013.3,7167.2,0,2,1154.7
"69",6123159552,0.461165454616196,2276982784,0.422443303631457,582,1,417.9,6817.5,333.5,328.8,3950,0,2,1142.7
"70",6123159552,0.465539525217226,2276982784,0.422443303631457,597,0,442.7,6797,655.9,10201.1,7148.8,2,3,1166.4
"71",6123159552,0.54165634641409,2276982784,0.422443303631457,605,1,494.8,13420.8,855.5,1316.7,7485.8,2,19.2,2208.8
"72",6123159552,0.589364458066819,2276982784,0.422443303631457,553,0,495.5,6492.1,332.7,762.7,3577,1,3,1253.6
"73",6123159552,0.593826552728675,2276982784,0.422443303631457,568,0,437.8,6795.9,991.7,9967.4,7144.5,1,3,1223.6
"74",6123159552,0.598952839512709,2276982784,0.422443303631457,576,1,436.8,6803.1,656.9,10095.1,7179.4,0,3,1274.5
"75",6123159552,0.604904019744211,2276982784,0.422443303631457,591,0,410.9,6474.3,330.2,649.1,3571.3,0,3,1209.6
"76",6124208128,0.39260938644933,2276982784,0.422451886438378,546,2,3259.1,7204.5,1816.5,13935,8510.9,2,5,2649.3
"77",6124208128,0.429654463736836,2276982784,0.422451886438378,554,1,437.6,6475.8,653.7,10992.5,7142.4,0,2,1165.3
"78",6124208128,0.435664368933028,2276982784,0.422451886438378,569,0,412.7,6482.5,330.7,650.3,3581.8,0,2,1203.5
"79",6124208128,0.439617788749094,2276982784,0.422451886438378,584,1,444,7113.9,650.5,9961.9,7144.3,0,3,1165.5
"80",6124208128,0.445466005681014,2276982784,0.422451886438378,592,0,638.4,13606.1,661.8,331.1,7170.8,0,2,1272.2
"81",6124208128,0.56569804060888,2276982784,0.422451886438378,607,2,615.2,475.4,569.9,11216.7,3876.8,0,3,2018.9
"82",6124208128,0.594994244029384,2276982784,0.422451886438378,622,0,438.6,6787.7,654.7,10705.8,7144.2,1,2,1217.4
"83",6124208128,0.600716751966133,2276982784,0.422451886438378,630,1,440,6820.4,974.3,10164.5,7155.8,0,3,1198.5
"84",6124208128,0.606576528237502,2276982784,0.422451886438378,645,0,407.6,3.1,328.3,10264.6,3576.8,0,2,1179.5
"85",6124208128,0.610715156268104,2276982784,0.422451886438378,660,1,436.1,12981.9,657.3,974.9,7170.4,0,3,1190.4
"86",6116343808,0.399092135996453,2270691328,0.42348611467238,668,11,2885.9,7031.9,1670.1,12838.6,8320.7,3,5,2429.5
"87",6116343808,0.453547251679615,2270691328,0.42348611467238,554,1,468.8,328.9,331.2,10131,3585.8,0,4,1172.5
"88",6116343808,0.458020099995065,2270691328,0.42348611467238,569,0,447.8,649.9,651.8,19814.9,7155.2,3,3,1209.1
"89",6116343808,0.46308518922843,2270691328,0.42348611467238,577,1,447.1,13621.1,659,7.3,7151.2,3,4,1153.6
"90",6116343808,0.469038074077469,2270691328,0.42348611467238,592,0,417.7,5.4,329.6,10549.6,3592.1,0,2,1155.4
"91",6116343808,0.545058987226436,2270691328,0.42348611467238,607,1,547.9,6872.2,773.2,10832.3,7399.2,1,3,2280.3
"92",6116343808,0.581977241807376,2270691328,0.42348611467238,554,0,521.5,672.2,714.1,20115.6,7217.3,3,2,1184.4
"93",6116343808,0.599581229428085,2270691328,0.42348611467238,570,1,411.7,6493.6,328.7,645.4,3582.1,1,3,1192.4
"94",6116343808,0.60403014394943,2270691328,0.42348611467238,585,0,440,13311.5,654.2,327.2,7170.3,3,3,1199.7
"95",6116343808,0.609892417951718,2270691328,0.42348611467238,592,1,433.7,13318.4,655.9,653.2,7183.6,3,3,1133.5
"96",6125256704,0.403254622386334,2270691328,0.423538484602176,547,3,3423.7,582.8,1334.8,11850.7,5122.1,5.9,5,2572
"97",6125256704,0.446233016519355,2270691328,0.423538484602176,562,1,440.6,6821.1,653.1,10183.4,7171.3,0,4,1196.2
"98",6125256704,0.45200960703585,2270691328,0.423538484602176,569,0,442.8,7138.7,654.5,10127.2,7176.8,0,3,1160.4
"99",6125256704,0.457334994614959,2270691328,0.423538484602176,584,1,415.8,6507,331,327.1,3598.3,0,2,1232.3
"100",6125256704,0.461797068322697,2270691328,0.423538484602176,600,0,438.6,6827.2,652.7,10786.7,7192.8,0,3,1205.3
"101",6125256704,0.544115226303474,2270691328,0.423538484602176,607,2,538.7,13384.2,767.9,1770.3,7424.7,11,4,2070.8
"102",6125256704,0.592111426701555,2270691328,0.423538484602176,554,0,490.7,6841.9,371.6,528.5,3643.9,1,3,1283.1
"103",6125256704,0.596221929066655,2270691328,0.423538484602176,570,1,440.7,7149.3,1002.8,10106.3,7180.7,0,3,1233.3
"104",6125256704,0.602081098716294,2270691328,0.423538484602176,577,1,435.9,12988.2,655.5,650,7479.8,1,4,1241.3
"105",6125256704,0.607800524302218,2270691328,0.423538484602176,592,1,409.6,6489.5,331.9,328.2,3589.5,0,3,1177.5
"106",6120013824,0.403922851319432,2272788480,0.423538484602176,608,2,2848.2,7316.7,1519.8,12575.8,8642.6,11.1,9.2,2620.2
"107",6120013824,0.448694798554146,2272788480,0.423538484602176,555,1,655.1,6555.5,731.5,11063.8,7180.6,0,3,1292.9
"108",6120013824,0.454655836650678,2272788480,0.423538484602176,570,0,416.8,326.4,328.3,10086.1,3592.5,0,2,1222.4
"109",6120013824,0.458790359769474,2272788480,0.423538484602176,585,1,440.1,6827.3,659,-1,7250.3,0,2,1195.3
"110",6120013824,0.464491619182399,2272788480,0.423538484602176,593,0,521.4,648.3,650.7,10400.4,7170.5,0,3,1191.6
"111",6120013824,0.573331590341821,2272788480,0.423538484602176,608,0,596.2,6929.2,551.9,19548.8,3830.7,1,2,1974.8
"112",6120013824,0.610161783144521,2272788480,0.423538484602176,623,1,443.8,13348.8,657.3,1383.7,7169.6,1,3,1238.2
"113",6120013824,0.61589119860642,2272788480,0.423538484602176,631,1,439.9,13688.1,975.3,329.7,7165.7,0,2,1136.6
"114",6120013824,0.621686556679114,2272788480,0.423538484602176,646,0,410.6,3.9,328.6,328.9,3579.9,0,3,1159.5
"115",6120013824,0.625762254253451,2272788480,0.423538484602176,661,1,442,13342.7,658.5,10435,7160.2,0,3,1166.4
"116",6123683840,0.42633364247084,2272788480,0.423588550975883,669,2,3174.6,7355.8,1601.4,708.4,8784,3,7,2619.1
"117",6123683840,0.469526695831894,2272788480,0.423588550975883,555,0,416.5,6834.4,329.5,12444.2,3588.9,0,3,1214.2
"118",6123683840,0.473995474857539,2272788480,0.423588550975883,571,1,442.9,13344.6,656.5,652.1,7173.5,2,4,1204.5
"119",6123683840,0.479924373527177,2272788480,0.423588550975883,578,1,436.8,13031.6,653.2,328.8,7170,0,2,1238.4
"120",6123683840,0.485789612537228,2272788480,0.423588550975883,593,0,415.7,6835.2,331.6,971.7,3586.9,-1,-1,-1
"121",6123683840,0.594564315808471,2272788480,0.423588550975883,609,1,506.5,7196.3,782.2,728.2,7465.6,0,3,1215
"122",6123683840,0.625866583761557,2272788480,0.423588550975883,556,1,538.7,13681.6,658.4,10740.6,7177.5,0,3,1918.5
"123",6123683840,0.635721038508238,2272788480,0.423588550975883,586,-1,-1,-1,-1,658.4,3653.3,0,2,1221.1
"124",6123683840,0.641691392805838,2272788480,0.423588550975883,594,0,429.7,6517.8,656.5,10154.5,7119.5,1,3,1215.3
"125",6120538112,0.430155498711037,2264399872,0.42362441744198,609,1,439,6851.8,659,10516.9,7182.4,0,3,1262.1
"126",6120538112,0.462870782497524,2264399872,0.42362441744198,624,3,2774.2,6768.4,1670.5,3075.1,5315.3,2,4,2331.2
"127",6120538112,0.468948854584185,2264399872,0.42362441744198,632,0,433.8,6525.6,331.7,10148.2,6848.8,0,3,1207.9
"128",6120538112,0.474783015493442,2264399872,0.42362441744198,647,1,442.8,6526.7,658.2,10736.3,7187.1,0,4,1154.9
"129",6120538112,0.478847593764819,2264399872,0.42362441744198,663,0,427.8,5.3,653.6,20103.1,6537.6,0,3,1212.4
"130",6120538112,0.547648600908597,2264399872,0.42362441744198,670,1,455.1,6869.7,360.2,33.6,4265.1,1,3,1215.2
"131",6120538112,0.609535497022638,2264399872,0.42362441744198,686,0,541.6,6916.8,832,11241.3,7357.9,1,4,2230.4
"132",6120538112,0.613607917372848,2264399872,0.42362441744198,701,1,438.9,329.7,655.7,20463.1,7191.4,0,3,1157.5
"133",6120538112,0.619484668575581,2264399872,0.42362441744198,709,0,415.9,6855.3,662.3,327.9,3595.1,0,3,1243
"134",6120538112,0.625472691385866,2264399872,0.42362441744198,724,0,436.6,13050.6,657.7,976.4,7192.6,1,4,1228.3
"135",6122110976,0.426273795413107,2264399872,0.42656692048083,739,2,598.5,6911.8,708.8,10183.2,7228,2.9,2,1292.9
"136",6122110976,0.478854066492011,2264399872,0.42656692048083,557,2,3478.9,7059.1,1342,2239.5,5230.2,18.2,5.1,2534.1
"137",6122110976,0.484756800801634,2264399872,0.42656692048083,572,0,444.6,6850.2,657.5,10873.7,7199.7,3,3,1139.6
"138",6122110976,0.488780733321729,2264399872,0.42656692048083,588,0,441,7171.4,655.9,10121.6,7200,4,3,1176.4
"139",6122110976,0.494688253552008,2264399872,0.42656692048083,595,1,419.6,327.9,329.3,9771.8,3895.5,2,3,1155.2
"140",6122110976,0.588950008653213,2264399872,0.42656692048083,611,0,471.1,24.1,698.2,20590.9,7215.5,4,2,1273
"141",6122110976,0.640712384960213,2264399872,0.42656692048083,565,1,564.7,6927.2,870.2,11700.9,7398.5,3,5,2262
"142",6122110976,0.646683319686894,2264399872,0.42656692048083,573,0,487.7,6847.5,326.9,380.5,3589.7,0,3,1204.3
"143",6122110976,0.652549321426857,2264399872,0.42656692048083,588,0,438.8,6518,974.3,10811.7,7180.6,0,2,1157.4
"144",6094848000,0.354822099618092,2237136896,0.426581225159032,603,1,441.7,7164,656.1,10247.3,7192.5,0,3,1165.5
"145",6094848000,0.451717316989747,2237136896,0.426581225159032,611,1,622.1,56.9,385.5,10353.6,3624.7,5,3,1332.8
"146",6094848000,0.490699457945453,2237136896,0.426581225159032,558,2,2782.8,823.3,1546.3,22847.4,8700.9,14.9,4,2369.9
"147",6094848000,0.494573753962508,2237136896,0.426581225159032,573,0,448.7,13357.3,660.3,660.4,7174.3,4,3,1202.5
"148",6094848000,0.500234144462789,2237136896,0.426581225159032,581,1,413.6,325.1,327.2,9784.7,3584.6,0,3,1205.4
"149",6094848000,0.506480922347993,2237136896,0.426581225159032,596,0,440.9,3,653.2,20392,7154.9,0,3,1158.4
"150",6094848000,0.601885940438606,2237136896,0.426581225159032,612,1,474.9,7210.5,701.6,9470.6,7182.9,2,4,1182.2
"151",6094848000,0.633997941534456,2237136896,0.426581225159032,558,0,516.1,488.8,540.5,10870.6,3753.7,1,2,2083.7
"152",6094848000,0.639729152764308,2237136896,0.426581225159032,573,1,515.5,6511.9,652.9,10776.8,7159.3,2,4,1171.4
"153",6094848000,0.643834606234564,2237136896,0.426581225159032,589,0,434.6,324.8,653.3,20093.4,7162.6,4,3,1120.2
"154",6108479488,0.356400373249845,2237136896,0.426581225159032,596,1,407.9,3,327.3,10077.3,3580.4,0,2,1177.1
"155",6108479488,0.45387885898589,2237136896,0.426581225159032,612,8,726.5,6852.8,709.2,10512.4,7193.2,0,3,1282.3
"156",6108479488,0.495347649276469,2237136896,0.426581225159032,566,2,2643.7,7320.2,1576.4,12571.4,8683.2,1,4,2325.8
"157",6108479488,0.501190742926426,2237136896,0.426581225159032,574,0,422.8,6849.6,332.6,326.8,3582,0,3,1244.6
"158",6108479488,0.507043485947933,2237136896,0.426581225159032,589,0,437.5,6524.5,661.1,11056.8,7164.8,0,3,1202.1
"159",6108479488,0.511013633436765,2237136896,0.426581225159032,604,1,441.6,6531.7,664.1,10558.2,7165.8,0,3,1120.6
"160",6108479488,0.608837983661286,2237136896,0.426581225159032,612,0,466.8,6545.2,368.3,350.2,3598.6,0,3,1276
"161",6108479488,0.639326535093689,2237136896,0.426581225159032,558,0,529.4,6551.5,766.2,11611.4,7438.1,1,5.1,1898.3
"162",6108479488,0.643157145964579,2237136896,0.426581225159032,574,1,438.8,13354.4,665.3,354.9,7170.9,0,2,1279.1
"163",6103760896,0.355941414145512,2238709760,0.426585516562493,581,0,415.7,6513.2,649,651.3,3580.4,0,4,1149.2
"164",6103760896,0.361758573930757,2238709760,0.426585516562493,597,1,435.4,332.1,659.2,20456.9,7153.6,0,2,1205.9
"165",6103760896,0.454774849757294,2238709760,0.426585516562493,550,1,707.3,13377.2,707.4,693.3,7176.8,13.1,5.1,1435.3
"166",6103760896,0.494525499770812,2238709760,0.426585516562493,558,6.9,3292.3,7057,1620.8,2263.2,5070.7,7.9,2,2348.6
"167",6103760896,0.500713658509625,2238709760,0.426585516562493,573,1,447.3,6827.1,669,10748.1,7150.8,2,3,1181.5
"168",6103760896,0.504600008383324,2238709760,0.426585516562493,589,0,436.7,6834.6,661.8,10405.7,7143.8,4,2,1223.2
"169",6103760896,0.510189877797928,2238709760,0.426585516562493,596,1,418.7,327.3,329.5,9790.2,3575.1,2,3,1169.3
"170",6103760896,0.619622988806947,2238709760,0.426585516562493,612,11.1,550.6,27.7,697.5,20271.7,7172.2,4,3,1207.3
"171",6106906624,0.362873611722599,2238709760,0.426591238433774,627,4,487.5,88.9,872.6,21120.4,7351.5,2.9,4,2221.4
"172",6106906624,0.368204594051337,2238709760,0.426591238433774,634,0,416.8,333.3,335.9,10145.1,3583.5,0,3,1179.3
"173",6106906624,0.374186232141727,2238709760,0.426591238433774,649,1,439,13235,951,331.7,7154.3,1,5,1179.7
"174",6106906624,0.378480760909083,2238709760,0.426591238433774,665,1,436.7,13014.8,669.8,1306.7,7447,0,2,1195.3
"175",6106906624,0.45625284431204,2238709760,0.426591238433774,672,0,712.9,6573.5,387.2,356.7,3599.7,15,5,1318
"176",6106906624,0.510460149256353,2238709760,0.426591238433774,558,2,2315.6,6606,1757.6,13937.9,8724.5,4,3,2251.3
"177",6106906624,0.51452293909372,2238709760,0.426591238433774,573,0,600.1,6836.5,664.6,10435.7,7156.3,0,3,1180.9
"178",6106906624,0.520077304897712,2238709760,0.426591238433774,581,1,412.8,6833.4,333.5,327.2,3576.8,0,3,1188.2
"179",6106906624,0.525965290651057,2238709760,0.426591238433774,596,1,501.6,657.7,663.1,19511.7,7237.4,2,4,1179.9
"180",6106906624,0.621484657461517,2238709760,0.426591238433774,611,0,583.4,345.9,672.8,20250.1,7163.1,0,3,1326.6
"181",6104285184,0.366942425869023,2247622656,0.426596960305054,619,1,460.8,6870.2,468,902.5,3727.8,1,3,2124.9
"182",6104285184,0.381503588417931,2247622656,0.426596960305054,573,0,440.7,6850.8,720.9,10540.4,7201.7,0,3,1129.9
"183",6104285184,0.385350580170927,2247622656,0.426596960305054,588,1,523.3,339.5,671.9,19925.6,7167,0,2,1124.6
"184",6104285184,0.390939721429914,2247622656,0.426596960305054,596,1,419.9,333.3,335.6,9836.2,3583.8,2,4,1279.9
"185",6104285184,0.488609686948152,2247622656,0.426596960305054,611,2,1132.2,13322.3,739.5,406.7,7185.5,14,4,1422.3
"186",6104285184,0.534040264034297,2247622656,0.426596960305054,565,2,2763.7,7044.7,1799.3,13186.1,8744.4,4,3,2335.2
"187",6104285184,0.539757997575156,2247622656,0.426596960305054,573,0,426.7,334.8,337,10023.9,3583.3,3,2,1146.4
"188",6104285184,0.54542939108304,2247622656,0.426596960305054,588,1,447.9,13677.1,679.6,5.1,7170.8,1,3,1187.7
"189",6104285184,0.549760971970363,2247622656,0.426596960305054,603,0,442.6,10.9,670.7,19902.2,7164.7,2,4,1220.4
"190",6104285184,0.645863448941619,2247622656,0.426596960305054,611,1,553.6,6536.1,395.8,10570.8,3620.8,11.1,3,1477.7
"191",6107430912,0.382546376409324,2247622656,0.426606973579796,558,1,532.4,736.3,858.5,10315.2,7388.5,2,3,1863.4
"192",6107430912,0.38634927545855,2247622656,0.426606973579796,573,1,443.7,6835.1,675.1,10178.7,7171.9,4,3,1219.3
"193",6107430912,0.391862180396051,2247622656,0.426606973579796,581,0,428.6,7166,1001,7.9,3916.5,4,3,1174.8
"194",6107430912,0.397987109034705,2247622656,0.426606973579796,596,1,439.9,6849.9,346,10173.5,6837.9,2,3,1164.1
"195",6107430912,0.479236626880439,2247622656,0.426606973579796,611,1,892.7,7196.7,794.6,10590.9,7243.4,5,6.1,1540.1
"196",6107430912,0.519638731007522,2247622656,0.426606973579796,558,1,2995.8,6740.6,1691.3,13593.6,5221.6,1,4,2327.4
"197",6107430912,0.525947240773415,2247622656,0.426606973579796,573,1,436.7,8.9,340.9,10431.1,6841,0,3,1150.5
"198",6107430912,0.529906258482227,2247622656,0.426606973579796,588,1,446.5,13340.9,677.4,666.7,7176.9,2,3,1187.5
"199",6107430912,0.535498285123327,2247622656,0.426606973579796,596,1,442.5,13683,673.7,338.1,7155.4,4,3,1201.2
"200",6115819520,0.358612695456664,2263351296,0.426611264983256,611,0,528.8,6539,369.4,815.7,3611.9,0,19.4,1369.4
"201",6115819520,0.395129223964726,2263351296,0.426611264983256,565,1,517.4,6568.6,838,11676.7,7514.4,0,2,1841.1
"202",6115819520,0.400809628791254,2263351296,0.426611264983256,573,1,445.9,6855.4,673.7,10138.6,7178.2,0,3,1195.2
"203",6115819520,0.40663155773386,2263351296,0.426611264983256,588,0,420.8,6.8,647.9,10114.6,3586.8,1,3,1125.3
"204",6115819520,0.410657831876692,2263351296,0.426611264983256,604,1,444.9,7188.5,674.9,10431,7169.6,0,3,1212
"205",6115819520,0.509060799699012,2263351296,0.426611264983256,611,1,849.6,363,807.4,20418.6,7294.3,2,6,1688.1
"206",6115819520,0.53864872216589,2263351296,0.426611264983256,627,1,2706.4,557.7,1608.3,12197.3,4950.7,0,3,2085.7
"207",6115819520,0.54314687781791,2263351296,0.426611264983256,642,1,448.7,6857,673.9,10683,7175.4,0,2,1237.9
"208",6115819520,0.549024610721093,2263351296,0.426611264983256,650,0,446.6,6537.3,673.8,10745.8,7181.1,1,2,1159.8
"209",6115819520,0.554930027157879,2263351296,0.426611264983256,665,1,424.7,334.8,337.4,9823.1,3893.2,2,3,1177
"210",6115819520,0.625611099624529,2263351296,0.426611264983256,681,0,568.7,6892.6,715,10899.9,7214.1,4,3,1524
"211",6117392384,0.395066287222225,2263351296,0.426629861064919,559,1,452.7,7236.3,823,10662.1,7331.4,2,2,1798
"212",6117392384,0.403795983561511,2263351296,0.426629861064919,574,0,561.3,9.3,340.3,10225.1,3587.2,0,3,1167
"213",6117392384,0.407845652977604,2263351296,0.426629861064919,589,0,447.9,7182.3,675,10117.8,7177,2,4,1104
"214",6117392384,0.413620640504036,2263351296,0.426629861064919,597,0,440.7,336.8,667,20511.9,7211,3,3,1162
"215",6117392384,0.510128065243883,2263351296,0.426629861064919,612,20,962.2,6869.9,490.7,270.7,3697.9,5,5,1722.3
"216",6117392384,0.54683004922508,2263351296,0.426629861064919,628,1,2580.3,7086.1,1731.9,12574.5,8611,1,4,2181.2
"217",6117392384,0.55283511087679,2263351296,0.426629861064919,635,0,441.6,6524.5,662.3,10844.8,7174.2,0,3,1151.4
"218",6117392384,0.558597620225679,2263351296,0.426629861064919,651,1,417.8,330.6,332.8,9778.3,3603.4,0,3,1201.9
"219",6117392384,0.562765725462426,2263351296,0.426629861064919,666,0,447,6863.5,663.9,10783.3,7197.3,0,5,1168.1
"220",6105858048,0.36098052446281,2243428352,0.42663987433966,674,1,577.4,373.1,751.2,20535.2,7245.1,1,3,1427.7
"221",6105858048,0.397877410033744,2243428352,0.42663987433966,559,0,581.5,474.1,502.5,10824.4,3823.6,0,3,1905.4
"222",6105858048,0.401784139883057,2243428352,0.42663987433966,575,8.9,634.6,6849.2,665.7,10304.2,7197.6,0,3,1300.8
"223",6105858048,0.407509799319222,2243428352,0.42663987433966,582,0,443.6,6854.6,1010.3,10102.8,7215.4,0,3,1245.2
"224",6105858048,0.413342543730072,2243428352,0.42663987433966,597,1,417.8,2.7,330.2,10111.8,3603,0,3,1274.7
"225",6105858048,0.522542055083382,2243428352,0.42663987433966,552,0,913.9,43,869.3,20677.8,7338.2,0,4,1659.1
"226",6105858048,0.554528262319882,2243428352,0.42663987433966,559,2,2682.4,353.6,1506.3,22720.5,8359.7,0,2,2173.7
"227",6105858048,0.56043457244982,2243428352,0.42663987433966,575,0,421.8,6529.6,334.6,331.5,3601,1,3,1190.4
"228",6105858048,0.564496684421454,2243428352,0.42663987433966,590,1,444.7,13720.6,669.9,660.9,7213.1,0,3,1156.1
"229",6105858048,0.570346140789481,2243428352,0.42663987433966,598,0,443.6,6527.4,665.2,10310.7,7203.1,0,3,1173.7
"230",6111625216,0.372331835613968,2243428352,0.426707106327209,613,1,492.7,27.8,393,10465,3690.6,1,3,1412.9
"231",6111625216,0.405661707885709,2243428352,0.426707106327209,628,0,448.9,435.7,805.2,20570.7,7562.5,1,2,1781.9
"232",6111625216,0.411692627967304,2243428352,0.426707106327209,636,0,439,6540.8,662.7,10731.8,7201.2,3,3,1167.5
"233",6111625216,0.417517293517781,2243428352,0.426707106327209,651,1,417.8,6861.9,660.5,4.3,3602.7,1,3,1179
"234",6111625216,0.42158467754562,2243428352,0.426707106327209,667,0,440.6,13058.2,667.3,986.2,7197.5,4,2,1171.6
"235",6111625216,0.523654496659947,2243428352,0.426707106327209,674,2,999.1,6591.9,933.9,11028.6,7587.3,4,4.9,1811.1
"236",6111625216,0.55543083058907,2243428352,0.426707106327209,690,1,2492.2,279.7,1199.6,11799.8,4795.9,2,2,1861.2
"237",6111625216,0.559499735885909,2243428352,0.426707106327209,705,0,444.8,13374,668.4,331.7,7186,0,2,1140.1
"238",6111625216,0.565354416115668,2243428352,0.426707106327209,713,0,441.6,13038,665.2,658.1,7175,0,4,1145.5
"239",6111625216,0.571149541597647,2243428352,0.426707106327209,728,1,421.7,6851.4,333.5,3.7,3595.4,0,3,1205.8
"240",6111625216,0.633764930689476,2243428352,0.426707106327209,743,1,605.4,7209.4,715.3,10491.7,7301.1,0,3,1531.8
"241",6081740800,0.405365888118351,2216165376,0.429628149554874,559,0,448.7,7236.7,813.6,11007.3,7459.6,1,3,1857.1
"242",6081740800,0.411775429214104,2216165376,0.429628149554874,574,1,642,5.1,336.5,10051.2,3589.5,0,3,1151.3
"243",6081740800,0.415889457109635,2216165376,0.429628149554874,590,0,440.9,6524.6,666.7,11133.2,7159.5,0,2,1154.2
"244",6081740800,0.422132453824163,2216165376,0.429628149554874,597,1,437.7,6851,663,10633.3,7428,0,3,1172
"245",6081740800,0.508989527408188,2216165376,0.429628149554874,613,1,1362.7,53.3,612.6,11602.8,4084.7,0,3,1870.8
"246",6081740800,0.560036894712629,2216165376,0.429628149554874,628,1,1933.3,7377.5,1459.5,11647.6,8091,1,2,1721.9
"247",6081740800,0.565919310861287,2216165376,0.429628149554874,636,1,444.7,330.5,662.9,20089.5,7142.9,0,3,1157.3
"248",6081740800,0.571869328139215,2216165376,0.429628149554874,651,0,414.9,3.5,331.8,10207.4,3571.1,0,3,1231.1
"249",6081740800,0.57586144916437,2216165376,0.429628149554874,667,0,450.9,656.9,662.3,19966.7,7228.9,1,2,1215
"250",6076497920,0.390751205607778,2216165376,0.429662585553151,674,1,653.7,13755.5,777.9,373.9,7290,1,5,1633.1
"251",6076497920,0.435081457836358,2216165376,0.429662585553151,559,0,421.8,393.3,456.8,10500.1,3779.4,0,3,1762.8
"252",6076497920,0.439229457596441,2216165376,0.429662585553151,575,1,588.3,6835.8,666.6,10494.4,7148.2,1,2,1160.4
"253",6076497920,0.445152293191903,2216165376,0.429662585553151,582,0,442.7,3.5,986.3,20444.3,7139.8,0,2,1254.1
"254",6076497920,0.45081670897834,2216165376,0.429662585553151,598,1,417.9,331.9,334.6,9764.5,3592.5,0,2,1200.4
"255",6076497920,0.538669345209278,2216165376,0.429662585553151,552,1,1330.4,13451.3,979.6,1614.7,7811.2,2,6.1,2017.4
"256",6076497920,0.571927996527785,2216165376,0.429662585553151,559,2,2662.1,7083.4,1410.4,11688.7,7991,0,2,1650.3
"257",6076497920,0.577796008815414,2216165376,0.429662585553151,574,1,416.6,6519,334.7,666.3,3597,0,2,1164.5
"258",6076497920,0.581783639372983,2216165376,0.429662585553151,590,0,444.7,13676.5,668.2,4.7,7188.5,0,4,1183.4
"259",6076497920,0.587529662021468,2216165376,0.429662585553151,597,0,452.6,654.8,660.1,19848.6,7177,0,2,1178.1
"260",6095372288,0.399378403828911,2208301056,0.429662585553151,613,2,829.4,6587.7,482.9,11003.4,3803.4,0,3,1731
"261",6095372288,0.442747894010515,2208301056,0.429662585553151,567,0,511.1,693.6,807.3,10403.2,7458.6,1,3,1750.1
"262",6095372288,0.448576968307516,2208301056,0.429662585553151,575,0,442.9,13347.1,663.9,661.4,7173.6,0,2.9,1134.5
"263",6095372288,0.454394185716587,2208301056,0.429662585553151,590,1,417.6,3,668,10420.2,3922.4,0,3,1188.6
"264",6095372288,0.458315609641469,2208301056,0.429662585553151,605,1,444.1,13677.8,669.5,4.6,6844.6,1,2,1200.6
"265",6095372288,0.550716359285953,2208301056,0.429662585553151,613,1,1415.8,6915.9,1086.2,12209.7,7999.7,2,21,2263.8
"266",6095372288,0.590466596503338,2208301056,0.429662585553151,559,2,2195,903.8,1458.8,21162,4745.8,0,3,1552.5
"267",6095372288,0.594514022781049,2208301056,0.429662585553151,575,0,432.6,6826.4,337.8,331.3,6822.4,0,2,1221.2
"268",6095372288,0.600414815691597,2208301056,0.429662585553151,582,1,443.6,6823.5,662.1,10323.9,7150.8,0,3,1189
"269",6095372288,0.606368497844844,2208301056,0.429662585553151,598,0,436.1,6828.8,662.6,10741,7156.8,0,3,1215.4
"270",6023020544,0.412345312087623,2208301056,0.429671168360072,552,0,535.5,424.7,541.4,10757.1,3933.9,2,3,1973.2
"271",6023020544,0.444993736520635,2208301056,0.429671168360072,559,1,522.3,13352,786.3,933.8,7286.3,0,3,1383.2
"272",6023020544,0.450932069782109,2208301056,0.429671168360072,575,1,436.9,3,658,20417.5,7147.3,0,2,1194.4
"273",6023020544,0.454812093607445,2208301056,0.429671168360072,590,0,409.9,6496,331.3,329.3,3574.4,0,3,1210.4
"274",6023020544,0.460795919307802,2208301056,0.429671168360072,598,1,582.1,13316.4,665.2,987.3,7151.5,2,4,1136.4
"275",6023020544,0.56476633144715,2208301056,0.429671168360072,613,2,1549.7,6619.6,1189.2,12748.2,8198.5,17,20,2128.5
"276",6023020544,0.613961269815555,2208301056,0.429671168360072,567,0,1847.2,214.4,1268.7,11619,4469.7,2,3,1727.6
"277",6023020544,0.619829655086493,2208301056,0.429671168360072,575,1,448.6,7145.6,669.8,10271.8,7147.8,4,2,1292.4
"278",6023020544,0.625885251785693,2208301056,0.429671168360072,590,0,441.9,12987.1,673.3,1321.6,7140.1,0,3,1198.4
"279",6023020544,0.629937948024198,2208301056,0.429671168360072,605,1,420.6,6816.9,340.1,333.7,3883.2,0,3,1175.8
"280",6094323712,0.427139906659293,2211446784,0.429736969879801,613,1,520.6,7174.1,777.1,10300.7,7342.6,1,3,1723.5
"281",6094323712,0.485002220675566,2211446784,0.429736969879801,559,0,523.4,6519.2,849.2,11464.1,7390.2,0,2,1571.4
"282",6094323712,0.488961382967795,2211446784,0.429736969879801,574,1,412.7,333.9,335.2,9787.4,3557.3,0,3,1150.5
"283",6094323712,0.494801794490589,2211446784,0.429736969879801,582,0,450.7,6813.9,1007,10375.3,7124,0,2,1167
"284",6094323712,0.500709931819657,2211446784,0.429736969879801,597,1,438.8,12985,672.4,991.5,7160.2,1,3,1231
"285",6094323712,0.56063433015651,2211446784,0.429736969879801,613,1,1642.2,6537.4,876.8,2198.7,4616.2,28,3,2183
"286",6094323712,0.631599857924372,2211446784,0.429736969879801,559,1,1603.1,771,1339.3,21613.3,7895.2,4,2,1532.8
"287",6094323712,0.637476281195151,2211446784,0.429736969879801,574,1,445,13305,671.3,704.1,7127,0,5,1221.5
"288",6094323712,0.641628408916571,2211446784,0.429736969879801,590,1,412.7,6495.3,340.1,662.7,3576.2,0,3,1212.6
"289",6091177984,0.358960181793909,2211446784,0.429744122218902,597,0,445.6,6819.1,668.4,10155.6,7130,1,2,1210.2
"290",6091177984,0.451392542821501,2211446784,0.429744122218902,613,1,512.6,13665.4,796.1,605.7,7433.4,0,4,1855.7
"291",6091177984,0.504192139610619,2211446784,0.429744122218902,567,0,500.5,354.3,483,10280.7,3812.7,0,3,1465.7
"292",6091177984,0.509963848865219,2211446784,0.429744122218902,574,0,444.7,7156.3,666.1,10428.2,7148.1,3,2,1216.7
"293",6091177984,0.515648795496923,2211446784,0.429744122218902,589,1,448.8,7166.3,964,10149.2,7161.3,3,3,1209.1
"294",6091177984,0.51953622765084,2211446784,0.429744122218902,605,0,414.8,331.9,334.8,9802.4,3577.1,0,3,1187.5
"295",6091177984,0.577543765232806,2211446784,0.429744122218902,613,1,1261.6,6871.6,959.4,10832.6,7647.4,19,2,1830.2
"296",6091177984,0.642977898149037,2211446784,0.429744122218902,559,2,2081.6,6986.4,1649.2,12884.3,8262.8,1,2.9,1939
"297",6093275136,0.354756675621731,2217213952,0.429749844090183,574,0,424.7,6499.4,341.2,335.5,3580.1,0,2,1175.8
"298",6093275136,0.360432516641258,2217213952,0.429749844090183,582,1,445.6,7157.1,672.5,10463.1,7151.1,0,2,1223.8
"299",6093275136,0.365968574831951,2217213952,0.429749844090183,597,0,451.8,338.8,673.3,19803.8,7157.1,0,2,1203.3
"300",6093275136,0.450842121085502,2217213952,0.429749844090183,613,2,539.6,6539.9,461.8,766.3,3739.1,2,21,1738.5
"301",6093275136,0.500334208760082,2217213952,0.429749844090183,559,1,529.4,6876.4,818.9,10916.9,7327.4,0,3,1560.8
"302",6093275136,0.506373819562309,2217213952,0.429749844090183,574,1,450,13669.4,679.6,17.3,7162.1,1,2,1181.4
"303",6093275136,0.510300821473526,2217213952,0.429749844090183,590,1,516.4,6.7,337,10756.6,3582.1,0,3,1191.5
"304",6093275136,0.516375348123342,2217213952,0.429749844090183,597,1,443.7,6840.5,674.5,10473.4,7153.4,0,2,1270
"305",6093275136,0.60766451740553,2217213952,0.429749844090183,612,1,2036.3,13108.6,1522.1,3538.1,8559.1,20,3,2195.5
"306",6093275136,0.366301714931992,2217213952,0.429756996429284,566,1,2081.6,497,999.1,10475,3999.2,2,3,1614
"307",6093275136,0.372061054970464,2217213952,0.429756996429284,574,0,441.7,6834.4,672,10372.9,7158.3,2,3,1173
"308",6093275136,0.377548446173329,2217213952,0.429756996429284,589,1,447.7,664.8,669.9,19761.3,7157.3,2,2,1145.3
"309",6093275136,0.382106969592926,2217213952,0.429756996429284,604,1,415.8,6503.7,333.9,652.7,3577.8,2,2.9,1186
"310",6093275136,0.464766786570603,2217213952,0.429756996429284,612,1,522.5,13051.1,803.2,1994.1,7494.3,4,4.1,1911.7
"311",6093275136,0.517639078435188,2217213952,0.429756996429284,628,0,443.7,6854.7,792.7,10766.4,7293.7,4,3,1389.9
"312",6093275136,0.521947149849305,2217213952,0.429756996429284,574,1,497.5,7.3,336.4,10055.8,3583.5,2,3,1174.4
"313",6093275136,0.528074421158403,2217213952,0.429756996429284,582,1,441.7,337.8,1001.5,20438.7,7155.1,4,3,1201.7
"314",6093275136,0.533868337587746,2217213952,0.429756996429284,597,0,439.9,11.1,666.3,20839.3,7425.3,4,3,1161.7
"315",6093275136,0.62670780989666,2217213952,0.429756996429284,612,2,1613.3,6607.7,777.9,2421.5,4600,3,3,2390.6
"316",6100615168,0.393691209868002,2230845440,0.429767009704025,559,0,1987.4,7016.5,1419.6,11934.9,7666.3,0,3,1417
"317",6100615168,0.399278954534994,2230845440,0.429767009704025,574,1,451.7,13678.6,675.3,336,7167.3,0,2,1190.2
"318",6100615168,0.403649196818582,2230845440,0.429767009704025,589,0,416.6,6.9,334.5,10512.8,3579.5,0,4,1231.5
"319",6100615168,0.409407237701709,2230845440,0.429767009704025,597,1,443.8,336.8,666.3,19890.2,7248.9,0,2,1163.9
"320",6100615168,0.527529670654565,2230845440,0.429767009704025,613,1,610.6,13408.6,875.4,1290.1,7521,1,3,2065.8
"321",6100615168,0.565274032974138,2230845440,0.429767009704025,628,0,421.7,6520.7,386.8,757.1,3652.4,0,2,1226.6
"322",6100615168,0.571105369268227,2230845440,0.429767009704025,635,1,439.8,13345.3,669.6,659.5,7155.9,0,2,1180.8
"323",6100615168,0.576804426403302,2230845440,0.429767009704025,651,0,443.6,6835.6,977.3,10431.8,7157.1,0,3,1192.4
"324",6100615168,0.58096929841957,2230845440,0.429767009704025,666,0,417.7,332.7,335.2,10186.5,3584.4,0,2,1201.5
"325",6100090880,0.382297514821435,2230845440,0.429772731575306,674,1,2123,106.3,1481.3,22034.1,8361.1,1,5,2401.1
"326",6100090880,0.435304927223497,2230845440,0.429772731575306,559,1,1537.3,6939.4,1171.4,11139.5,7492.5,0,3,1434.9
"327",6100090880,0.439155263253798,2230845440,0.429772731575306,574,0,423.6,332.5,334.6,9721.3,3583.6,0,2,1172.4
"328",6100090880,0.445135650383316,2230845440,0.429772731575306,582,1,444.9,7192.1,671.2,9839.7,7172.7,0,3,1215.8
"329",6100090880,0.450962219615455,2230845440,0.429772731575306,597,1,593.3,666.3,674.4,20503.4,7171.6,0,3,1170.3
"330",6100090880,0.555673409084539,2230845440,0.429772731575306,613,0,538.5,412.9,557.7,20646.5,3848.5,1,3,1935.9
"331",6100090880,0.586788552568955,2230845440,0.429772731575306,620,0,445.9,6869.8,671.2,344.5,7175.4,0,3,1167.8
"332",6100090880,0.592905662178306,2230845440,0.429772731575306,636,1,441.8,6861.3,669.8,10101,7165,0,3,1196.5
"333",6100090880,0.59683788899896,2230845440,0.429772731575306,651,0,417.8,6.2,334,10434.3,3914.3,0,2,1144.8
"334",6100090880,0.602653136720896,2230845440,0.429772731575306,659,1,441.8,13407,671.5,656.1,6866.4,1,3,1175.6
"335",6100615168,0.401590760610026,2228748288,0.429783552282079,674,1,2008.2,7000.8,1321,12894.3,8452.2,4,20.8,2259.8
"336",6100615168,0.447838208859388,2228748288,0.429783552282079,567,1,1511.9,378.9,1245.5,11461.6,4373.4,0,3,1555.3
"337",6100615168,0.453704542722128,2228748288,0.429783552282079,575,1,444.6,13392.6,338.2,329.9,6855.9,0,2,1168.4
"338",6100615168,0.459296346201867,2228748288,0.429783552282079,590,0,447.6,7175.5,661.5,9807.4,7179.9,0,3,1154.8
"339",6100615168,0.46316924457922,2228748288,0.429783552282079,605,0,438.6,655.9,657.8,16219.6,3916.5,1,3,1202.7
"340",6100615168,0.538419768038244,2228748288,0.429783552282079,613,1,547.7,62.8,461.5,14400.1,7103.3,0,2,1916
"341",6100615168,0.589463241019769,2228748288,0.429783552282079,560,1,527.7,412.6,773.6,20176,7274.7,0,2,1388.5
"342",6100615168,0.59342487485027,2228748288,0.429783552282079,575,0,444.9,13383.2,665.2,659.8,7178,1,3,1223
"343",6100615168,0.599331522341516,2228748288,0.429783552282079,583,1,411.6,6523,676.9,656.7,3591.2,0,2,1314.7
"344",6100615168,0.604981965921764,2228748288,0.429783552282079,598,0,442.9,6850.5,663.8,10179.6,7181.5,0,3,1180.1
"345",6104285184,0.399547957221547,2228748288,0.42978927415336,614,2,3112.8,13620.7,1824,3061.6,8793.4,19.2,3,2673.7
"346",6104285184,0.443694288866168,2228748288,0.42978927415336,560,1,863.3,6944,404.9,64.7,3606.3,0,3,1185.5
"347",6104285184,0.44943662463751,2228748288,0.42978927415336,575,0,448.6,330.6,661.2,19809.1,7181,0,2,1184.6
"348",6104285184,0.453611939138713,2228748288,0.42978927415336,590,1,451.9,13022.2,669.2,1320.6,7491.3,1,2,1200.4
"349",6104285184,0.459539248438466,2228748288,0.42978927415336,598,0,424.6,6836.5,336,332.8,3598.2,0,3,1129.7
"350",6104285184,0.540706468983949,2228748288,0.42978927415336,613,0,512.5,6866.5,745.6,10808.2,7443.3,3,4,1716.2
"351",6104285184,0.602934280223684,2228748288,0.42978927415336,567,1,512.6,33.3,793.6,20936.1,7562.2,1,2,1677
"352",6104285184,0.608846867159807,2228748288,0.42978927415336,575,1,415,6507.7,333.7,331.5,3589.5,0,3,1241.7
"353",6104285184,0.61479509705143,2228748288,0.42978927415336,590,0,443.8,6843,1007.9,10631.3,7205.6,0,3,1168.8
"354",6104285184,0.618781362448181,2228748288,0.42978927415336,606,1,442.7,6836.9,661.3,10049.1,7176.6,0,2,1223.5
"355",6096420864,0.401175541132566,2230845440,0.429797856960281,613,1,2602.3,183.9,1420.5,12723,4869.2,19.8,5,2090.6
"356",6096420864,0.457711902629933,2230845440,0.429797856960281,629,0,1046.3,13875.5,1057.4,736.8,7565.2,0,3,1871.3
"357",6096420864,0.461893434218082,2230845440,0.429797856960281,644,1,496.4,3.6,660.2,20880.5,7180.1,0,4,1130.7
"358",6096420864,0.467798433667911,2230845440,0.429797856960281,651,0,422,6505.3,332.8,330.6,3593.5,0,1,1217.8
"359",6096420864,0.473598350309075,2230845440,0.429797856960281,666,1,448.9,7148.4,663.8,10319.6,7171.9,0,2,1143.6
"360",6096420864,0.555032970551048,2230845440,0.429797856960281,682,1,529.4,7232.1,769.8,10756.3,7477.8,0,4,1879.5
"361",6096420864,0.606386540388544,2230845440,0.429797856960281,559,0,574.5,370.1,409.2,10100.5,3728.8,1,2,1371
"362",6096420864,0.612324538384123,2230845440,0.429797856960281,574,1,444.9,331.2,664.3,20474.7,7165.3,0,3,1200.8
"363",6096420864,0.616313625252925,2230845440,0.429797856960281,590,0,442.9,13357.5,666.3,333,7171.8,0,3,1222.7
"364",6096420864,0.622160883533925,2230845440,0.429797856960281,597,0,418.7,332.4,336,10118.6,3585.7,0,2.9,1155.9
"365",6101139456,0.427349057049582,2230845440,0.429805009299382,613,3,2833.2,535.9,1857.4,23310.6,8708,10.1,4,2322.7
"366",6101139456,0.473122922315338,2230845440,0.429805009299382,628,1,670.6,7223.3,789.9,9690.6,7183.1,0,2,1278.1
"367",6101139456,0.478885291271634,2230845440,0.429805009299382,636,1,418.7,4,332.9,10057.1,3583.6,0,3,1116.8
"368",6101139456,0.484656472482448,2230845440,0.429805009299382,651,0,444.9,6839.7,665.3,10108.8,7172.8,0,3,1180
"369",6101139456,0.488633842855913,2230845440,0.429805009299382,666,0,447.8,13348.7,666,332,7168.2,0,5,1173.6
"370",6101139456,0.602114752078246,2230845440,0.429805009299382,674,1,554.3,78.6,534.3,11456.9,4087.7,2,4,1901.6
"371",6101139456,0.636063641488176,2230845440,0.429805009299382,559,1,570.4,6841.1,663.9,10508.4,7212.6,0,2,1391.8
"372",6101139456,0.640243725146739,2230845440,0.429805009299382,574,1,439.7,13028.9,664.4,981,7169.3,0,3,1186.4
"373",6101139456,0.646014932550201,2230845440,0.429805009299382,582,0,417.8,6825.1,660.6,4.1,3584.9,1,2,1156.6
"374",6106382336,0.358016953105555,2241855488,0.429810731170663,597,1,442.7,331.7,663.4,19809.7,7168.6,0,2,1171.4
"375",6106382336,0.448876778786734,2241855488,0.429810731170663,551,1,3419.2,7374.3,1814.8,13438.3,8879.8,2,4,2593.9
"376",6106382336,0.490379684477578,2241855488,0.429810731170663,558,1,435.7,49.6,353.5,10442.6,3588,2,3,1200.4
"377",6106382336,0.496064604916634,2241855488,0.429810731170663,574,0,445.9,6831.7,665.1,10082.5,7163.1,0,2,1203.6
"378",6106382336,0.500036424544119,2241855488,0.429810731170663,589,0,448.7,658.6,663.1,19701.5,7160.3,0,3,1166.6
"379",6106382336,0.506090913818158,2241855488,0.429810731170663,597,1,418.9,3.9,331.3,10183.7,3583.4,1,3,1145.1
"380",6106382336,0.621055159847738,2241855488,0.429810731170663,612,1,618.5,747.9,905.5,21285.3,7555.5,0,3,1991.8
"381",6109003776,0.37419982298296,2241855488,0.42986079754437,566,0,523.6,6515.9,714.7,10619.5,7202.9,4,3,1318
"382",6109003776,0.380094849320108,2241855488,0.42986079754437,573,1,413.7,6825.3,334.9,330.4,3582,2,3,1211.3
"383",6109003776,0.385943648776521,2241855488,0.42986079754437,589,1,444.6,661.6,983.3,19832.5,7452.8,4,3,1198.5
"384",6109003776,0.390152504535142,2241855488,0.42986079754437,604,0,436.7,6496.1,659.5,10702,7156.9,0,3,1199.5
"385",6109003776,0.480786291854259,2241855488,0.42986079754437,612,2,3129.8,517.2,1392.6,12755.5,5316,2,5,2717
"386",6109003776,0.522482430139304,2241855488,0.42986079754437,627,1,577.3,7189.7,694,10147,7160.7,0,3,1189.6
"387",6109003776,0.526729818426361,2241855488,0.42986079754437,642,0,445.4,13294.7,664.8,660.1,7163.3,0,2,1241.6
"388",6109003776,0.53263911975671,2241855488,0.42986079754437,650,1,420.7,4.2,330.5,10266.7,3655.6,0,3,1184.5
"389",6109003776,0.538496452777866,2241855488,0.42986079754437,665,0,445.8,13298.6,667.7,334.7,7158.9,0,3,1198.7
"390",6109003776,0.63475389383678,2241855488,0.42986079754437,681,1,497.4,13330.5,904.5,1910.1,7795.5,3,3,2056.7
"391",6104285184,0.38429299123796,2241331200,0.42986651941565,558,0,645.2,329.8,332.7,10072.5,3580.1,0,3,1267.1
"392",6104285184,0.390121488248997,2241331200,0.42986651941565,573,1,439.9,6491.7,666.8,10474.5,7163.4,0,2,1186.5
"393",6104285184,0.393988291073291,2241331200,0.42986651941565,588,0,439.8,6494,665.6,10629.4,7171.1,0,3,1202.7
"394",6104285184,0.400001214710247,2241331200,0.42986651941565,596,1,421.7,329.6,332,10371.4,3583,0,3,1154.4
"395",6104285184,0.474530316158757,2241331200,0.42986651941565,611,2,2831.2,141.3,1713,22517.4,8488,2,4,2448.3
"396",6104285184,0.541624986480403,2241331200,0.42986651941565,626,1,447.6,6852.5,816,10733.3,7312.7,3,3,1199.7
"397",6104285184,0.560990871816047,2241331200,0.42986651941565,573,0,478.7,6833,382.3,1596.1,3629.4,4,2,1181.8
"398",6104285184,0.567051806576924,2241331200,0.42986651941565,588,1,444.7,6823.3,665.3,9154.8,7172.6,0,3,1205.4
"399",6104285184,0.570827414982268,2241331200,0.42986651941565,603,1,442.7,6822.8,661.8,10586.2,7173.2,0,2,1174.5
"400",6110576640,0.364900473217753,2241331200,0.429895233542647,611,1,512.5,6873.9,503.9,10887.2,4000.1,1,4,1986.8
"401",6110576640,0.407149353907417,2241331200,0.429895233542647,558,0,530.5,6849.5,762.6,931.8,7260.7,0,3,1370.1
"402",6110576640,0.411142836950271,2241331200,0.429895233542647,573,1,440,6836.2,661.4,10903.1,7167,1,2,1173.5
"403",6110576640,0.417305880082698,2241331200,0.429895233542647,580,0,412.9,4.2,665.1,9987,3582.7,0,3,1232.8
"404",6110576640,0.422888286688013,2241331200,0.429895233542647,596,1,447.9,13597.4,667.2,330.3,7110.7,0,2,1178.8
"405",6110576640,0.501543738101413,2241331200,0.429895233542647,611,3,3280.3,6982.7,1837.9,12882.4,8517.5,7.9,5,2517.8
"406",6110576640,0.557501949277824,2241331200,0.429895233542647,558,0,509.3,7099.9,674,719.9,3873.5,3,3,1205.2
"407",6110576640,0.563306756610237,2241331200,0.429895233542647,573,1,438.7,12879.4,342.3,659,6724.4,2,3,1211
"408",6110576640,0.56739462328887,2241331200,0.429895233542647,588,1,442.6,12871.4,662.9,983.3,7038.1,2,3,1226.5
"409",6110576640,0.573428562858936,2241331200,0.429895233542647,596,0,428.8,6426.9,659,10330.1,4794.2,0,3,1176.8
"410",6101663744,0.386764859537671,2243952640,0.429910968688669,611,1,524.5,57,591.3,11119.6,6363.6,1,4,2145.9
"411",6101663744,0.433860853195714,2243952640,0.429910968688669,565,1,520.7,6439.2,677.5,10423.8,7034.4,0,2,1311.5
"412",6101663744,0.439585524645195,2243952640,0.429910968688669,573,1,436.1,6444.7,665.6,10570,7028.1,1,3,1245.4
"413",6101663744,0.445495944925469,2243952640,0.429910968688669,588,0,416.8,331.9,631.7,9704.8,3513,0,3,1195.6
"414",6101663744,0.449843633243652,2243952640,0.429910968688669,603,1,440.9,6441.7,661.9,10930.3,7048.7,0,2,1241.6
"415",6101663744,0.548051909017419,2243952640,0.429910968688669,611,11.1,3322.7,7288.5,1611.1,11843.1,8254,4,5,2520.7
"416",6101663744,0.594252850648565,2243952640,0.429910968688669,557,1,499.2,6429.2,335.8,787.9,3594.3,0,2,1251.5
"417",6101663744,0.598189033606785,2243952640,0.429910968688669,573,0,442.7,331.1,660.6,20493.2,7030.6,0,3,1199.1
"418",6101663744,0.603894542514934,2243952640,0.429910968688669,580,1,449.8,6761.9,664.3,9907.3,7352.2,0,3,1165.9
"419",6101663744,0.610204391248997,2243952640,0.429910968688669,596,0,417.9,4.9,334,9921.2,3513.6,0,2,1227.5
"420",6107430912,0.407111687831779,2243952640,0.42991669055995,550,14,674.2,6849,980.7,11906.6,7491.3,1,4,2185.1
"421",6107430912,0.443434643241214,2243952640,0.42991669055995,558,0,434.9,6440.4,662.5,10314,7030.3,0,2,1194.9
"422",6107430912,0.449181183456425,2243952640,0.42991669055995,573,1,413.9,6761.5,334.1,330.5,3515.3,1,3,1216.8
"423",6107430912,0.453078774166972,2243952640,0.42991669055995,588,0,438.8,13197.9,664.7,659.1,7069.3,1,3.9,1250.1
"424",6107430912,0.459036421887137,2243952640,0.42991669055995,596,1,439.7,4.7,661.6,20347.5,7063.8,0,3,1164.3
"425",6107430912,0.540305261525503,2243952640,0.42991669055995,611,3,2893.5,6659,1129.9,2826,4877.5,2,3,2506.9
"426",6107430912,0.592287581689212,2243952640,0.42991669055995,565,0,747.3,13313.8,905.2,985.3,7178.3,5,2,1262.3
"427",6107430912,0.604393640280883,2243952640,0.42991669055995,573,1,444.7,13193.6,662.4,986.1,7027.2,0,3,1228.9
"428",6107430912,0.610269903252656,2243952640,0.42991669055995,588,0,420.5,328.4,330.8,9803.9,3509.9,0,2,1192.7
"429",6107430912,0.614253626914838,2243952640,0.42991669055995,604,1,441.8,6443.8,660.4,10968.1,7039.3,0,3,1188.1
"430",6111100928,0.417643211006431,2254962688,0.429923842899051,611,0,604.4,7299.3,1044.7,10954.2,7550.6,4,6.1,2334.5
"431",6111100928,0.459202471751166,2254962688,0.429923842899051,558,0,419,6796.3,335.7,6.8,3549,0,2,1175.4
"432",6111100928,0.463134582276463,2254962688,0.429923842899051,573,1,443.7,13206.8,666.6,667.2,7042.5,2,3,1238.2
"433",6111100928,0.469067429749725,2254962688,0.429923842899051,581,0,440.7,7096.3,998.6,10184.4,7029.3,1,2,1166.2
"434",6111100928,0.474875607552092,2254962688,0.429923842899051,596,1,415.8,2.8,333.3,10138.1,3531,0,4,1173.1
"435",6111100928,0.545223483342582,2254962688,0.429923842899051,612,2,2899.3,6804.3,1788,13186.5,8439.6,2,5,2488.4
"436",6111100928,0.602546551501938,2254962688,0.429923842899051,558,1,522.5,6784.9,672.3,10619.9,7041.7,0,3,1207.1
"437",6111100928,0.608410776332655,2254962688,0.429923842899051,574,0,417.8,2.9,330.5,10348.4,3522.3,0,2,1219.4
"438",6111100928,0.612362389903709,2254962688,0.429923842899051,589,1,444.9,13548.4,663.4,335.4,7049.8,1,3,1118.7
"439",6111100928,0.618187581402559,2254962688,0.429923842899051,597,0,438.8,12879.8,662.5,986.8,7032.8,3,3,1232.4
"440",6114770944,0.429607517082133,2254962688,0.429930995238151,612,1,522.4,6538.7,686.7,1519,3951.3,1,3,1841.3
"441",6114770944,0.474790330576196,2254962688,0.429930995238151,566,0,504.6,6773.4,665.9,10595.9,7126,0,4,1548.4
"442",6114770944,0.480839691329742,2254962688,0.429930995238151,574,1,437.7,6462.4,661.8,10670.1,7043.5,1,2,1240.4
"443",6114770944,0.486717272315566,2254962688,0.429930995238151,589,0,414.9,6794.2,637.8,330.9,3527.2,0,3,1172.3
"444",6114770944,0.490729275656021,2254962688,0.429930995238151,605,1,437.8,6454.5,659.2,10313.1,7045,0,2,1185.5
"445",6114770944,0.565046388478896,2254962688,0.429930995238151,612,3,3204.7,13595.9,1747.1,3276.6,8694.8,11.1,4,2631.1
"446",6114770944,0.628190312729992,2254962688,0.429930995238151,559,0,421.6,6491.4,334.6,332.5,3567.3,0,2,1192.2
"447",6114770944,0.632356966894035,2254962688,0.429930995238151,574,1,440.7,6498.2,659.1,11073.5,7127,0,2,1182.3
"448",6114770944,0.638196639784153,2254962688,0.429930995238151,582,0,443.9,3,659.2,20562.7,7126.7,0,4,1196.2
"449",6114770944,0.644299538310364,2254962688,0.429930995238151,597,1,419.9,330.6,334.3,10003.5,3553.9,0,2,1173.2
"450",6114246656,0.435627341958004,2263351296,0.429939578045073,612,0,683.3,7309.8,968.5,10985.5,7505.1,12,4,2086.4
"451",6114246656,0.473096863773621,2263351296,0.429939578045073,559,1,503.6,13651.3,661.3,55.8,7140.6,0,3,1209.3
"452",6114246656,0.479000668838698,2263351296,0.429939578045073,574,0,410.8,6500.8,332.5,658.2,3570.3,0,3,1158.8
"453",6114246656,0.483022696629424,2263351296,0.429939578045073,589,1,438.8,329,656.2,20100.5,7450.5,0,2,1191
"454",6114246656,0.488547039372487,2263351296,0.429939578045073,597,1,440.8,327,655.9,20105.9,7129.6,1,5,1197.6
"455",6114246656,0.593479722255339,2263351296,0.429939578045073,612,2,3145.6,364.4,1512.5,12927.4,5050.1,20,3,2644.2
"456",6114246656,0.633855851657179,2263351296,0.429939578045073,566,0,830.4,13380.5,697,662.2,7151.1,0,3,1140.8
"457",6114246656,0.639608608959337,2263351296,0.429939578045073,574,1,444.7,13324.3,661.6,332.2,7134,-1,-1,-1
"458",6114246656,0.645532147565473,2263351296,0.429939578045073,589,0,415.8,6500.8,333.4,656.2,3637.4,1,4,1164.4
"459",6114246656,0.649521634657938,2263351296,0.429939578045073,605,0,442.8,6830.6,658.9,10222.6,7146.5,0,2,1209.8
"460",6117392384,0.442463117063586,2263351296,0.429945299916353,613,2,589.4,94.3,911.6,21722.7,7662.5,0,4,1162.5
"461",6117392384,0.477265808222812,2263351296,0.429945299916353,559,0,415.8,327.6,330.7,10023.4,3559.8,12,3,2151.6
"462",6117392384,0.481650304545481,2263351296,0.429945299916353,574,0,461.9,7141.2,661.1,9748,7119.7,0,3,1195.6
"463",6117392384,0.487386422182171,2263351296,0.429945299916353,582,1,504.6,6824.1,988.8,-1,7128.3,0,3,1204.7
"464",6117392384,0.493169928605463,2263351296,0.429945299916353,597,1,413.9,6494.5,331.7,10346.4,3565.7,1,3,1190
"465",6117392384,0.578981167469271,2263351296,0.429945299916353,612,1,2908.8,7458.3,1810.9,657.1,8654.2,0,2,1257.8
"466",6117392384,0.623664754329557,2263351296,0.429945299916353,620,0,446.6,325.8,655.2,12304.8,7126.5,2,4,2351.5
"467",6117392384,0.629641006163796,2263351296,0.429945299916353,635,1,425.9,329.1,332.2,20055.5,3565.8,0,3,1185
"468",6117392384,0.633798857502674,2263351296,0.429945299916353,651,0,446.9,6829.5,662.9,10719.7,7152,0,3,1204
"469",6115295232,0.439207435865646,2263351296,0.429953882723275,674,1,746,178.6,708,10114.3,7146.7,1,3.9,1263.7
"470",6115295232,0.484907625403191,2263351296,0.429953882723275,566,0,440.8,6817.2,655.5,11813.4,4393.3,3,3.1,2101.5
"471",6115295232,0.490604128231226,2263351296,0.429953882723275,574,0,442.9,13639.5,661.4,9745,6819,0,2,1189.4
"472",6115295232,0.496053354650433,2263351296,0.429953882723275,589,1,415.7,6826,657,334.3,7136.2,0,3,1154.5
"473",6115295232,0.500534407550966,2263351296,0.429953882723275,605,1,442.7,7152,661.4,660.6,3901.9,4,3,1197.3
"474",6115295232,0.588760005088666,2263351296,0.429953882723275,544,1,2926,7102.4,1726.6,9803.4,6826.8,3,3,1277.7
"475",6115295232,0.625687023729651,2263351296,0.429953882723275,559,-1,-1,-1,-1,12847.5,8607.3,11,4,2428.5
"476",6115295232,0.63008153716865,2263351296,0.429953882723275,574,1,822.4,6883.2,799.6,10047,7132.1,0,3,1471
"477",6115295232,0.635728587229414,2263351296,0.429953882723275,582,0,442.7,6818.7,336.4,5.4,3567.7,0,4,1224.7
"478",6115295232,0.641522045811268,2263351296,0.429953882723275,597,1,444.9,13321.9,663.4,334.4,7145.1,1,3,1190.7
"479",6121586688,0.424114845441416,2263351296,0.429961035062375,612,1,428.9,664.7,666.3,19655.8,7158.2,0,7.1,1218.4
"480",6121586688,0.457812346196771,2263351296,0.429961035062375,620,1,551.4,6914.8,634.5,878.1,3908.6,1,5.9,1971.5
"481",6121586688,0.46363502739223,2263351296,0.429961035062375,635,1,442.9,651.9,656.2,19461.6,7142.7,0,3,1137.8
"482",6121586688,0.467405958838333,2263351296,0.429961035062375,651,1,427.8,6826.7,660.6,10400.6,7149.5,0,3,1195.8
"483",6121586688,0.473109591305174,2263351296,0.429961035062375,658,0,424.8,326.7,331.3,9621.5,3576.6,0,3,1180.6
"484",6121586688,0.555604651287931,2263351296,0.429961035062375,674,1,541.8,13659.9,702.8,366.1,7194.5,7,10.9,1308.9
"485",6121586688,0.593945065031861,2263351296,0.429961035062375,689,1,3168.1,6790.6,1790.4,13426.3,8601.3,17.8,14.9,2380.3
"486",6121586688,0.599853462191998,2263351296,0.429961035062375,697,1,421,6822.2,332.7,330.5,3569.3,0,3,1206.6
"487",6121586688,0.605329484737892,2263351296,0.429961035062375,712,1,444.9,6497,660.7,10309.1,7151,1,3,1197.2
"488",6121586688,0.609914421871513,2263351296,0.429961035062375,727,0,436.8,6494.7,658.4,10516.1,7417.5,0,2,1189.2
"489",6091177984,0.403383115136142,2233991168,0.433428525379003,735,1,450.9,340.9,357.9,10151.9,3579.9,7.9,11,1275
"490",6091177984,0.454949749593255,2233991168,0.433428525379003,559,1,740.1,7289.9,959.9,10907.3,7443.1,3,4,2158.3
"491",6091177984,0.458970752727589,2233991168,0.433428525379003,574,1,439.9,6500.4,662,10677.6,7148.3,1,4,1152.7
"492",6091177984,0.464917523164862,2233991168,0.433428525379003,582,1,416.8,2.7,331.4,9961.2,3566.9,0,2,1162.1
"493",6091177984,0.470760072007739,2233991168,0.433428525379003,597,0,443.9,328.7,976.8,20340.7,7164.6,0,3,1147.1
"494",6091177984,0.579495659178346,2233991168,0.433428525379003,612,2,590.6,12996.9,703.2,699.2,7181.1,10,3,1403.8
"495",6091177984,0.623601777774231,2233991168,0.433428525379003,559,3,3079.8,382.3,1518,12687.8,4939.1,11.8,16.2,2413.3
"496",6091177984,0.629345405366977,2233991168,0.433428525379003,574,1,524.5,13308.9,664.9,704.2,7139.5,2,3,1159
"497",6091177984,0.633513741099026,2233991168,0.433428525379003,589,1,441.8,6815.1,661.8,10270.8,7138.2,0,3,1182.3
"498",6091177984,0.639362302726195,2233991168,0.433428525379003,597,1,422.8,6816.7,333.3,331.2,3571.2,0,3,1134.2
"499",6106906624,0.437937360646731,2233991168,0.433441399589384,612,1,476.8,6844,690.8,10548.1,7184.3,0,3,1328.1
"500",6106906624,0.473730795005624,2233991168,0.433441399589384,566,2,581.3,13476.5,992.9,1662.1,7529.1,4,4,2107.9
"501",6106906624,0.479347401875384,2233991168,0.433441399589384,574,1,420.8,6830.1,336.4,331.7,3581.2,2,3,1133.2
"502",6106906624,0.485418607297424,2233991168,0.433441399589384,589,1,441.8,6830.9,664.4,10369.8,7156.9,3,2,1182.5
"503",6106906624,0.489453560636123,2233991168,0.433441399589384,605,1,442.7,7154.8,1000.6,10286.9,7159.3,3.9,4,1151.6
"504",6106906624,0.578995545137652,2233991168,0.433441399589384,612,1,557.5,15.5,378.6,10203.1,3612,3,13,1434.4
"505",6106906624,0.621045611055956,2233991168,0.433441399589384,628,2,2594,13912.1,1779.9,2701,8442.5,5.1,15.2,2101.4
"506",6106906624,0.625137779615109,2233991168,0.433441399589384,643,1,447.6,6500,664,10680.5,7152.8,1,2,1185.5
"507",6106906624,0.631049477048904,2233991168,0.433441399589384,651,1,417.8,6502.2,331.8,655.6,3575.5,0,3,1214.2
"508",6106906624,0.637392501391018,2233991168,0.433441399589384,666,1,440.8,13324.1,666.6,665,7152.6,0,2,1158.3
"509",6100615168,0.431253943984176,2228748288,0.433441399589384,681,1,552.4,340,668.6,20164.8,7149.5,1,4,1234.2
"510",6100615168,0.479949138152079,2228748288,0.433441399589384,558,1,443.9,431.7,589.5,10501.2,3964.2,0,3,2023.6
"511",6100615168,0.485812652638181,2228748288,0.433441399589384,574,1,601.7,13325.1,663.7,725.4,7142.4,1,2,1147.8
"512",6100615168,0.489709388420694,2228748288,0.433441399589384,589,1,440.7,13616.2,664.2,660.3,7143.4,0,3,1179.3
"513",6100615168,0.4954328969166,2228748288,0.433441399589384,596,1,417.7,6765.9,332.6,5.6,3584.2,0,4,1145.6
"514",6100615168,0.597295215777465,2228748288,0.433441399589384,612,2,770.1,6827.4,724.8,10151.1,7178.1,9.8,15,1282
"515",6100615168,0.63948944183995,2228748288,0.433441399589384,565,2,2803.6,13453.3,1873.9,3261.8,8478.5,2,4,2348.1
"516",6100615168,0.645210795204772,2228748288,0.433441399589384,573,1,424.6,326.8,329,9940.6,3531.4,1,2,1126
"517",6100615168,0.650491365067614,2228748288,0.433441399589384,588,1,447.8,7067.3,664,9936.6,7076,0,3,1106.1
"518",6100615168,0.654538636284849,2228748288,0.433441399589384,603,1,448.8,6731,663,10334.8,7038.2,0,3,1194.3
"519",6104285184,0.454749625189492,2228748288,0.433448551928485,611,1,474.7,6730.3,378,57.1,3535.2,1,2,1226
"520",6104285184,0.488728054667921,2228748288,0.433448551928485,557,2,528.4,6572.7,830,11054.6,7386.2,0,3,2076.8
"521",6104285184,0.492624262406649,2228748288,0.433448551928485,572,1,447.6,6703.5,664.4,10360.9,7031.8,1,2,1171.2
"522",6104285184,0.498289186330458,2228748288,0.433448551928485,579,1,420.8,6691.6,332.9,5.6,3508.3,0,3,1191.4
"523",6104285184,0.504152140293891,2228748288,0.433448551928485,594,0,463.7,13108.8,989.3,984.3,7355.7,0,3,1160.8
"524",6104285184,0.596901616759433,2228748288,0.433448551928485,609,1,739.9,6423,710.7,10639.6,7078,1,2,1355.3
"525",6104285184,0.635444861131525,2228748288,0.433448551928485,556,1,2532.5,6637.6,1243.6,2547.9,4826.3,1,4,2221.9
"526",6104285184,0.64131105774479,2228748288,0.433448551928485,571,1,447.7,13062.3,664.3,661.9,7019.5,0,3,1145.7
"527",6104285184,0.645324250231468,2228748288,0.433448551928485,586,1,440.7,6342.6,661.8,10437.8,7032.8,0,2,1141
"528",6104285184,0.651072894240172,2228748288,0.433458565203227,593,1,419.7,328.3,330.8,9674.3,3618,0,3,1161.7
"529",6099566592,0.474197073383536,2230845440,0.433458565203227,608,1,494.9,13116.3,683.4,993.3,7095.9,2,3,1315.1
"530",6099566592,0.50607168108053,2230845440,0.433458565203227,562,1,542.2,6809.3,822.2,11590.7,7440.7,1,3,2078.7
"531",6099566592,0.511601578760396,2230845440,0.433458565203227,570,0,414.8,6400.8,332.6,655.8,3550.1,0,3,1188.9
"532",6099566592,0.517501123853189,2230845440,0.433458565203227,585,1,437.8,3,659.2,21246.6,7089.4,0,4,1120.6
"533",6099566592,0.52139428067227,2230845440,0.433458565203227,600,1,437.9,7040.8,952.1,10366.7,7030.9,0,3,1199.6
"534",6099566592,0.600550821540579,2230845440,0.433458565203227,607,0,842.6,378.1,377.9,10175,3638.2,2,4,1433.6
"535",6102712320,0.368901968067801,2230845440,0.433468578477968,554,2,3512.2,13198,1629.7,3026.5,8330,0,4,2416.6
"536",6102712320,0.373072316442928,2230845440,0.433468578477968,569,0,541.2,6762.1,663,10450.9,7163.8,1,2,1144.3
"537",6102712320,0.378626622527682,2230845440,0.433468578477968,576,1,422.7,6759,334.5,984.9,3579,0,3,1171.4
"538",6102712320,0.38469185393055,2230845440,0.433468578477968,591,0,446.8,6436.5,662.4,10382.5,7151,0,3,1117.5
"539",6102712320,0.478711666493781,2230845440,0.433468578477968,545,1,595.4,6491.5,704.3,10963.1,7202,0,3,1583.6
"540",6102712320,0.513288888195261,2230845440,0.433468578477968,552,1,506.3,468.3,529.2,19462,4103.7,1,3,1766
"541",6102712320,0.518985608946128,2230845440,0.433468578477968,567,0,434.8,6771.2,660.8,955.4,6840.7,0,3.9,1143.9
"542",6102712320,0.522728999346634,2230845440,0.433468578477968,582,1,443.7,6780.3,662.9,10111.5,7185.5,2,4,1198.9
"543",6102712320,0.528531707076377,2230845440,0.433468578477968,590,0,413.7,6459.9,334.9,333.3,5468.9,0,3,1171
"544",6102712320,0.614657889483755,2230845440,0.433468578477968,605,3,867.7,6866.7,780.9,10455.5,5414.1,17.8,3,1467.7
"545",6101663744,0.368727503029798,2239234048,0.433474300349249,559,2,2719.2,7425.4,1739.9,12520.8,8642.5,0,4,2440.3
"546",6101663744,0.374207788691093,2239234048,0.433474300349249,566,1,427.5,6790.8,333.7,989,7203.3,0,3,1219
"547",6101663744,0.380095346980421,2239234048,0.433474300349249,581,0,438,12936.6,669,657.8,3598.2,1,4,1146.4
"548",6101663744,0.383926699627104,2239234048,0.433474300349249,596,1,451.6,7104,661.2,9690.6,7184.5,0,3,1212.4
"549",6101663744,0.493609848797763,2239234048,0.433474300349249,536,1,522.4,673.6,696.7,20140.4,7299.4,1,4,1674.2
"550",6101663744,0.524443799537212,2239234048,0.433474300349249,551,0,521.7,6508.1,465.5,1205.8,3805.7,1,5,1596.6
"551",6101663744,0.528235044953457,2239234048,0.433474300349249,566,0,446.5,6791.2,665.4,10159.5,7203.6,0,3,1193.8
"552",6101663744,0.534294984393708,2239234048,0.433474300349249,573,1,434.6,6780.5,662,10858.1,7191.5,0,3,1160.9
"553",6101663744,0.539848418787134,2239234048,0.433474300349249,588,0,429.7,6795.1,633.5,5.8,3590,0,3,1145
"554",6101663744,0.62978781490855,2239234048,0.433474300349249,604,2,895.7,13727.3,827.2,849.9,7328.6,19,19,1657.7
"555",6104809472,0.386951420340555,2239234048,0.43348002222053,611,2,2434.6,13164.6,1478.1,3211.5,8533.4,1,3,2034.3
"556",6104809472,0.392611387567643,2239234048,0.43348002222053,627,1,419.7,6830.3,335.2,331.7,3599.4,0,4,1139.1
"557",6104809472,0.396859442195667,2239234048,0.43348002222053,642,0,444.7,7152.4,663.3,9850.8,7184.2,1,3,1216.2
"558",6104809472,0.402684292142387,2239234048,0.43348002222053,649,1,443.6,13302.2,663.5,983.4,7472.5,0,3,1218.5
"559",6104809472,0.51986472431823,2239234048,0.43348002222053,665,1,514.4,6837.1,384,525.6,3638.9,18,3,1412.6
"560",6104809472,0.559938879728121,2239234048,0.43348002222053,560,1,613.2,6556.9,830.3,11587.3,7491.6,2,3,1779.6
"561",6104809472,0.565677969706514,2239234048,0.43348002222053,567,0,445.7,334.7,669.1,20097,7169.7,3,3,1208.5
"562",6104809472,0.571398358134181,2239234048,0.43348002222053,582,0,420,6808.1,334.2,331.2,3573.6,2,4,1182.5
"563",6104809472,0.57564833111175,2239234048,0.43348002222053,598,1,442.7,334.3,974.7,20246.5,7208.5,5,2,1201.9
"564",6109528064,0.366406427900466,2251292672,0.43348431362399,605,7,835.8,13024.7,833.9,1235,7296.5,2,21.2,1682.1
"565",6109528064,0.416210737178627,2251292672,0.43348431362399,621,1,1517.2,546.2,1141.8,12761,4747.8,0,4,1833.5
"566",6109528064,0.420164166424046,2251292672,0.43348431362399,636,1,446.6,13623.2,669,662.8,7149.9,1,3,1253.3
"567",6109528064,0.425843585359301,2251292672,0.43348431362399,644,0,449.6,7150,668.9,10407,7165.1,0,4,1442
"568",6109528064,0.431821751352261,2251292672,0.43348431362399,659,1,415.8,6487.2,333.3,330.4,3575.5,0,3,1200.2
"569",6109528064,0.510007564394856,2251292672,0.43348431362399,674,15,539.5,7154.6,698.5,10450.8,7265.7,2,5,1764.7
"570",6109528064,0.559424366017221,2251292672,0.43348431362399,554,0,597.3,6521.8,801.8,11230.2,7364.1,0,2,1604.7
"571",6109528064,0.565521438250794,2251292672,0.43348431362399,569,0,417.8,6819.5,334.6,331.4,3584.6,0,4,1154.5
"572",6109528064,0.569591033985837,2251292672,0.43348431362399,584,1,443.8,332.1,664.2,20463.1,7160.9,0,3,1160.4
"573",6109528064,0.575264279837793,2251292672,0.43348431362399,592,1,537.5,6492.1,668.7,10415.8,7176.5,0,3,1170.5
"574",6112149504,0.37736246475182,2251292672,0.433490035495271,607,1,850.5,28.8,505.7,10846.7,3809.8,1,19.6,1845
"575",6112149504,0.421904701415211,2251292672,0.433490035495271,562,1,3048.1,13500.7,1501.1,2627.3,8250.8,0,2,2021.3
"576",6112149504,0.42777979619488,2251292672,0.433490035495271,570,0,442.7,6488.2,664.9,10672.5,7150.7,1,3,1163.2
"577",6112149504,0.433653287984486,2251292672,0.433490035495271,585,1,488.7,329,331.5,9638.3,3581.5,0,3,1186.1
"578",6112149504,0.437517189711079,2251292672,0.433490035495271,600,0,448.9,6838.2,665.2,10460.1,7157.6,1,3,1163.3
"579",6112149504,0.530426991375486,2251292672,0.433490035495271,608,1,537.4,6842.4,745.8,10810.8,7250.2,0,3,1660.4
"580",6112149504,0.570378778924395,2251292672,0.433490035495271,555,1,506.6,40.6,450.6,10974,3743.9,1,4,1663.5
"581",6112149504,0.574637451004242,2251292672,0.433490035495271,570,0,443,13318.6,668.1,663.1,7165.6,0,3,1151.8
"582",6112149504,0.580326159947916,2251292672,0.433490035495271,578,1,444.6,13297.7,667.8,335.9,7146.4,0,3,1189.3
"583",6112149504,0.58632153241525,2251292672,0.433490035495271,593,0,412.8,6483.4,635.4,657.6,3571.8,0,2,1213.3
"584",6114770944,0.381837899853194,2260729856,0.433497187834372,609,0,903.5,13046.4,887.2,1812.7,7490.6,0,15.2,2009.2
"585",6114770944,0.436342742802579,2260729856,0.433497187834372,556,3,2759,6991.1,1383.7,11306.4,8126.8,2,4,1525.4
"586",6114770944,0.442254757691268,2260729856,0.433497187834372,571,0,421.7,3.8,332.6,10283.4,3580.4,0,4,1138.5
"587",6114770944,0.446269213711289,2260729856,0.433497187834372,586,0,438,13307.1,664.3,657.5,7149.2,0,2,1189.6
"588",6114770944,0.45211736359003,2260729856,0.433497187834372,594,1,446.5,13626,662.6,657.9,7155.5,0,3,1162.1
"589",6114770944,0.56136449317754,2260729856,0.433497187834372,549,0,507.6,356.2,389.3,10253.3,3698.7,0,4,1837.4
"590",6114770944,0.593894929160328,2260729856,0.433497187834372,564,1,525.7,363.5,774,20136.2,7316,1,3,1568.2
"591",6114770944,0.599709465489942,2260729856,0.433497187834372,572,0,441.8,13310.9,670.3,664.5,7145.6,0,3,1198.9
"592",6114770944,0.605558775179139,2260729856,0.433497187834372,587,1,417.8,6811.4,332.9,9.7,3571.7,0,2,1182.7
"593",6114770944,0.609681986217085,2260729856,0.433497187834372,602,0,440.8,331.5,1003.4,20064,7464.8,0,3,1188.5
"594",6116868096,0.406354941368365,2260729856,0.433504340173473,542,1,1251.9,7194.2,974.5,10890.7,7707.5,25.3,3,2024.6
"595",6116868096,0.440798635045371,2260729856,0.433504340173473,557,1,2274.4,194.1,1072.4,11638.2,4259.5,3,3,1580.7
"596",6116868096,0.444733536659247,2260729856,0.433504340173473,572,0,446.8,6814.4,663,9877.9,7143.5,2,2,1146.8
"597",6116868096,0.450485072336299,2260729856,0.433504340173473,580,1,446.6,7140.8,665.4,9969.8,7167.1,4,2,1229.3
"598",6116868096,0.456215361584939,2260729856,0.433504340173473,595,0,421.6,6805,336.2,5.2,3642,0,3,1206.3
"599",6116868096,0.547953537812897,2260729856,0.433504340173473,610,1,547.5,367.1,742.8,19655.2,7258.3,2,4,1733.4
"600",6116868096,0.587102139333355,2260729856,0.433504340173473,557,1,518.7,13324.2,774.2,1069.9,7257.2,3,3,1618.6
"601",6116868096,0.592939605754799,2260729856,0.433504340173473,572,0,417.7,6798.4,332.7,333.7,3567.9,0,2,1143.1
"602",6116868096,0.596904245453593,2260729856,0.433504340173473,587,1,600.2,7145.6,668.8,10084.1,7162.6,1,3,1217.4
"603",6116868096,0.602742983790028,2260729856,0.433504340173473,595,1,475.5,13264.3,666.5,661.5,7116.4,0,2,1142.6
"604",6120538112,0.402820592396733,2270691328,0.433510062044754,611,1,1551.8,421.6,698.5,10747.9,4210.5,1,3,2092.3
"605",6120538112,0.444790235360682,2270691328,0.433510062044754,565,1,1970.5,507,1364.9,20917.6,7744.7,2,4,1703.1
"606",6120538112,0.450334690914348,2270691328,0.433510062044754,572,1,447.6,13076,664.7,984.9,6940.4,0,3,1160.3
"607",6120538112,0.456163999897476,2270691328,0.433510062044754,588,0,415.6,2.7,330.2,10304.8,3793.6,0,3,1159
"608",6120538112,0.460635189694449,2270691328,0.433510062044754,603,1,444.7,13094.8,663.1,329.7,6603.3,2,3,1193.6
"609",6120538112,0.552592639247325,2270691328,0.433510062044754,610,0,612,738.4,759.6,20032.6,7144.1,2,3,1865.2
"610",6120538112,0.584648046412333,2270691328,0.433510062044754,625,1,422.8,70.7,441.4,11032.4,3956.8,0,3,1487.2
"611",6120538112,0.589030417987391,2270691328,0.433510062044754,641,1,438.8,6713.5,663.4,9727.9,6598.1,0,2,1203.5
"612",6120538112,0.595018988747873,2270691328,0.433510062044754,648,0,441.8,6700.2,660.5,10537.9,6920,0,3,1189.6
"613",6120538112,0.600787214380278,2270691328,0.433510062044754,664,1,414.9,6722,647.7,10104.3,6950.1,0,3,1170.9
"614",6121586688,0.391153326665789,2270691328,0.433597426749319,679,0,1844.2,7182.2,1117.4,1411.1,4360.1,2,3.1,2296.6
"615",6121586688,0.437336022498286,2270691328,0.433597426749319,557,1.9,1625.9,13287.8,1191.7,1453.3,7291.4,4,2,1485.6
"616",6121586688,0.443306201828996,2270691328,0.433597426749319,572,0,419.5,327.1,655.6,10680.6,7003.5,0,3,1235.6
"617",6121586688,0.447818215487259,2270691328,0.433597426749319,587,1,436.8,6456.1,334.8,10223.5,3565.1,1,2,1229
"618",6121586688,0.45314244639903,2270691328,0.433597426749319,595,1,450.9,7143.9,660.8,10063.4,7135.9,0,3,1164.8
"619",6121586688,0.549648230431401,2270691328,0.433597426749319,611,0,562.3,429.7,824.4,11049.4,7374,2,3,1933.2
"620",6121586688,0.580285522578281,2270691328,0.433597426749319,626,0,441.9,6914.6,482,10029.7,3683,2,2,1268.2
"621",6121586688,0.586166658430301,2270691328,0.433597426749319,633,1,447.9,7144.2,666,10381.4,7133.3,3,2,1199.8
"622",6121586688,0.591928916329769,2270691328,0.433597426749319,649,0,434.7,11717.2,665.8,669.7,7153.7,0,3,1166.9
"623",6121586688,0.59599202886056,2270691328,0.433597426749319,664,1,433.8,1594,648.6,10175.9,3568.5,0,3,1159.9
"624",6106906624,0.398362899147459,2248671232,0.433646062655206,672,2,1548.1,6610.7,1052.7,11913,8140,1,4,2289.4
"625",6106906624,0.440047349225227,2248671232,0.433646062655206,687,0,1937.7,6927.7,1355,10924.7,7605.4,0,2,1388.2
"626",6106906624,0.443969679415734,2248671232,0.433646062655206,702,1,423.6,329.3,332.4,10193.7,3575.7,1,2,1068.2
"627",6106906624,0.449583181932843,2248671232,0.433646062655206,709,0,443.1,13516.8,662.4,6.1,7135.7,0,2,1151.1
"628",6106906624,0.455265986005934,2248671232,0.433646062655206,724,1,453.7,330.8,662.6,19450.8,7459.8,0,3,1172.7
"629",6106906624,0.54657019929747,2248671232,0.433646062655206,549,1,773.1,6638.7,562.1,1288.4,3806.9,1,5,2005
"630",6106906624,0.575207540275827,2248671232,0.433646062655206,556,1,845.8,6802.5,756.7,10257.5,7171.7,0,2,1406.9
"631",6106906624,0.581003968056268,2248671232,0.433646062655206,571,1,437.7,6407.7,660.8,10359.4,7129.1,1,3,1212.9
"632",6106906624,0.585147472110236,2248671232,0.433646062655206,586,0,418.8,6455.3,332.7,656.5,3575.3,0,2,1138.5
"633",6106906624,0.590862971942067,2248671232,0.433646062655206,594,1,444.8,6761.4,657.9,10054.3,7168,0,3,1171.3
"634",6114246656,0.383001461097154,2248671232,0.433646062655206,609,1,1736.2,6872.5,1043.7,11948,8104.6,2,3,2286.9
"635",6114246656,0.428144615778914,2248671232,0.433646062655206,563,1,2043.5,558.4,986.3,10414.3,3945,0,3,1556.3
"636",6114246656,0.433874888264259,2248671232,0.433646062655206,571,0,443.8,6751.8,658.6,10002.9,7142.7,1,2,1174.6
"637",6114246656,0.439695895225653,2248671232,0.433646062655206,586,1,444.8,13216.1,663.8,664,7124.8,0,3,1172.8
"638",6114246656,0.443697570281119,2248671232,0.433646062655206,601,1,423.7,332.1,332.7,9994.9,3569.4,0,3,1140.8
"639",6114246656,0.534637536036055,2248671232,0.433646062655206,540,0,547.9,13286.4,773,1299.3,7386.8,1,3,2194
"640",6114246656,0.567604797287846,2248671232,0.433646062655206,555,1,537.6,354.3,706,20271.1,7168.6,2,3.1,1148.6
"641",6114246656,0.571642924127786,2248671232,0.433646062655206,570,0,415,6781.8,331.7,328.5,3563.1,0,3,1174.7
"642",6114246656,0.577455800891217,2248671232,0.433646062655206,578,0,443.8,6756.6,656.2,10412.8,7142.7,0,3,1241.3
"643",6114246656,0.58329541091898,2248671232,0.433646062655206,593,0,449.9,7155.3,993.6,10500.7,7151.2,0,2,1200.7
"644",6110052352,0.371105202473444,2249719808,0.433653214994307,608,2,2025.5,463.7,906.3,11819.1,4570.7,2,4,2388.7
"645",6110052352,0.420018645309871,2249719808,0.433653214994307,616,1,1309.2,6934.1,1097,11116.4,7302.1,0,3,1169.5
"646",6110052352,0.425740733116546,2249719808,0.433653214994307,631,0,443.7,335.9,656.6,20135,7136.4,0,2,1200.4
"647",6110052352,0.429915490238197,2249719808,0.433653214994307,646,1,484.8,332.2,332.4,10055.2,3583.3,0,3,1305
"648",6110052352,0.435975544926099,2249719808,0.433653214994307,654,0,442,6496.6,658,11007.6,7142.9,3,2,1146.7
"649",6110052352,0.532068366239569,2249719808,0.433653214994307,669,1,560.5,7196.3,808.9,10656.2,7343.6,2,3,1935.6
"650",6110052352,0.575044616766272,2249719808,0.433653214994307,562,1,565.3,40.5,466.9,10865.8,3716.6,0,5,1404.2
"651",6110052352,0.580929952871338,2249719808,0.433653214994307,570,1,444.9,7178.4,663.6,10377.7,7158.5,0,2,1130.8
"652",6110052352,0.586903911277312,2249719808,0.433653214994307,585,0,437.9,10.4,659.1,20451,7149.6,0,3,1174.9
"653",6110052352,0.59100301460197,2249719808,0.433653214994307,600,1,416,331.2,674.6,10000.2,3575.9,0,3,1149.3
"654",6112673792,0.394253737845941,2249719808,0.433683254818531,608,1,2025.6,745.3,1183.1,21981.9,8240.5,2,4,2165.2
"655",6112673792,0.441972996041985,2249719808,0.433683254818531,624,1,1620.6,6974.8,1097.4,11522.4,7414.7,0,2,1642.5
"656",6112673792,0.446023482668698,2249719808,0.433683254818531,639,1,420.7,6.3,330.7,10115.5,3573.6,0,3,1156.2
"657",6112673792,0.451907211592878,2249719808,0.433683254818531,647,0,443.9,13360.6,660.6,657.3,7155.3,0,2,1177.6
"658",6112673792,0.457671207636472,2249719808,0.433683254818531,662,1,567.4,6860.4,660.6,10503,7168.5,0,2,1222.7
"659",6112673792,0.560489995045441,2249719808,0.433683254818531,678,0,470.6,44.9,448.8,10923.4,3880.7,4,4,2025
"660",6112673792,0.589405755491186,2249719808,0.433683254818531,685,1,452,13714.8,695.9,470.8,7206.6,0,3,1138.5
"661",6112673792,0.595187042873333,2249719808,0.433683254818531,701,1,443.7,7165.3,660,10077.1,7144.3,3,3,1242.2
"662",6112673792,0.599360149858156,2249719808,0.433683254818531,716,0,415.7,7.4,332.3,10452.6,3582.7,3,3,1184.7
"663",6112673792,0.605455096296411,2249719808,0.433683254818531,724,1,436,10.3,659.6,20692.6,7471.9,2,2,1180
"664",6085935104,0.411196604170533,2225602560,0.437471175514646,739,1,2186,480.5,1287.4,21824.1,8314.1,3.9,5,2240.3
"665",6085935104,0.46071931419383,2225602560,0.437471175514646,564,1,1278.2,6644.4,784.3,886.8,3871.9,4,3,1508.8
"666",6085935104,0.466754050020398,2225602560,0.437471175514646,572,0,441.7,10.4,657.6,20755.4,7170.1,2,2,1159.2
"667",6085935104,0.47249140290237,2225602560,0.437471175514646,587,0,449.9,663.5,662.4,19855.7,7160.5,5,3,1202.8
"668",6085935104,0.476502573316617,2225602560,0.437471175514646,602,1,416.9,6.4,330.2,10102.2,3651.4,3,3,1143.5
"669",6085935104,0.579320037473004,2225602560,0.437471175514646,610,1,579.7,6592.3,857.5,11435.4,7371.2,2,3,1996.5
"670",6085935104,0.609505542062593,2225602560,0.437471175514646,558,2,779.9,7181.5,712.3,9850.9,7196,2,2,1540.9
"671",6085935104,0.613530736020619,2225602560,0.437471175514646,573,0,416.7,331.9,330.6,9967.1,3585.6,0,2,1217.4
"672",6085935104,0.619454004318627,2225602560,0.437471175514646,581,1,440.9,13360.1,658.5,981.5,7176.7,0,3,1120.5
"673",6085935104,0.625242022163624,2225602560,0.437471175514646,596,0,443.6,659.4,965.5,19520.9,7159.3,0,3,1183.4
"674",6102712320,0.415538512295139,2225602560,0.437488341128489,551,2,2152,6972.6,946,2004,4794.7,19,4,2288.1
"675",6102712320,0.454688904345019,2225602560,0.437488341128489,559,2,1872.4,6648.6,1050.9,10730.4,7279.6,0,3,1309.1
"676",6102712320,0.460537787617906,2225602560,0.437488341128489,574,1,481.6,10.8,660,19945.5,7163.9,0,3,1159.4
"677",6102712320,0.464615843578277,2225602560,0.437488341128489,589,0,459.9,6507.9,335,985,3592.3,1,3,1154.6
"678",6102712320,0.470668773865903,2225602560,0.437488341128489,597,1,441.7,10.3,659.9,19817.2,7165.5,2,3,1167.4
"679",6102712320,0.569203882550054,2225602560,0.437488341128489,551,1,612.5,13447.8,849.7,1331.3,7446.1,4,4,2197.5
"680",6102712320,0.604778955088183,2225602560,0.437488341128489,567,1,517.5,6844.2,373.2,1082.4,3925,3,2,1160.4
"681",6102712320,0.610835095546757,2225602560,0.437488341128489,574,0,441.6,6517.5,662.8,10117.6,6842.4,2,4,1199.3
"682",6102712320,0.616822218377654,2225602560,0.437488341128489,589,1,436.7,6513,664.8,10615.1,7157.2,0,3,1254.9
"683",6102712320,0.620889427438603,2225602560,0.437488341128489,605,0,418.8,331.2,646.1,20335.7,3916.6,0,3,1185.5
"684",6094848000,0.398231971529086,2227175424,0.437488341128489,612,2,2097.1,6903.8,1159.5,1889.2,7966.7,18.4,5,2381.4
"685",6094848000,0.459633139652461,2227175424,0.437488341128489,559,2,1510.7,138.6,1154.8,21467.4,7504.6,1,4,1339.5
"686",6094848000,0.463997298955459,2227175424,0.437488341128489,574,0,420.2,332.3,330.8,19912.2,7174.2,0,3,1179.6
"687",6094848000,0.469758966996492,2227175424,0.437488341128489,582,1,449,335.6,656.6,9651.9,3583.9,1,4,1176.3
"688",6094848000,0.475671026936536,2227175424,0.437488341128489,597,0,443.8,6822.7,660.7,10727.7,7162.9,0,2,1208.3
"689",6094848000,0.574022841564871,2227175424,0.437488341128489,551,1,541.6,80.6,510.9,11072.5,7419.1,1,4,2052.6
"690",6094848000,0.610257671286005,2227175424,0.437488341128489,559,0,514.8,6856.4,684.9,10418.1,3585.9,0,2,1162.7
"691",6094848000,0.616292378824512,2227175424,0.437488341128489,574,1,436.8,10.4,659.1,20721.2,7157.4,0,3,1179.9
"692",6094848000,0.62025930985616,2227175424,0.437488341128489,589,0,431,7159.1,659.9,6.4,7155.4,0,2,1173.9
"693",6094848000,0.626129682625234,2227175424,0.437488341128489,597,1,435.8,6506,335.7,10331.2,3585.4,1,2,1172
"694",6099566592,0.425663223832363,2227175424,0.437521346658946,612,2,2361.9,439,1338.4,22848.6,8556.7,8.1,4,2399.8
"695",6099566592,0.468030893419575,2227175424,0.437521346658946,566,0,1131.9,685.6,1036.5,20483.8,7283.4,1,3,1191.8
"696",6099566592,0.473989456834717,2227175424,0.437521346658946,574,1,432.8,6500.4,334.5,654.2,3577.2,0,2,1201.6
"697",6099566592,0.479910861263888,2227175424,0.437521346658946,589,1,446.6,12992.8,663.1,984.7,7156.9,0,3,1161.3
"698",6099566592,0.483978592082387,2227175424,0.437521346658946,604,1,445.7,655.9,660.6,20140,7439.6,0,3,1208.2
"699",6099566592,0.553996738055616,2227175424,0.437521346658946,612,0,511.8,6970.7,442.7,393.3,3713.7,1,4,1958.9
"700",6099566592,0.614373919270386,2227175424,0.437521346658946,558,1,530.4,6858.4,802.8,10453.6,7242.7,1,3,1294.9
"701",6099566592,0.618441308536755,2227175424,0.437521346658946,573,0,441.7,327.6,656.9,20154,7138.2,0,2,1207
"702",6099566592,0.624294439209454,2227175424,0.437521346658946,581,0,415,2.7,329.2,10074.9,3568.2,0,3,1134.6
"703",6099566592,0.630128611643476,2227175424,0.437521346658946,596,1,440.8,328.3,1006.2,20394.2,7160.1,0,2,1225.5
"704",6100090880,0.424281834049953,2237661184,0.437527068530226,611,2,2574.8,164.2,1535.1,22990.9,8665.5,3,5.1,2804.9
"705",6100090880,0.47683208940187,2237661184,0.437527068530226,558,1,1502.3,6926.6,593.2,468.5,3617.8,0,2,1150
"706",6100090880,0.482317756080785,2237661184,0.437527068530226,573,0,452.7,6815.2,662.2,10354.6,7135.1,0,2,1187.2
"707",6100090880,0.486509101530315,2237661184,0.437527068530226,588,1,446.8,12963.3,665.1,659.1,7139.6,0,3,1162.3
"708",6100090880,0.491879894588715,2237661184,0.437527068530226,596,1,424.7,6797.9,332.6,4.1,3567.7,0,2,1171.5
"709",6100090880,0.601756694388239,2237661184,0.437527068530226,550,0,520.5,6585.4,862.8,11507,7458.7,1,2,1952.5
"710",6100090880,0.63347607188027,2237661184,0.437527068530226,565,1,534.5,6831,676,10610.4,7169.9,1,2,1423.6
"711",6100090880,0.639266418775534,2237661184,0.437527068530226,573,0,420.8,6820.6,332.3,4.2,3575.5,1,4,1200
"712",6100090880,0.645140451181397,2237661184,0.437527068530226,588,1,443.7,13532.2,663.9,657.7,7132.8,2,2,1154.2
"713",6100090880,0.649180791823951,2237661184,0.437527068530226,603,1,440.7,6367.5,986,10550.3,7132,0,3,1189.2
"714",6104809472,0.449417816220781,2237661184,0.437534220869327,542,2,2267.2,535.6,1136.9,11341.1,5056.2,3,5,2790.7
"715",6104809472,0.481464502281686,2237661184,0.437534220869327,556,1,1440.6,6867.4,1295.7,10086,7272.3,0,3,1195.3
"716",6104809472,0.48550196487607,2237661184,0.437534220869327,571,1,451.6,13390.9,665.3,659.1,7133.1,0,3,1230.1
"717",6104809472,0.491353057760748,2237661184,0.437534220869327,579,0,420.6,6368.4,333.5,657.6,3570.7,0,2,1175.4
"718",6104809472,0.497038563867415,2237661184,0.437534220869327,593,1,444.6,13077.5,665.7,662.7,7131.9,0,2,1168.3
"719",6104809472,0.60373264156636,2237661184,0.437534220869327,608,1,513.5,13224.3,850.9,1759.4,7455.9,1,3,2024.5
"720",6104809472,0.638087537975568,2237661184,0.437534220869327,555,1,494.4,6364.8,338.2,395.7,3581.7,0,3,1121.7
"721",6104809472,0.643884894023456,2237661184,0.437534220869327,569,1,441.6,13063.6,666,656.2,7139.4,0,2,1171.4
"722",6104809472,0.647995065313484,2237661184,0.437534220869327,584,0,443.6,6720.9,661.8,10743.9,7133.8,0,2,1179.5
"723",6104809472,0.653272292994431,2237661184,0.437534220869327,592,1,414.8,2.7,330.3,10058,3565.8,1,3,1135.7
"724",6107430912,0.443045905578664,2248146944,0.437541373208429,607,2,2497.8,13303.3,1673,2183.2,8526.9,2,6.1,2413
"725",6107430912,0.496053188065191,2248146944,0.437541373208429,561,1,845.2,6576.4,1005,11043.5,7339,0,2,1295
"726",6107430912,0.501910744247709,2248146944,0.437541373208429,568,0,421.7,6806.6,333.4,332,3570.4,0,3,1244.2
"727",6107430912,0.507818198472515,2248146944,0.437541373208429,583,1,449.5,330.7,664.5,20220.9,7139.2,1,3,1187.2
"728",6107430912,0.512290387780939,2248146944,0.437541373208429,599,0,441.8,3,657.4,20257.6,7135.7,0,3,1231.3
"729",6107430912,0.571020050384094,2248146944,0.437541373208429,606,1,670.5,6937.7,440.2,752.5,3721.5,2,3,2122.7
"730",6107430912,0.644342791801689,2248146944,0.437541373208429,552,0,523.5,388.8,807.5,20794.1,7207.9,1,2,1100.7
"731",6107430912,0.648403958742581,2248146944,0.437541373208429,568,1,439.9,6818.9,660.7,10335,7144.3,0,4,1166.3
"732",6107430912,0.654087278286987,2248146944,0.437541373208429,575,0,414.8,6476.1,332.5,331.2,3568.3,1,3,1145.8
"733",6111100928,0.366187390309381,2248146944,0.437548525547529,591,0,438.6,6483,1000.2,10392,7411,0,2,1215.9
"734",6111100928,0.467014216355196,2248146944,0.437548525547529,606,2.9,2621.9,7087.4,1579.4,13110.9,8547.2,11.9,19,2400.7
"735",6111100928,0.506613025492412,2248146944,0.437548525547529,614,0,629,6539.1,494,691.8,3583.8,4,3,1222.7
"736",6111100928,0.512327706018211,2248146944,0.437548525547529,629,1,639,6801.8,661.4,10273.3,7135.4,2,3,1226.1
"737",6111100928,0.516267876545173,2248146944,0.437548525547529,644,1,452.7,13613.5,664.9,660,7130.4,4,2,1176.6
"738",6111100928,0.522416808126523,2248146944,0.437548525547529,652,1,421.7,326.9,328.9,10017.1,3624.9,4,2,1161
"739",6111100928,0.621000315585787,2248146944,0.437548525547529,545,1,696.8,515.3,911.6,20900.4,7445.7,0,4,2271.7
"740",6116868096,0.362414665190737,2256011264,0.437577238277584,560,0,449.9,6799.6,663.7,10672.4,7137.7,0,2,1213.4
"741",6116868096,0.368373327090235,2256011264,0.437577238277584,568,1,417.4,6795.9,332.8,5,3565.6,0,3,1142.8
"742",6116868096,0.373773053595405,2256011264,0.437577238277584,583,0,445.7,7142.2,667.2,9848.1,7143.6,0,3,1154.4
"743",6116868096,0.37798073382798,2256011264,0.437577238277584,598,0,443.1,13628.7,1007.8,663.6,7138.1,1,2,1169.5
"744",6116868096,0.478466505403212,2256011264,0.437577238277584,606,4,3004.9,6714.1,1511.4,3239.1,5115.4,4,5.9,2775
"745",6116868096,0.515163234091499,2256011264,0.437577238277584,553,0,1019.8,13672.3,740.1,10.6,7132.8,1,2,1170.4
"746",6116868096,0.519436903033928,2256011264,0.437577238277584,568,1,522,12938.6,663.2,1306.6,7122.5,0,2,1166.5
"747",6116868096,0.525709822229617,2256011264,0.437577238277584,575,1,444.1,3.6,330.3,9934.3,3557.6,0,3,1197.4
"748",6116868096,0.531241389952725,2256011264,0.437577238277584,591,0,441.6,6475.2,663.2,10947.9,7132.9,1,2,1128.6
"749",6116868096,0.615686715746018,2256011264,0.437577238277584,606,1,510.9,6919.6,817.2,11174.4,7427.5,2,13,2106.5
"750",6075449344,0.371788825349669,2256011264,0.437600125762708,614,0,415.1,2.9,335.8,11073,3887.8,3,3,1205.9
"751",6075449344,0.37764181143895,2256011264,0.437600125762708,629,1,439.1,12940.8,662,664,6807.3,1,2,1118.8
"752",6075449344,0.381898664701316,2256011264,0.437600125762708,644,1,439.9,13292.7,663.1,335.7,7119.3,0,2,1183.7
"753",6075449344,0.387870840959515,2256011264,0.437600125762708,652,0,413.7,3.6,329.5,10458.1,7126.1,1,4,1217.3
"754",6075449344,0.49574768120887,2256011264,0.437600125762708,667,2,2958.5,7105.9,1816.3,13198.3,5180.8,3,22.2,2507.2
"755",6075449344,0.535101189910629,2256011264,0.437600125762708,682,1,580.1,13314.5,754.2,671,7122.9,1,2,1224.1
"756",6075449344,0.540568516497362,2256011264,0.437600125762708,690,1,418.6,6799.3,332.1,337,7123.9,0,3.9,1229.3
"757",6075449344,0.546539058334321,2256011264,0.437600125762708,705,0,444.9,6802.8,660.3,9776.5,3578.5,0,3,1185.2
"758",6075449344,0.550452425400656,2256011264,0.437600125762708,720,1,445.1,6495.9,659.8,10637.4,7128.6,0,3,1183.5
"759",6075449344,0.627149672535742,2256011264,0.437600125762708,728,1,518,365.6,728.9,11079.3,7420.6,0,2,2040.3
"760",6083313664,0.382975906501986,2224553984,0.441876872515903,743,0,435.8,6497,387.7,10192.2,3656.3,2,2,1247.1
"761",6083313664,0.414485823482774,2224553984,0.441876872515903,572,1,670.2,347.1,697.6,20590.9,7184.4,3,3,1231.2
"762",6083313664,0.420147955270299,2224553984,0.441876872515903,579,0,419,8.9,654.5,20452.4,7135.5,3,3,1166.6
"763",6083313664,0.425980631580264,2224553984,0.441876872515903,594,0,433.5,335.3,633.6,10088.4,3568.7,2,2,1214.3
"764",6083313664,0.531065395264074,2224553984,0.441876872515903,610,2,2849.3,506,1636.9,21831.7,8339.2,5,4.1,2408.4
"765",6083313664,0.571853155750588,2224553984,0.441876872515903,557,0,509.7,7138,662,10120.1,7125.4,0,3,1241.9
"766",6083313664,0.577475840362406,2224553984,0.441876872515903,572,1,434,6815.3,338.1,6.8,3572.2,0,2,1213.3
"767",6083313664,0.581823079214748,2224553984,0.441876872515903,587,0,445.1,6833.3,661.6,10347.4,7133.4,0,3,1164.6
"768",6083313664,0.58760988276858,2224553984,0.441876872515903,595,1,443.7,13302.2,664.8,337.6,7406.9,1,5,1246.6
"769",6102188032,0.369651286296221,2224553984,0.441894038129746,611,1,514.7,381.5,455.7,10881.8,3929.8,0,2,1823.2
"770",6102188032,0.417589110615685,2224553984,0.441894038129746,565,1,509.7,6832.5,719.9,10705.6,7225.8,0,3,1367.9
"771",6102188032,0.423092056060682,2224553984,0.441894038129746,572,0,445.9,7131.8,661.2,10031.8,7108.9,0,2,1181.6
"772",6102188032,0.428792173474151,2224553984,0.441894038129746,588,1,420.7,333.6,333.2,9612.5,3556.8,0,2,1189.5
"773",6102188032,0.43316699213721,2224553984,0.441894038129746,603,0,439.8,337.1,970.2,20447.6,7152.4,0,3,1169.5
"774",6102188032,0.522582934473085,2224553984,0.441894038129746,611,2,2884.7,13223.5,1737.3,2804.4,8252.6,2,3,2476.1
"775",6102188032,0.567662807717097,2224553984,0.441894038129746,557,0,509.3,6805.2,333.2,61.8,3559.4,2,3,1269.9
"776",6102188032,0.572038227763355,2224553984,0.441894038129746,573,1,564.7,336.5,660.6,20108.4,7139.3,3,2,1193.5
"777",6102188032,0.577775990298344,2224553984,0.441894038129746,580,0,448.1,6819.5,660.7,10207.5,7141.3,3,2.9,1203.6
"778",6102188032,0.583601472011735,2224553984,0.441894038129746,595,1,417.1,6.6,331.9,10444.4,3566.4,2,2,1196.3
"779",6092750848,0.383433198706196,2228748288,0.441894038129746,611,1,605.5,6895.2,839,11014.1,7447.2,3,5,1968.8
"780",6092750848,0.424538112348071,2228748288,0.441894038129746,558,0,441.9,6827,658.5,11131.6,7128.8,0,3,1224.3
"781",6092750848,0.430470570074729,2228748288,0.441894038129746,573,1,414.7,6491,332.9,656.3,3564.1,0,3,1163.3
"782",6092750848,0.434429911524671,2228748288,0.441894038129746,588,0,440.7,13317.9,662.8,986.6,7142.2,0,3,1162.5
"783",6092750848,0.44017047248218,2228748288,0.441894038129746,596,1,446.8,13639.8,668,11.9,7134.3,0,2,1162.6
"784",6092750848,0.5478844814201,2228748288,0.441894038129746,550,17,3356.1,510.2,1234.5,12425.4,5171.7,28.7,7,2930.3
"785",6092750848,0.585216360870085,2228748288,0.441894038129746,565,1,450.6,662.3,661.5,19905.3,7122.7,4,1,1135.5
"786",6092750848,0.590997046869032,2228748288,0.441894038129746,573,1,445.9,6838.7,661.3,10684.6,7149.2,3,3,1215.4
"787",6092750848,0.596943273546931,2228748288,0.441894038129746,588,0,420.7,6,331.5,10345.3,3567.5,0,3,1206.2
"788",6092750848,0.601300768392553,2228748288,0.441894038129746,604,0,448,6500,660.3,10652.2,7136.3,0,3,1143.6
"789",6099566592,0.390845355605136,2228748288,0.441904051404487,611,1,569.6,7224,851.3,10915.1,7394,1,3,2214
"790",6099566592,0.444784537935873,2228748288,0.441904051404487,558,1,500.5,6818.2,362.5,103,3569.6,0,2,1237.3
"791",6099566592,0.448929699460611,2228748288,0.441904051404487,573,1,438.8,334.1,655.6,19779.3,7103.7,0,2,1167.4
"792",6099566592,0.454662057928448,2228748288,0.441904051404487,581,0,443.9,7146,662.5,10416.1,7115.2,0,2,1268.6
"793",6099566592,0.460429994394019,2228748288,0.441904051404487,596,1,418.7,334.9,665.3,9656.7,3560.8,-1,-1,-1
"794",6099566592,0.529781416987561,2228748288,0.441904051404487,612,1,2955.1,6701.1,1613.5,13219.4,8397.9,0,3,1170.5
"795",6099566592,0.585223707384017,2228748288,0.441904051404487,558,1,520.6,13335,718.1,801.6,7149.2,3,5.1,2531.6
"796",6099566592,0.59122657618723,2228748288,0.441904051404487,574,0,418.7,6801.7,332.9,5.9,3551.3,3,3,1236.6
"797",6099566592,0.595193995449838,2228748288,0.441904051404487,589,1,450.7,7143.9,661.8,10074.1,7118.9,3,2,1215.2
"798",6099566592,0.601129183498132,2228748288,0.441904051404487,597,1,444.9,10.4,661.6,20340.8,7138.3,2,3,1204.5
"799",6099566592,0.405170786416783,2241855488,0.441916925614869,612,0,566.4,6543.7,525.1,1206.6,3966.7,3,3,1202.9
"800",6099566592,0.450472027349852,2241855488,0.441916925614869,627,1,451.7,7158.4,720.9,10553.6,7209.6,4,20,1978.7
"801",6099566592,0.456291284642354,2241855488,0.441916925614869,635,1,439.9,13285.6,662.3,334.8,7113.1,1,3,1215.3
"802",6099566592,0.462058895271383,2241855488,0.441916925614869,650,0,418.7,6814.3,337.9,331.7,3555.4,3,3,1157.6
"803",6099566592,0.466133390079321,2241855488,0.441916925614869,665,1,437.7,11.1,983,20064.7,7422.3,4,2,1180.6
"804",6099566592,0.567920122196372,2241855488,0.441916925614869,673,1,2858.1,6993.3,1647.7,12849.8,8579.6,1,3,1284.2
"805",6099566592,0.614963923336156,2241855488,0.441916925614869,558,2,1218.2,60.7,436.1,10590.6,3563.2,3,13,2245.9
"806",6099566592,0.619059110336073,2241855488,0.441916925614869,574,1,582.2,13289.1,667,985.5,7125.1,0,3,1208.5
"807",6099566592,0.62492677897616,2241855488,0.441916925614869,581,0,446.8,335.4,657.4,19683.8,7129.2,0,3,1169.6
"808",6099566592,0.630778936330056,2241855488,0.441916925614869,596,0,421,6811.3,333.6,331,3646.3,0,3,1193.8
"809",6105858048,0.40759386829019,2241855488,0.441966991988576,612,1,550.4,383.5,812.1,20587,7429.8,0,5.1,1279.1
"810",6105858048,0.454835659656771,2241855488,0.441966991988576,620,0,439.9,33.5,765.9,20327.5,7224.8,0,17.8,1959.5
"811",6105858048,0.473901835092965,2241855488,0.441966991988576,574,1,491.8,6478.1,334.2,388.9,3560.7,1,2,1475.1
"812",6105858048,0.477974150672584,2241855488,0.441966991988576,589,0,443.5,7119.7,659.2,10169.5,7116.7,1,3,1202.9
"813",6105858048,0.483650055602172,2241855488,0.441966991988576,597,1,438.8,6798.2,661.8,10384.1,7110.2,0,2,1103
"814",6105858048,0.575823440488895,2241855488,0.441966991988576,612,2,3197,569.1,1372.3,12339,5074.2,0,6.1,1492.5
"815",6105858048,0.618681427018716,2241855488,0.441966991988576,566,0,443.6,6808.2,664.1,10401.7,7132.6,2,10,2570.2
"816",6105858048,0.630400778401916,2241855488,0.441966991988576,589,0,489.6,328.3,331.5,10055.9,7145,0,2,1220.4
"817",6105858048,0.63455754117434,2241855488,0.441966991988576,604,1,445.7,6795.9,662.2,10734.5,3890.3,0,4,1195.5
"818",6109003776,0.432290300108908,2253389824,0.441972713859856,612,0,556.6,143.3,957.5,10098,6812,0,3,1268.5
"819",6109003776,0.469169778045931,2253389824,0.441972713859856,558,1,510.7,336.3,367.1,20941.1,7548.8,0,2,1964.9
"820",6109003776,0.473640956318139,2253389824,0.441972713859856,574,0,444.8,13271.7,663,10230.2,3905,1,4,1276.3
"821",6109003776,0.479528119622335,2253389824,0.441972713859856,581,0,441.7,12944.2,664.5,333.3,6807.6,0,3,1176.1
"822",6109003776,0.484981107305806,2253389824,0.441972713859856,596,0,420.6,329.8,693.8,985.8,7130.9,0,3,1179.5
"823",6109003776,0.574626366275577,2253389824,0.441972713859856,612,2,3046.9,7156.5,1847.7,15946.1,7162.8,1,3,1333.9
"824",6109003776,0.618837695500249,2253389824,0.441972713859856,558,0,443.7,12945.7,666.6,6606.5,5008.8,1,5,2353.9
"825",6109003776,0.624810973945079,2253389824,0.441972713859856,573,1,417.7,6497.8,335.8,985.6,7139.9,0,2,1288.3
"826",6109003776,0.628803429188423,2253389824,0.441972713859856,588,0,445.7,328.8,658.6,11063.5,7182.9,0,3,1196.5
"827",6109003776,0.634779484053949,2253389824,0.441972713859856,596,0,448.9,13653.1,662.8,10110,3595.8,0,2,1204.1
"828",6113198080,0.441551475661104,2253389824,0.441985588070238,550,-1,-1,-1,-1,379.9,7197.3,4,3,1264.5
"829",6113198080,0.484678103418934,2253389824,0.441985588070238,565,1,584.3,119.8,639.8,11036.6,7544.2,3,2,2047.1
"830",6113198080,0.490461726137584,2253389824,0.441985588070238,573,0,445.6,13315.8,665.2,332.3,3593.4,1,2,1140.3
"831",6113198080,0.495794205638086,2253389824,0.441985588070238,588,1,446.8,653.7,657.8,19712.8,7157.8,0,5,1176.1
"832",6113198080,0.500378121258433,2253389824,0.441985588070238,603,0,424,329.6,658.6,10102.5,7184.5,0,3,1198.4
"833",6113198080,0.598559626050455,2253389824,0.441985588070238,611,0,434.7,12982.7,656.6,690.7,3622.5,1,4,1373
"834",6113198080,0.632869480534328,2253389824,0.441985588070238,626,1,3231.8,13367.3,1815.4,3203.5,8506.6,2,3,2409.6
"835",6113198080,0.637288894799999,2253389824,0.441985588070238,642,1,429.5,12929.8,659.5,981.7,7175.8,4,3,1194.4
"836",6113198080,0.643070755277286,2253389824,0.441985588070238,649,0,430.7,384.3,333.5,9965.8,3580.2,2,3,1119.4
"837",6113198080,0.649066473487575,2253389824,0.441985588070238,664,1,446.9,6813.5,662.7,10100.5,7165.8,4,3,1188.5
"838",6112149504,0.445372671846569,2254962688,0.441992740409339,680,0,464.7,6852.8,713.8,10373.9,7479.2,4,3,1275.8
"839",6112149504,0.48447013379322,2254962688,0.441992740409339,688,1,471.4,6952.9,597.4,1164.6,3941,0,2,1950.8
"840",6112149504,0.490367423175161,2254962688,0.441992740409339,703,1,579.5,13311.2,669.2,987.4,7160.8,0,2,1233.3
"841",6112149504,0.494116668156365,2254962688,0.441992740409339,718,0,439.7,329.4,659,19788,7165.6,0,2,1158.4
"842",6112149504,0.500000456799782,2254962688,0.441992740409339,726,1,412.8,6492.2,332.3,328.7,3582.5,0,3,1140.7
"843",6112149504,0.59308199003744,2254962688,0.441992740409339,709,3,597.4,6501.9,712.2,10417.4,7218,2,8.9,1392.5
"844",6112149504,0.634376513306435,2254962688,0.441992740409339,565,18,3129.5,13265.7,1709.4,3005.9,8578.8,2,2,2314.2
"845",6112149504,0.640239976454947,2254962688,0.441992740409339,572,1,424.7,328,331.7,9775,3570.9,0,4,1184.6
"846",6112149504,0.645723940611737,2254962688,0.441992740409339,588,0,441.9,3,658.6,20303.4,7141.9,0,3,1199.5
"847",6112149504,0.650213954541029,2254962688,0.441992740409339,603,0,444.9,6818,663.7,10502.2,7146.4,1,2,1158.6
"848",6117392384,0.426538238483482,2254962688,0.44200132321626,610,4,453.7,350.6,351.3,9779.8,3573.9,0,5,1242.2
"849",6117392384,0.482503473480401,2254962688,0.44200132321626,557,9.9,563.6,7355.5,983.2,10388,7369,0,3,2283.4
"850",6117392384,0.486687161247339,2254962688,0.44200132321626,572,1,508.6,12979.1,714.8,1145.4,7186.4,0,3,1217.1
"851",6117392384,0.492509104857829,2254962688,0.44200132321626,580,0,418.6,327.1,329.5,9983.7,3571.6,0,2,1142.5
"852",6117392384,0.498372459044924,2254962688,0.44200132321626,595,0,443.9,13278,663.9,658.1,7140.6,0,3,1186.6
"853",6117392384,0.592927349690912,2254962688,0.44200132321626,611,1,601.3,668,1015,20031.7,7165.9,1,4,1625.2
"854",6117392384,0.629337789592622,2254962688,0.44200132321626,618,1,2671.1,626.3,1394.6,11907.1,4852.5,2,4,2263
"855",6117392384,0.635197231645802,2254962688,0.44200132321626,633,0,451.8,6795,664.5,10243.3,7131.4,4,2,1213.7
"856",6117392384,0.639158982819366,2254962688,0.44200132321626,649,1,442.7,13265.8,664,331.7,7140.9,4,3,1217.1
"857",6117392384,0.645039178879174,2254962688,0.44200132321626,656,0,420.8,2.8,330.9,9865.4,3563.3,2,3,1235.2
"858",6110576640,0.440186942419289,2250768384,0.442011336491002,672,1,476,343.6,689.7,20581.8,7157.8,4,3,1309.6
"859",6110576640,0.487032754379981,2250768384,0.442011336491002,565,0,545.6,13421.1,915.5,1459.8,7444,2,2,1957.3
"860",6110576640,0.49277709546046,2250768384,0.442011336491002,572,0,568.5,350.6,385.3,9899.3,3590.2,1,2,1307.5
"861",6110576640,0.498585550904896,2250768384,0.442011336491002,587,1,512.6,13593.2,662.1,331.7,7123.7,0,4,1250.3
"862",6110576640,0.502633855160171,2250768384,0.442011336491002,602,0,446.7,6799.7,667.2,10456.3,7125.4,0,5,1230.3
"863",6110576640,0.592297135719523,2250768384,0.442011336491002,541,1,577.2,6805,697.2,32.2,3595.6,3,20,1450.5
"864",6110576640,0.629152004092121,2250768384,0.442011336491002,557,1,2807.5,13585.6,1670.6,2632.8,8563.4,0,3,2281
"865",6110576640,0.633237387707717,2250768384,0.442011336491002,572,1,448.6,652.6,657.9,20489.1,7133,0,2,1194.3
"866",6110576640,0.639173006363146,2250768384,0.442011336491002,579,0,417.8,2.7,329,9968.4,3569.3,0,3,1193.8
"867",6110576640,0.644815432897671,2250768384,0.442011336491002,595,1,546.8,12948.3,661.4,980.9,7131.3,1,2,1196.9
"868",6115295232,0.434603076359624,2250768384,0.442018488830102,610,0,498.4,343.5,691,20402.9,7149.7,0,3,1576.8
"869",6115295232,0.46997317256786,2250768384,0.442018488830102,557,1,561.2,184.7,571.3,10733.8,3850.6,1,3,1791.3
"870",6115295232,0.475845661702899,2250768384,0.442018488830102,572,0,441.8,13271.9,663.1,332,7130.2,2,3,1142
"871",6115295232,0.479880800485545,2250768384,0.442018488830102,587,1,441.7,13285.1,664.1,663.5,7138.7,2,2,1241.6
"872",6115295232,0.485564853424097,2250768384,0.442018488830102,595,0,415.6,327.2,329.6,9660.6,3566.4,0,4,1157.5
"873",6115295232,0.571507721869247,2250768384,0.442018488830102,610,1,791.3,7162.4,702.7,9714.6,7513,1,5,1476.4
"874",6115295232,0.611539300605839,2250768384,0.442018488830102,564,2,2711.8,7121.3,1647.3,12730.5,8537.4,1,2,2172.7
"875",6115295232,0.617276428231038,2250768384,0.442018488830102,572,1,418.5,6470.4,330.3,327.7,3566.3,0,4,1204.4
"876",6115295232,0.623264993752991,2250768384,0.442018488830102,587,0,437,12957.2,662.3,657,7130.8,0,2,1156.9
"877",6115295232,0.627410725229751,2250768384,0.442018488830102,602,1,443.5,6474.9,658.7,11095.5,7147.9,0,2,1193.5
"878",6109528064,0.408199860348344,2252341248,0.442024210701383,610,0,503.5,345.1,363.3,9884.3,3663.9,0,3,1453.7
"879",6109528064,0.460849731579419,2252341248,0.442024210701383,557,0,475.7,6969.9,913.2,11179.9,7423.6,1,3,1949
"880",6109528064,0.464875365573932,2252341248,0.442024210701383,572,1,506.5,6790.5,660.9,10396.5,7121.1,0,3,1147.5
"881",6109528064,0.470597573866788,2252341248,0.442024210701383,579,0,414.9,6786.5,330.6,4.6,3563.9,0,2,1201.3
"882",6109528064,0.476639628966933,2252341248,0.442024210701383,594,1,438.7,13247.3,972.6,972.1,7121.2,0,3,1165
"883",6109528064,0.561061909420744,2252341248,0.442024210701383,610,14,736.9,6811.8,736.1,10684.7,7163.1,20,8,1536.3
"884",6109528064,0.621059061504596,2252341248,0.442024210701383,556,2,2579.4,281.7,1280.1,12560.6,5006.5,4,3,2419.7
"885",6109528064,0.627020646503619,2252341248,0.442024210701383,572,1,441.9,6477.4,653,10690,7116.6,2,4,1203
"886",6109528064,0.630986760324647,2252341248,0.442024210701383,587,0,476.6,642.8,648.4,19695.4,7120.3,3,2,1195.2
"887",6109528064,0.636941737442415,2252341248,0.442024210701383,594,0,451.7,2.7,325.2,10708.1,3894,3,3,1196.9
"888",6113198080,0.442743816339063,2252341248,0.442034223976125,610,1,592.6,6827.2,684.1,9731.2,6846.4,3,11,1476.1
"889",6113198080,0.480049868790339,2252341248,0.442034223976125,625,0,455.7,13763.1,924,801.8,7354.5,0,3,1872.9
"890",6113198080,0.485918453125402,2252341248,0.442034223976125,632,1,406.8,2.7,326.8,13447.4,7122.8,0,3,1150.7
"891",6113198080,0.491633855520582,2252341248,0.442034223976125,648,0,437.1,324.7,652,16629.2,3556.6,0,3,1165.4
"892",6113198080,0.495693818647368,2252341248,0.442034223976125,663,1,441.8,6794,958,10105.3,7130.9,0,2,1209.3
"893",6113198080,0.577890498269492,2252341248,0.442034223976125,670,1,811.9,6862.6,425.7,10501.3,7237.8,2,21.6,1797.3
"894",6113198080,0.617630353768885,2252341248,0.442034223976125,556,2,3629.4,651.9,1626.8,12515.6,4823.6,0,3,1833
"895",6113198080,0.621605957710163,2252341248,0.442034223976125,571,1,443.5,13281.6,682.8,329.6,7127.8,0,3,1187.8
"896",6113198080,0.627665953726534,2252341248,0.442034223976125,579,1,408.8,6482.3,328.4,11689.7,7135.7,0,4,1210.3
"897",6113198080,0.633412629095809,2252341248,0.442034223976125,594,0,444.8,323.6,648.3,9991.8,3565.2,1,2,1178.1
"898",6115295232,0.428950299538285,2259681280,0.442042806783046,609,0,549.6,13286.7,687.6,800.6,7194.4,0,11.1,1532.8
"899",6115295232,0.459311766337641,2259681280,0.442042806783046,617,1,411.7,85.8,477.7,10866.4,7336.9,5,5,1925.5
"900",6115295232,0.4687119337007,2259681280,0.442042806783046,571,1,499.9,13593.4,683.2,421,3582,2,4,1213.3
"901",6115295232,0.472539292492404,2259681280,0.442042806783046,586,1,433.9,6479,651.4,10363.9,7131.3,4,2,1200.3
"902",6115295232,0.478322080189433,2259681280,0.442042806783046,593,1,494.7,648.7,651.9,10011.1,7133.8,1,3,1179.4
"903",6115295232,0.573348611372246,2259681280,0.442042806783046,609,0,788.8,6823.5,466.9,10236.1,3697.9,2,12,1888.5
"904",6115295232,0.611026259969467,2259681280,0.442042806783046,624,3,2726.5,284,1816.2,23115.1,8631.6,1,3,2182.1
"905",6115295232,0.616910998882157,2259681280,0.442042806783046,632,1,435.6,648.4,650.6,20165.5,7145.2,0,4,1175.6
"906",6115295232,0.623005663487519,2259681280,0.442042806783046,647,0,424,6487.6,338.8,649.6,3570.1,0,2,1190.2
"907",6115295232,0.627152608207738,2259681280,0.442042806783046,662,0,440.7,6480.8,660.6,11068.4,7147.9,1,4,1209.5
"908",6108479488,0.416052835323561,2259681280,0.442124449616331,670,2,545.6,6547.2,711.7,11128.2,7550.3,0,2,1733.8
"909",6108479488,0.467559799785242,2259681280,0.442124449616331,555,0,421.7,6848.1,483.4,836.1,3755.2,1,3,1634.5
"910",6108479488,0.471742852642391,2259681280,0.442124449616331,570,1,612.5,13269.5,663.4,1037.6,7146.3,0,2,1226
"911",6108479488,0.477509451187498,2259681280,0.442124449616331,578,0,435.8,13279.4,656.1,327.6,7142.7,0,3,1197.3
"912",6108479488,0.483361979429292,2259681280,0.442124449616331,593,1,411.8,325.6,660.3,9657.2,3571.3,0,2,1171.5
"913",6108479488,0.587264809298077,2259681280,0.442124449616331,609,0,905.8,6511.1,864.2,11619.9,7468.9,0,3,2269.7
"914",6108479488,0.623366735427467,2259681280,0.442124449616331,616,1,2450.9,13738.5,1552,2793.8,8253.5,3,2,1410.3
"915",6108479488,0.629123626977197,2259681280,0.442124449616331,631,0,419.7,329.8,342.9,10057.7,3571.2,2,4,1184.4
"916",6108479488,0.633600169503731,2259681280,0.442124449616331,647,0,437.9,6808.5,659,9981.9,7142.2,0,3,1171.6
"917",6108479488,0.639527117344941,2259681280,0.442124449616331,654,1,441.6,6805.2,655.2,10589.3,7146.3,0,3,1161.6
"918",6105333760,0.443119731128822,2241331200,0.442133032423252,669,1,557.6,26.2,369.5,10288.5,3640.7,0,3,1688.3
"919",6105333760,0.474945882426877,2241331200,0.442133032423252,563,0,590.7,6551.6,840.6,11339.1,7312.9,0,3,1648
"920",6105333760,0.480894199278092,2241331200,0.442133032423252,570,1,437.7,5.8,656.4,20379.1,7144.2,1,2,1201.3
"921",6105333760,0.486667064152324,2241331200,0.442133032423252,586,0,411,6481,333.5,654.3,3572.3,0,3,1200.6
"922",6105333760,0.490704823247485,2241331200,0.442133032423252,601,0,440.8,334.8,954.3,19945.9,7145.6,0,3,1228.1
"923",6105333760,0.582853728485317,2241331200,0.442133032423252,609,1,822.7,13668.5,813.6,775.5,7475.8,1,4,2320.5
"924",6105333760,0.633411447283528,2241331200,0.442133032423252,555,1,2264,6605.7,1293.6,2971.6,4691.6,1,2,1319
"925",6105333760,0.637452599898173,2241331200,0.442133032423252,571,1,440.6,6814.4,658.5,9991.6,7147.2,0,3,1236
"926",6105333760,0.643282738664392,2241331200,0.442133032423252,578,1,436.6,6806.1,657.8,10316.5,7151,0,3,1192.4
"927",6105333760,0.648958744173749,2241331200,0.442133032423252,593,0,417.9,325.9,328.2,9698.9,3574.6,0,2,1219.5
"928",6110576640,0.408202811735929,2241331200,0.442141615230173,608,1,573.6,6839.4,713.1,9642.1,7237.9,2,4,1784.5
"929",6110576640,0.475633660504792,2241331200,0.442141615230173,555,1,440.7,6840,748.8,11393.8,7330.6,1,3,1679.9
"930",6110576640,0.481519040613507,2241331200,0.442141615230173,570,0,489.6,6813.2,353.3,138.3,3603.1,2,2,1195.3
"931",6110576640,0.485527188396166,2241331200,0.442141615230173,585,1,435.7,13281.1,654.1,650.2,7135.1,2,3,1184.5
"932",6110576640,0.491508205196943,2241331200,0.442141615230173,593,0,432.7,12966.5,655.8,974.6,7139.6,3.9,3,1158.3
"933",6110576640,0.602722889838131,2241331200,0.442141615230173,608,2,871.5,6514.7,507.6,846.7,4009.8,14.1,4,2003.8
"934",6110576640,0.640133932899951,2241331200,0.442141615230173,563,1,3198.2,7009.6,1811.7,11747.7,8361.9,2,2,2045.3
"935",6110576640,0.64613595725219,2241331200,0.442141615230173,570,1,436.6,6503.2,657,10589.4,7134.9,3,3,1213.2
"936",6110576640,0.651700780208999,2241331200,0.442141615230173,586,0,417.8,6834,333.8,7.4,3571.2,1,3,1230.3
"937",6110576640,0.655889643643198,2241331200,0.442141615230173,601,0,438.6,13304.9,659.8,653.3,7122.6,1,3,1212.2
"938",6103760896,0.459817842872743,2242904064,0.442158157808226,541,1,493.3,13008.1,721.9,1629.7,7251.8,0,2,1822.3
"939",6103760896,0.497405400285352,2242904064,0.442158157808226,556,0,505.5,24.5,401.6,10780.6,3732.2,0,3,1513.1
"940",6103760896,0.501574509224372,2242904064,0.442158157808226,571,1,436.9,12988,664.8,986.6,7134.2,0,3,1249.1
"941",6103760896,0.507457486943405,2242904064,0.442158157808226,579,1,689.9,12988.4,660.4,654.6,7116.7,0,3,1223.5
"942",6103760896,0.513180561689059,2242904064,0.442158157808226,594,1,414.7,328.1,652.8,10004.5,3555.4,0,2,1223.2
"943",6103760896,0.601911334734767,2242904064,0.442158157808226,549,1,898.7,6892.6,902,11114.6,7925.2,19,4,1973.7
"944",6103760896,0.639251418769834,2242904064,0.442158157808226,556,1,2229.2,6568.9,1542.6,12572,8084.5,0,3,1669.8
"945",6103760896,0.64519974819352,2242904064,0.442158157808226,571,0,417.9,6816.4,330.8,329.3,3568.8,3,3,1244.5
"946",6103760896,0.649334233594903,2242904064,0.442158157808226,587,0,439.7,6483.4,657,10954.4,7116,2,2,1218.1
"947",6103760896,0.655317709361482,2242904064,0.442158157808226,594,1,446.7,13290.5,660.8,982.2,7121.5,3,3,1241
"948",6107955200,0.436609167084855,2242904064,0.442163879679507,610,1,503.5,6514.9,359.5,548.6,3722.5,3,2,1740.6
"949",6107955200,0.504600411750104,2242904064,0.442163879679507,625,0,434.7,12991.4,780,1538.4,7317.8,0,3,1719
"950",6107955200,0.510738455571502,2242904064,0.442163879679507,572,1,518.4,6808.4,658.4,10718.5,7114.3,0,2,1185.4
"951",6107955200,0.516495203585521,2242904064,0.442163879679507,587,1,407.9,3.8,326.8,9719,3560.1,1,4,1162.1
"952",6107955200,0.520469428745805,2242904064,0.442163879679507,602,0,443.8,649.6,998.2,19960.7,7114.9,0,3,1142.2
"953",6107955200,0.610977582504578,2242904064,0.442163879679507,610,0,1129.4,372.3,932.4,20756.1,7708.8,1,4,2211.8
"954",6107955200,0.648292779333151,2242904064,0.442163879679507,625,2,2243.4,160.9,1150.2,11057.3,4622,1,3,1517.4
"955",6107955200,0.652267315662094,2242904064,0.442163879679507,640,0,445.6,6800.8,660.8,10135.9,6801.4,2,3,1185.9
"956",6107955200,0.657813316581996,2242904064,0.442163879679507,648,1,445.8,7127.8,658.6,9763.2,7113.2,3,2,1168.4
"957",6104809472,0.374287978007027,2243428352,0.442171032018608,663,0,460.8,6795.3,329.9,651.3,3878.3,4,3,1215.5
"958",6104809472,0.468419122944753,2243428352,0.442171032018608,679,0,581.3,6825.1,735.5,10829.2,6961,1,11.9,2025.8
"959",6104809472,0.496860988190527,2243428352,0.442171032018608,686,1,439.8,6513.9,736.2,10654.8,7197.6,1,3,1192.1
"960",6104809472,0.502684023510588,2243428352,0.442171032018608,701,0,409.8,3.9,329.5,13860.9,7114,0,3,1180.7
"961",6104809472,0.506549243251232,2243428352,0.442171032018608,717,0,435.9,6786.9,657.8,6587.6,3550,0,2,1182.2
"962",6104809472,0.512304654392493,2243428352,0.442171032018608,724,1,436.7,6787.1,658.7,10275.5,7110.9,0,3,1192.2
"963",6104809472,0.591547245443669,2243428352,0.442171032018608,739,2,1561.9,413.1,667.5,20790.8,7792.1,1,13.1,1990.2
"964",6104809472,0.64967151213334,2243428352,0.442171032018608,564,2,2639.2,797,1376.5,10969.7,4187.4,1,3,1891.1
"965",6104809472,0.655324266952854,2243428352,0.442171032018608,572,0,438.8,13274.6,656.4,335,7123.4,0,3,1178.3
"966",6104809472,0.661044793677703,2243428352,0.442171032018608,587,1,414.7,6823.1,332.3,10297.1,7188,0,3,1169.9
"967",6111625216,0.366224765122772,2243428352,0.442179614825529,602,0,444.7,6828.8,657.5,7,3596.2,0,2,1168
"968",6111625216,0.454126202447897,2243428352,0.442179614825529,610,1,498.6,7265,783.5,10984.2,7433.7,2,3,1739.4
"969",6111625216,0.492756610714253,2243428352,0.442179614825529,625,1,420.6,99.5,455,20582.2,7374.3,2,3,1398.4
"970",6111625216,0.49676601050549,2243428352,0.442179614825529,640,0,439.8,6826.5,656.9,329.1,3600.4,0,2,1173.2
"971",6111625216,0.502672995358043,2243428352,0.442179614825529,648,1,435.6,3.4,652.4,20485.6,7187.1,0,3,1174
"972",6111625216,0.508571380640379,2243428352,0.442179614825529,663,0,423,327.3,995.3,20532,7190.4,0,2,1192.4
"973",6111625216,0.603580686490112,2243428352,0.442179614825529,678,1,1418.1,407.1,618.4,11170.9,4301.8,2,4,2058.4
"974",6111625216,0.645348925801366,2243428352,0.442179614825529,556,1,2374.9,910.2,1392.4,20807.5,7693.3,0,3,1557.3
"975",6111625216,0.651281765940686,2243428352,0.442179614825529,572,1,425.7,6819.7,650.5,975.7,7168.1,0,5,1195.8
"976",6111625216,0.655405421205943,2243428352,0.442179614825529,587,0,423.9,12983.1,337.8,655.1,3588.6,0,2,1223.1
"977",6107430912,0.368164532919959,2244476928,0.44218533669681,594,0,444.7,6813.3,657.7,10003.6,7160,0,3,1224.6
"978",6107430912,0.469123233710302,2244476928,0.44218533669681,610,1,552.6,6910.9,789,10865.9,7581.5,2,4,1462.4
"979",6107430912,0.506362358707217,2244476928,0.44218533669681,564,1,496.7,474,491.7,10451.4,3894.6,0,3,2073.9
"980",6107430912,0.512291674363813,2244476928,0.44218533669681,571,0,434.7,13317.6,655.1,975.6,7167.3,0,2,1151.2
"981",6107430912,0.518046952446422,2244476928,0.44218533669681,586,1,439,6813.9,655.2,10123.9,7151,0,2,1186.3
"982",6107430912,0.52199967763346,2244476928,0.44218533669681,602,0,414.8,329.1,668.1,9701.8,3589.1,1,2,1198.3
"983",6107430912,0.619133832722501,2244476928,0.44218533669681,610,19,1565.9,7242.4,1006.5,11706.9,8197.8,3,4,2347.7
"984",6107430912,0.656001538635774,2244476928,0.44218533669681,625,1,2079.6,6952.2,1270.9,11472.7,7489,1,4,1555.6
"985",6110052352,0.368674374910149,2244476928,0.442192489035911,640,1,417.4,6812.8,332.1,329.4,3577.4,0,2,1218.8
"986",6110052352,0.373933238401678,2244476928,0.442192489035911,648,1,440.7,6815.7,656,10398.6,7150.5,0,3,1238
"987",6110052352,0.379736058235954,2244476928,0.442192489035911,663,0,441.7,3.7,657.7,20473.5,7140.7,0,3,1199.3
"988",6110052352,0.47967796566656,2244476928,0.442192489035911,678,1,539.6,6580,484.8,939.5,3812.4,1,3,1773.8
"989",6110052352,0.506101088090376,2244476928,0.442192489035911,686,0,438.9,13251.5,706,961.1,7267.4,2,3,1544.4
"990",6110052352,0.511999803400079,2244476928,0.442192489035911,701,1,433.7,3.4,652,20748.7,7159.8,4,3,1115.6
"991",6110052352,0.516269153698694,2244476928,0.442192489035911,716,0,410.9,3.1,330.1,10111.9,3580.3,2,2,1200.8
"992",6110052352,0.522001410539057,2244476928,0.442192489035911,724,1,442.9,13615.7,662.4,656.6,7152.7,3,3,1238.5
"993",6110052352,0.635271171395905,2244476928,0.442192489035911,739,2,2121.3,13208.9,1315.8,3390,8424.1,5,19.2,2662.4
"994",6075973632,0.378151572755784,2213019648,0.447208599065082,754,1,1257.5,144.8,714.4,10794,3747.4,0,2,1267.2
"995",6075973632,0.383735585494278,2213019648,0.447208599065082,762,1,443.7,6822.2,659.6,10016.2,7167.3,2,3,1189.1
"996",6075973632,0.38984234900764,2213019648,0.447208599065082,777,0,437.8,13337.5,658.8,979.1,7182.2,4,3,1210.3
"997",6075973632,0.393998278853855,2213019648,0.447208599065082,792,1,419.7,6498.1,332,330,3581.6,3,3,1225.2
"998",6075973632,0.497697371828854,2213019648,0.447208599065082,541,0,489.6,365.9,764.5,21156.1,7498.2,3,5.1,1974.1
"999",6075973632,0.528975752086896,2213019648,0.447208599065082,556,7.9,1193.2,13311,700.7,686.1,7281.1,2,2,1635
"1000",6075973632,0.532839076527525,2213019648,0.447208599065082,571,0,475.6,327.2,332.9,10033,3568.3,0,3,1238.9
"1001",6075973632,0.53891621720362,2213019648,0.447208599065082,578,1,437,6480.9,656.3,10734,7143.3,0,2,1165.3
"1002",6075973632,0.544552486370436,2213019648,0.447208599065082,594,1,437.9,7142.8,992.5,10138.4,7159.1,0,3,1150.6
"1003",6075973632,0.631786062507242,2213019648,0.447208599065082,609,15.2,2310.9,573.8,978.3,11732.6,4824,3,14,2404.2
"1004",6096420864,0.375466494205331,2213019648,0.447227195146745,617,1,1149.2,13125.3,1070.3,1100.9,7226.1,0,3,1183.7
"1005",6096420864,0.381086559552342,2213019648,0.447227195146745,632,0,441.7,13294.1,659.1,653.6,7145.8,0,2,1188.7
"1006",6096420864,0.385532003023964,2213019648,0.447227195146745,647,1,411.7,2.8,325.3,10397.9,3581.3,0,4,1185.2
"1007",6096420864,0.391302513702988,2213019648,0.447227195146745,655,0,440.1,3,652.7,20358.4,7147.6,0,3,1172.9
"1008",6096420864,0.482706668710224,2213019648,0.447227195146745,670,1,514.8,6556.1,782,11322.5,7475,1,3,2011
"1009",6096420864,0.524310117499968,2213019648,0.447227195146745,685,0,419.6,6903.8,462.6,278.9,3701.1,1,2,1340.9
"1010",6096420864,0.542009629708206,2213019648,0.447227195146745,571,1,577.7,13003.4,684.2,1080.7,7185.7,0,3,1169.3
"1011",6096420864,0.547947060894881,2213019648,0.447227195146745,586,0,438.8,13625.5,658.4,7.1,7153.3,4,2,1235.3
"1012",6096420864,0.551707428322163,2213019648,0.447227195146745,602,1,414.6,326.7,708,9757.2,3584.8,3,3,1184.2
"1013",6096420864,0.638796929178969,2213019648,0.447227195146745,541,2,2336.3,863.7,1405.8,22096,8860.8,4,5,2479.3
"1014",6086459392,0.387090194228585,2215641088,0.447227195146745,556,0,1213.5,13729.5,971.6,157.1,7203.1,0,2,1176.4
"1015",6086459392,0.391014780129944,2215641088,0.447227195146745,571,0,418.7,324.8,327.9,10131.2,3580,0,2,1128.6
"1016",6086459392,0.396818475846372,2215641088,0.447227195146745,579,1,442.9,324.9,651.5,20025.2,7163.7,0,3,1193.6
"1017",6086459392,0.402510155036338,2215641088,0.447227195146745,594,1,443.9,13326.6,662.5,658.2,7165.6,0,2,1158.2
"1018",6086459392,0.502464359391361,2215641088,0.447227195146745,549,6.9,968.5,452,576.7,10951.2,4069.5,0,4,2130
"1019",6086459392,0.533209825079378,2215641088,0.447227195146745,556,1,526.3,12990.4,680.1,1024.9,7161.6,0,2,1171.3
"1020",6086459392,0.538904251354273,2215641088,0.447227195146745,572,1,441.7,6821.4,656,10333.1,7145.1,1,3,1124.4
"1021",6086459392,0.543421401914677,2215641088,0.447227195146745,587,0,411.9,2.8,328,10670.1,3895.2,0,2,1119.4
"1022",6086459392,0.549097440950624,2215641088,0.447227195146745,595,1,436.1,13311.8,656.3,329.6,6830.2,0,4,1164.5
"1023",6086459392,0.63249788019756,2215641088,0.447227195146745,610,1,2103.8,195.7,1263.6,22397.8,8492.3,4,3,2529.6
"1024",6092750848,0.39861304522281,2215641088,0.447235777953666,564,0,1448.5,205.2,882.1,10851.1,4118.4,0,2,1314.8
"1025",6092750848,0.404708653811209,2215641088,0.447235777953666,572,1,514.6,13640.5,663.9,62,6833.5,0,2,1191.3
"1026",6092750848,0.410569672661802,2215641088,0.447235777953666,587,0,441.7,6818.9,656.6,10667.5,7140.3,0,2,1178.4
"1027",6092750848,0.414433591151689,2215641088,0.447235777953666,602,1,446.7,327.6,328.4,10037.4,7152.9,0,3,1192.4
"1028",6092750848,0.511661644788667,2215641088,0.447235777953666,610,1,581.5,13378.5,825.5,876.9,3823.1,0,2,1667.1
"1029",6092750848,0.546634753697916,2215641088,0.447235777953666,557,0,523.5,12994.1,714.7,1705.6,7289,2,5,1609
"1030",6092750848,0.550599929822143,2215641088,0.447235777953666,572,1,409.8,6488.2,329.8,10351.2,7138.4,0,4,1130.4
"1031",6092750848,0.556553630834096,2215641088,0.447235777953666,580,1,436.7,6489.1,652.2,644.3,3569.9,0,2,1161.5
"1032",6092750848,0.562423344596144,2215641088,0.447235777953666,595,1,435.6,6498.8,1018.9,10642.2,7157.5,0,3,1099.7
"1033",6092750848,0.650861015623659,2215641088,0.447235777953666,610,1,2306.3,435,1073.3,13027.6,8449.8,3,3,2455.4
"1034",6092226560,0.404542465649997,2228748288,0.447244360760587,557,1,951.1,13378.2,914.5,617.1,3667.2,0,2,1274.5
"1035",6092226560,0.410359905172724,2228748288,0.447244360760587,572,1,635,13645.3,661.1,657.3,7151.6,1,3,1263.8
"1036",6092226560,0.414370905858611,2228748288,0.447244360760587,587,0,417.7,325.5,326.5,20422.4,7145.3,0,2,1160.3
"1037",6092226560,0.420306855589111,2228748288,0.447244360760587,595,1,444,328.5,655.8,10430.8,3579.7,0,3,1130.3
"1038",6092226560,0.524284328218673,2228748288,0.447244360760587,549,1,554.3,13354.9,888.5,1240.1,7529.2,1,3,2076.5
"1039",6092226560,0.556712796222505,2228748288,0.447244360760587,564,0,501.4,6822.4,352,10875.7,7152.4,0,2,1200.7
"1040",6092226560,0.562718244477701,2228748288,0.447244360760587,572,1,433.6,5.3,651.5,10296.1,3577.3,0,3,1146.4
"1041",6092226560,0.568564315707891,2228748288,0.447244360760587,587,1,438,6817.7,660.6,10371.9,7140.4,0,2,1189.2
"1042",6092226560,0.572627530913862,2228748288,0.447244360760587,602,0,421.7,6824,965.5,658.9,7150.6,0,3,1196.2
"1043",6099042304,0.374983743794899,2228748288,0.447251513099688,610,2,1751.9,13373.2,991.5,2355.6,4658.5,20,13,2375.5
"1044",6099042304,0.417048976304144,2228748288,0.447251513099688,626,0,1479,779.8,1156.1,20523,7425.5,0,3,1318
"1045",6099042304,0.420973331710199,2228748288,0.447251513099688,641,1,428.7,6817.1,655.9,10153.9,7160.3,3,2,1202.2
"1046",6099042304,0.426698254609101,2228748288,0.447251513099688,648,1,431.6,6808.2,333.7,329.9,3579,2,2,1192.6
"1047",6099042304,0.432659136597451,2228748288,0.447251513099688,664,1,447.6,13630.6,664.2,660.1,7163.4,4,2,1178.3
"1048",6099042304,0.49236620091305,2228748288,0.447251513099688,679,0,496.5,676.8,715.2,20321.3,7673.8,2,3,2147.5
"1049",6099042304,0.543165047134026,2228748288,0.447251513099688,687,1,514.5,6518.1,451.9,932.8,3708.7,0,3,1126.5
"1050",6099042304,0.567628529922414,2228748288,0.447251513099688,572,1,596.4,6827.5,707.8,10606.1,7233.3,3,2,1414.7
"1051",6099042304,0.571790702000518,2228748288,0.447251513099688,587,0,439.4,6483.5,658,10443.9,7162.6,1,4,1148.2
"1052",6099042304,0.577506567481716,2228748288,0.447251513099688,595,1,415.3,327.5,328,10012.4,3582,0,2,1180.2
"1053",6099042304,0.658301647074175,2228748288,0.447251513099688,610,1,2104.4,13371.4,1254,2770.9,8646.8,18,4,2787.7
"1054",6101663744,0.423294682386189,2241855488,0.447260095906609,565,1,1716.2,7303.9,1221.1,10581.9,7339.1,0,3,1222.3
"1055",6101663744,0.429163915251219,2241855488,0.447260095906609,572,1,418.4,6479.5,331.4,654.8,3575.7,0,3,1227.4
"1056",6101663744,0.435183371334605,2241855488,0.447260095906609,587,0,439.1,12966.9,657.1,1297.5,7140.3,0,3,1194.2
"1057",6101663744,0.4392511367274,2241855488,0.447260095906609,602,1,447.4,331.1,658.3,19708.5,7151.5,0,3,1176.4
"1058",6101663744,0.543559501080093,2241855488,0.447260095906609,610,1,526,400.9,511,10888.7,3866.4,0,2,2014.8
"1059",6101663744,0.575320739662277,2241855488,0.447260095906609,557,1,528.8,328.5,655.7,20295.3,7162.4,1,3,1317.7
"1060",6101663744,0.579237315851854,2241855488,0.447260095906609,572,0,440.2,6807.3,658.5,10079.1,7159.1,0,3,1155.1
"1061",6101663744,0.58491369958305,2241855488,0.447260095906609,580,1,414,328.4,329.4,9730.5,3582.2,0,3,1134.6
"1062",6101663744,0.590777712777171,2241855488,0.447260095906609,595,0,440.1,328.7,990.5,20185.8,7159.4,0,3,1234.5
"1063",6106906624,0.386629419449888,2241855488,0.44726867871353,610,1,2360,7262.7,1294.3,11813.2,8390.3,28,4,2443.1
"1064",6106906624,0.433640816093179,2241855488,0.44726867871353,557,1,1099.8,6603,670.6,505.5,3629.7,1,3,1233.2
"1065",6106906624,0.43946801185346,2241855488,0.44726867871353,572,0,445,6817.9,664.3,10448.8,7164.2,1,3.1,1069.7
"1066",6106906624,0.443351689029349,2241855488,0.44726867871353,587,1,442.3,13266,658.4,978.2,7158.8,0,4,1205.1
"1067",6106906624,0.449376146860812,2241855488,0.44726867871353,595,0,414.4,3.7,329.5,10264.3,3575.3,1,3,1169.1
"1068",6106906624,0.548072041734435,2241855488,0.44726867871353,610,1,563.6,6896.4,876.2,10454.8,7408.6,2,3,2096.3
"1069",6106906624,0.58070969784597,2241855488,0.44726867871353,564,1,496.1,13271,655.9,1120.5,7183,0,3,1335.8
"1070",6106906624,0.58654959389745,2241855488,0.44726867871353,572,0,412.4,6801.5,330.8,5.4,3586.8,0,2,1209
"1071",6106906624,0.592333582265467,2241855488,0.44726867871353,587,1,437.9,329,653.6,19830.2,7155.6,0,3,1199.7
"1072",6106906624,0.596454858190573,2241855488,0.44726867871353,602,0,441.3,329.3,961.7,20117.6,7165.5,0,3,1233.5
"1073",6109003776,0.380676941110747,2251292672,0.447278691988272,609,2,2668.5,6987.2,1294.3,2718,4966.9,20,5,2356.8
"1074",6109003776,0.426386152443995,2251292672,0.447278691988272,556,1,1135.4,7186.7,738.8,10135.8,7156.7,1,3,1342.8
"1075",6109003776,0.430453675816721,2251292672,0.447278691988272,571,1,436,6524.4,651.4,10694.9,7146.5,2,3,1211.3
"1076",6109003776,0.436319364292613,2251292672,0.447278691988272,579,1,411.1,6846.2,324.9,5.8,3572.7,0,3,1255.2
"1077",6109003776,0.442126534201882,2251292672,0.447278691988272,594,1,442,7173.5,652.8,10018.8,7149.9,1,2,1155.5
"1078",6109003776,0.5409774172604,2251292672,0.447278691988272,609,1,493.9,13400.3,783.5,1658.4,7430.5,1,3,2102.5
"1079",6109003776,0.569810047479686,2251292672,0.447278691988272,617,1,416.1,6848.2,327.9,326.1,3572.2,3,2,1182.2
"1080",6109003776,0.57586612088508,2251292672,0.447278691988272,632,1,433.1,13043.7,649.4,1283.6,7149.4,0,3,1209.3
"1081",6109003776,0.579942155820726,2251292672,0.447278691988272,648,2,555.4,13356.8,651.8,648.1,7140.4,8.9,4,1403.5
"1082",6109003776,0.585900332632382,2251292672,0.447278691988272,655,1,406.6,6520.5,326,641.9,3573,1,2,1181.3
"1083",6112673792,0.380972904413816,2251292672,0.447285844327373,671,3,2259.1,445.4,1364.3,21813.6,8810.4,2,21.8,2609.9
"1084",6112673792,0.427553765166759,2251292672,0.447285844327373,686,1,607.1,6833.7,814.9,10427.9,7166.5,0,3,1155.2
"1085",6112673792,0.451204516278031,2251292672,0.447285844327373,572,1,1225.2,102.9,572.1,10340.9,3691.8,1,2,1173.5
"1086",6112673792,0.456969109514001,2251292672,0.447285844327373,587,0,445.7,7146.6,654.6,10153.3,7163.2,0,2,1179.9
"1087",6112673792,0.46099852991772,2251292672,0.447285844327373,602,1,434.8,12996.8,649.7,1283.7,7151.5,1,4.9,1203.1
"1088",6112673792,0.527815770854075,2251292672,0.447285844327373,610,0,461.6,6901.6,380.5,693.5,3827.6,6,3,1991.7
"1089",6112673792,0.569620851696405,2251292672,0.447285844327373,625,1,433.6,6849.9,729.3,10392.4,7210.5,1,3,1518.1
"1090",6112673792,0.599333648136834,2251292672,0.447285844327373,572,0,513.5,13319.7,665.5,405.6,7164.4,0,2,1216.2
"1091",6112673792,0.605221580457177,2251292672,0.447285844327373,579,1,410.8,6512.6,328.2,686.6,3896.9,1,2,1176.2
"1092",6112673792,0.611084623475613,2251292672,0.447285844327373,594,1,431.7,13634.5,987.3,322.7,6824.8,0,3,1181.3
"1093",6114246656,0.383823295243328,2247098368,0.447297288069934,610,2,1379.6,13434.1,920.5,1121.7,7810.2,4,21.2,2163.2
"1094",6114246656,0.445641724823006,2247098368,0.447297288069934,557,1,2263.9,535,1237.6,11353.7,7866.8,3,2,1498.3
"1095",6114246656,0.451712470302147,2247098368,0.447297288069934,572,1,438.7,3.1,644.9,20157.3,3573.8,1,3,1173.3
"1096",6114246656,0.455777419461421,2247098368,0.447297288069934,587,1,508.8,12987.6,650.3,965,7149.6,0,4,1239.2
"1097",6114246656,0.46160719572139,2247098368,0.447297288069934,595,1,409.8,6820.2,324.6,10045.5,7141.7,0,3,1183.4
"1098",6114246656,0.554615430404969,2247098368,0.447297288069934,610,1,504.5,355.2,724.4,10449.7,3683.7,0,3,1484.2
"1099",6114246656,0.561875406970889,2247098368,0.447297288069934,625,1,433.8,6824.4,641.4,10424.5,7151.7,0,2,1176
"1100",6114246656,0.567740460536991,2247098368,0.447297288069934,633,0,396.8,6495.1,323.1,10551.3,7134.7,0,4,1154.5
"1101",6114246656,0.57370507654925,2247098368,0.447297288069934,648,2,782.9,350.8,753.1,10256.1,3668.1,0,3,1130.4
"1102",6114246656,0.577968488450693,2247098368,0.447297288069934,663,1,431.7,6819,979.9,10370.4,7257.8,1,3,1528.3
"1103",6114246656,0.583940441547531,2247098368,0.447297288069934,671,1,1602.3,6613.4,670.3,11307.3,7618.9,4,26.3,1501.6
"1104",6114246656,0.589656544857973,2247098368,0.447297288069934,686,1,488.5,321,645.8,9936.6,3593.3,0,3,1215.4
"1105",6114246656,0.593670714854277,2247098368,0.447297288069934,701,1,441.9,13364.3,650.3,636.4,7162.6,1,3,1174.5
"1106",6114246656,0.599555847704394,2247098368,0.447297288069934,709,1,406.8,6835.5,410.9,10151.2,7148.7,0,3,1217.5
"1107",6114246656,0.605421329782219,2247098368,0.447297288069934,724,1,1197.5,820.5,877.2,10187.8,4262.7,0,6.1,1891.2
"1108",6114246656,0.609454600505206,2247098368,0.447297288069934,739,1,439.6,389,677.1,20160,7183.8,0,4,1153.5
"1109",6114246656,0.615433631903259,2247098368,0.447297288069934,747,0,409.8,2.8,637.1,10787.1,7163.7,1,3,1206.4
"1110",6114246656,0.621282831583335,2247098368,0.447297288069934,762,1,431.1,13344.7,332.4,322.5,3591,0,3,1194.5
"1111",6114246656,0.625351710687526,2247098368,0.447297288069934,777,1,437.7,7147.9,648.3,10035.2,7164.5,0,4,1213.3
"1112",6114246656,0.631052132983419,2247098368,0.447297288069934,785,0,419.7,639.8,642,9704.9,7156.2,1,3,1198
"1113",6114246656,0.636783278207797,2247098368,0.447297288069934,800,1,425,13035,338.3,643.7,3587.1,0,4,1197.8
"1114",6114246656,0.640866954062739,2247098368,0.447297288069934,815,1,435.6,320.4,642.3,20205.2,7175.6,0,3,1215.2
"1115",6114246656,0.64673961711696,2247098368,0.447297288069934,823,0,430,322.4,647,20169,7165.7,0,3,1201.5
"1116",6114246656,0.652591103939066,2247098368,0.447297288069934,838,1,424.9,321.6,327,10141.8,3581.1,1,4,1159.5
"1117",6114246656,0.656676735860966,2247098368,0.447297288069934,853,0,443,7161.7,649.5,10076.5,7412.5,0,4,1209.2
"1118",6114246656,0.662379215851291,2247098368,0.447297288069934,861,1,439.8,7170.8,675.2,9705.3,7173.2,0,2,1234.5
"1119",6112673792,0.391986734819294,2247098368,0.461469304350982,876,2,605.2,3.5,401.8,10440.7,3585,2,4,1225.3
"1120",6112673792,0.395772186421785,2247098368,0.461469304350982,891,1,434.7,7149.1,647.7,9882.1,7168.3,-1,-1,-1
"1121",6112673792,0.401819009631586,2247098368,0.461469304350982,899,0,432.9,6838.8,646.9,10403.7,7157,6,3,1223.3
"1122",6112673792,0.407083332718679,2247098368,0.461469304350982,914,1,424.9,6830.8,550.4,317.1,3605.4,0,4,1142.6
"1123",6112673792,0.411079212912686,2247098368,0.461469304350982,929,1,431.8,13367.5,657.6,330.6,7194.6,3,3,1218.3
"1124",6112673792,0.418074110450734,2247098368,0.461469304350982,937,0,445.5,7158.3,651.4,10348.4,7181.5,6.1,3,1158.7
"1125",6112673792,0.423213478890922,2247098368,0.461469304350982,952,1,413,6511.2,329.1,645.1,3580.3,0,5,1208.1
"1126",6112673792,0.42725204786276,2247098368,0.461469304350982,967,0,440.7,640.2,644.8,19908,7158.9,0,3,1250.4
"1127",6112673792,0.433169707790962,2247098368,0.461469304350982,974,1,619.4,13314.6,645,645.3,7144.9,5,3,1173.9
"1128",6112673792,0.439761635629203,2247098368,0.461469304350982,989,0,415.8,373.4,363.7,10009.5,3588.3,0,3,1200.9
"1129",6112673792,0.444041126673446,2247098368,0.461469304350982,1004,1,437.7,323.3,643.7,19935,7161.6,0,3,1225.2
"1130",6112673792,0.449095388913803,2247098368,0.461469304350982,1012,0,434,6824.3,646.2,10297.3,7161,5,3,1154
"1131",6112673792,0.455478094070045,2247098368,0.461469304350982,1027,1,408,6513.3,331.4,326.6,3582.1,0,3,1181
"1132",6112673792,0.458502338077301,2247098368,0.461469304350982,1050,2,2637.4,6816.7,2954.5,14533.6,9253.4,0,3,1215.3
"1133",6112673792,0.466319768581375,2247098368,0.461469304350982,1061,0,1341.2,7614.6,2238.5,10986.5,8762.7,5,3,1180.3
"1134",6112673792,0.472073307472151,2247098368,0.461469304350982,1082,0,1323.2,7625.2,1122.3,1118.2,4381.2,2,5,1208.4
"1135",6112673792,0.476055100212317,2247098368,0.461469304350982,1104,1,1357.3,2235.9,2241.4,20670.5,8751.4,0,3,1212.3
"1136",6112673792,0.483164644018696,2247098368,0.461469304350982,1115,0,1363,1118.9,2247.5,22841.3,8772.3,5.1,3,1203.5
"1137",6112673792,0.488985767275447,2247098368,0.461469304350982,1136,0,1311.8,1123.5,1124.2,9863.6,4385.6,0,4,1202.2
"1138",6112673792,0.49323996146018,2247098368,0.461469304350982,1157,1,1386.4,1170.3,2279.2,21844.4,8761,0,3,1172
"1139",6112673792,0.499602002712502,2247098368,0.461469304350982,1168,1,1349.8,6502.3,2232.7,14437.7,8765,5,3,1175
"1140",6112673792,0.50611647260415,2247098368,0.461469304350982,1190,1,1334.4,7624.8,1127.2,4.8,4384.7,0,2,1171.9
"1141",6112673792,0.511338355219714,2247098368,0.461469304350982,1211,1,1333.8,13049.3,2242.9,2237.6,8776.5,0,3,1168.4
"1142",6112673792,0.516811063871774,2247098368,0.461469304350982,1222,1,1341.8,7622.1,2248.9,12085.3,8796.2,5,3,1214.3
"1143",6112673792,0.523615169970421,2247098368,0.461469304350982,1243,1,1326,1166,1137.8,10864.6,4392.6,0,3,1197.4
"1144",6112673792,0.526957505877546,2247098368,0.461469304350982,1265,1,1344.1,7644.6,2245.9,13156.1,8793.3,0,3,1223.5
"1145",6112673792,0.533449370466199,2247098368,0.461469304350982,1275,0,1343.2,8738,2233.9,10879.1,8762.1,5.9,3,1208.3
"1146",6112673792,0.539839136112656,2247098368,0.461469304350982,1297,1,1319.5,7629.2,1117.8,1113.3,4380.5,0,4,1217.3
"1147",6112673792,0.543817236737149,2247098368,0.461469304350982,1318,1,1344.7,1110.2,2226.7,21726.9,8755.2,0,3,1139.5
"1148",6112673792,0.551214848334761,2247098368,0.461469304350982,1329,0,1340.7,1130.2,2258.1,21937.2,8780.2,4,3,1205.3
"1149",6112673792,0.556721166345124,2247098368,0.461469304350982,1350,1,1327.1,3,1120.9,11967.5,4387.9,0,4,1208.4
"1150",6112673792,0.561991913964938,2247098368,0.461469304350982,1371,1,1349.5,1121.2,2231.9,21683.1,8762.4,4,5,1132.7
"1151",6112673792,0.567160497684788,2247098368,0.461469304350982,1382,1,1335.2,8751.5,2247.3,9845.1,8779,2,3,1213.6
"1152",6112673792,0.573320511899391,2247098368,0.461469304350982,1404,0,1326.2,3.4,1270.9,10841.5,4542.3,0,4,1176.3
"1153",6112673792,0.577900029250273,2247098368,0.461469304350982,1425,2,1308.7,14211.2,2259.5,3348.2,8773.2,0,3,1189.4
"1154",6112673792,0.583993653483654,2247098368,0.461469304350982,1436,1,1364.5,7631.6,2227.7,13084.9,8771.9,0,3,1181.7
"1155",6112673792,0.594468913802535,2247098368,0.461469304350982,1479,1,1349.1,15261.9,2232.7,1123.5,4392.4,0,2,1219.1
"1156",6112673792,0.600934912627361,2247098368,0.461469304350982,1489,1,1332.6,7626.2,2237,13141.5,8753.2,0,3,1119.7
"1157",6112673792,0.606389267567061,2247098368,0.461469304350982,1511,1,1341.1,1174.4,1152.3,9811.1,8797.5,1,3,1203.6
"1158",6112673792,0.611361039729277,2247098368,0.461469304350982,1532,1,1323.3,14159.2,2233.3,3342.8,5514.6,0,2,1199.8
"1159",6112673792,0.618483263920441,2247098368,0.461469304350982,1543,1,1348.7,14158.3,2243.4,-1,7662.9,0,3,1207.5
"1160",6112673792,0.623936570106513,2247098368,0.461469304350982,1564,1,1302.1,6505.9,1123.4,1115.7,8758.2,0,3,1199.9
"1161",6112673792,0.627974722091394,2247098368,0.461469304350982,1586,0,1346.1,14143.4,2392.2,2235.8,8756.7,1,3,1199.7
"1162",6112673792,0.636780826575937,2247098368,0.461469304350982,1597,1,1385.5,2295.3,2291.7,2275.1,4419.4,0,3,1180.1
"1163",6112673792,0.645784207799545,2247098368,0.461469304350982,1618,1,1340.4,4.1,1149.7,20683.1,8767.2,0,3,1268.9
"1164",6112673792,0.650066514029604,2247098368,0.461469304350982,1640,1,1389.9,8809.1,2294.5,12215,8846.1,0,2,1352
"1165",6112673792,0.655226233109639,2247098368,0.461469304350982,1651,0,1398.8,8807.9,2300.8,9693.8,4419.5,0,2,1192.3
"1166",6112673792,0.662356145366867,2247098368,0.461469304350982,1672,1,1364.3,7652.9,1149.3,10826.2,8819,1,3,1242.7
"1167",6112673792,0.665382087705424,2247098368,0.461469304350982,1694,2,1378.2,7700.1,2336.7,1193.1,8832.5,0,4,1193
"1168",6112673792,0.672226241315272,2247098368,0.461469304350982,1705,1,1389.5,7654.5,2292.8,10921.2,4420.3,2,3,1156.3
"1169",6112673792,0.67770716083865,2247098368,0.461469304350982,1726,0,1324.4,1.9,1141.6,12290.7,8810.8,2,2,1187.7
"1170",5754060800,0.511758370047184,1886912512,0.526211378262897,1739,18,3204,1630.5,2557.3,20747.6,8973.6,9,6.1,1287.2
"1171",5754060800,0.619876845856677,1886912512,0.526211378262897,1739,2,943.2,337.4,157.9,5358.7,2713.8,4,6,2499.5
"1172",5754060800,0.620416726623384,1886912512,0.526211378262897,1739,2,2055.8,179,889.1,558.1,402.1,1,1,262.3
"1173",5933367296,0.511859251555097,1886912512,0.5262328352802,1488,11.1,3647.7,357.2,1441.4,1903,1103.7,1,1,1529.4
"1174",5897191424,0.444133903128339,1902116864,0.5262328352802,1420,2,3592.2,534.8,1663.9,3890.8,2256,1,29.7,2078.2
"1175",5897191424,0.620719689649725,1902116864,0.5262328352802,1298,2,3390.6,2011,1330.4,4111.1,2405,2,11.1,2448.4
"1176",5922881536,0.524504172543319,1902116864,0.526238557151481,1230,3,3206.1,2845.6,1133.2,2018.5,5352.7,2,21,1782.6
"1177",5946998784,0.431620541525162,1943011328,0.526247139958402,1169,1,230.3,214.5,323,17655.5,7054,34,13.1,2213.9
"1178",5946998784,0.601526299664949,1943011328,0.526247139958402,1109,1,457.8,138.8,270.7,57605.5,31672.8,1,10.9,1071.1
"1179",5955387392,0.541587729010075,1943011328,0.526251431361863,1109,1,179.5,130.6,221,13495.3,6798.4,0,18.2,1263
"1180",5956435968,0.426296733886585,1959788544,0.526282901653907,980,1,273.3,6690.9,269.5,7784.8,3499.1,1,14,1724.3
"1181",5956435968,0.586802958525396,1959788544,0.526282901653907,921,-1,-1,-1,-1,898.4,6918.4,4,19,1388.3
"1182",5963776000,0.467906920473119,1959788544,0.526957135338885,870,1,676,612.3,1468.2,18874,7671.9,6,4,2405.1
"1183",5963776000,0.633212053130793,1959788544,0.526957135338885,821,3,4649,408.3,2513.6,19276.2,5942.6,3,3,2328.6
"1184",5929697280,0.475596383128052,1926758400,0.55607685863366,686,1,3329.9,11327.6,4939.9,22637.1,11428.3,2,4,2365.2
"1185",5929697280,0.519772734690485,1926758400,0.55607685863366,689,0,1557.5,440.1,2871.4,21338.5,9369.3,0,3,936.2
"1186",5929697280,0.540289164571702,1926758400,0.55607685863366,603,0,79.8,52.2,71,7901.6,3306.4,1,3,612.3
"1187",5929697280,0.646297866582412,1926758400,0.55607685863366,605,0,245.4,6943.3,133.4,176,7208.6,0,3,725.2
"1188",5542772736,0.45064214545598,1926758400,0.556252275337876,663,1,1410.2,4995.7,1885.4,10061.2,8435.1,1,3,1692.2
"1189",5542772736,0.481488069378717,1926758400,0.556252275337876,744,0,7648.7,10838.2,6538.6,31453.1,9806.2,0,5.1,1547.5
"1190",5542772736,0.508818552278614,1926758400,0.556252275337876,868,0,7616.7,6557.3,13123.6,57728.8,19663.9,0,2,1026.4
"1191",5542772736,0.521697039395955,1926758400,0.556252275337876,938,0,7660.7,9834,6558.4,16317,19649,0,3,1190.8
"1192",5952241664,0.459607680398532,1911554048,0.556311030686038,970,1,7781,26062,13749.3,89,9878.9,1,4,1380.6
"1193",5952241664,0.589751309858708,1911554048,0.556311030686038,1035,2,9803.1,19805.9,14060.4,21960.3,20928.2,1,2,2225.6
"1194",5952241664,0.610970871948142,1911554048,0.556311030686038,957,2,10403.3,19640.6,6817.2,9927.7,22697.9,1,4,1154.5
"1195",5952241664,0.631555818653604,1911554048,0.556311030686038,1018,0,16255.5,9559.2,23544.8,37754.4,17259,0,2,1194.1
"1196",5952241664,0.644701381726306,1911554048,0.556311030686038,1141,0,16332.8,13039.1,28032.5,56004.2,34553.5,0,3,1155.7
"1197",5805441024,0.525622251825456,1911554048,0.556332487703341,1249,1,16349.8,20527.2,14067.6,37789.4,34576.1,0,3,1279
"1198",5917638656,0.529137466543816,1876426752,0.561826094596211,1324,42.9,16338.1,94.5,28135.8,38247.9,17372.2,4,4,2064
"1199",5917638656,0.53867631664449,1876426752,0.561826094596211,1409,10.1,19387.9,14075.2,28273.4,62189.7,34832,2,3,1146
"1200",5917638656,0.557539688692876,1876426752,0.561826094596211,1529,0,32042.3,39327.5,26286.6,6.5,53207,0,3,1197.8
"1201",5917638656,0.577734116635719,1876426752,0.561826094596211,1752,11.3,31902.5,34077.4,55160.6,55131.5,38007.4,0,2,1165.7
"1202",5823266816,0.517614649076181,1876426752,0.58462910947701,1980,15.3,32247.2,34216.7,55243.9,65238.7,61732.8,0,7.1,1525
"1203",5822742528,0.187423057524721,1846018048,0.162020729300326,2101,10,35023.8,6776.1,28627.4,39942.8,35282.4,1,4,2439.3
"1204",5822742528,0.291670486253227,1846018048,0.162020729300326,2324,10.3,33890.6,27670.8,55264.1,65017.3,58609,0,3,1153.4
"1205",5822742528,0.352305616857062,1846018048,0.162020729300326,2495,6.2,31172.5,40712.4,55754.9,83960.1,62185.7,0,7.1,1175.5
"1206",5513412608,0.151285387860062,1846018048,0.162020729300326,2642,27.7,40688.3,13011.9,36031.8,33929.8,58418.9,0,2,1145.7
"1207",5513412608,0.381340834636735,1846018048,0.162020729300326,2847,28.7,41465.4,32449.4,71439.2,77968.4,50194,3,3,1385.5
"1208",5787090944,0.417192539255948,1844445184,0.232833609458325,3079,37.1,42348.5,21864.2,33689.8,120350,55483.9,2,5,1936.1
"1209",5820645376,0.216792518638772,1863843840,0.247829633875338,3306,40.2,30036.2,46128.1,70667.1,37532.4,46217.9,3,7,1149.5
"1210",5820645376,0.346378549577377,1863843840,0.247829633875338,3513,27.1,40780.4,6518.2,61926.1,69656.4,72410.6,3,2,1155.6
"1211",5820645376,0.37075714827959,1863843840,0.247829633875338,3792,25.5,40493.7,26.4,72921.9,120249.6,69909,2,3,1189.6
"1212",5793906688,0.360209113259592,1837629440,0.25404775316196,3938,27.5,40855.6,40949.6,34248.4,43710,40893.7,6.1,10.9,1762
"1213",5777129472,0.366164586989967,1847066624,0.319977841774077,4207,23.2,41859.3,271.3,71695,146752,68678.8,1,3,2062.4
"1214",5794430976,0.472616725294055,1847066624,0.33409622948128,4486,21.9,37938.8,46506.3,67711.2,67428.5,73488.1,0,3,1160.7
"1215",5789188096,0.342658369006183,1884815360,0.335543791671316,4632,33.7,40215.3,40097.6,35500.6,10929.1,74012.4,3,2,1095.8
"1216",5789188096,0.367270708804404,1884815360,0.335543791671316,4905,23.7,40717,72547.5,70158,35753.6,35736.6,3,2,1172.5
"1217",5810683904,0.327903685743944,1884815360,0.355500658931591,5184,28.7,40174.4,6565.6,71540.8,74408.9,71275.3,1,3.9,1411.2
"1218",5840568320,0.307387896011047,1952972800,0.382795601201933,5330,19.4,40594.1,6310.1,34872.9,43259.8,48932.4,0,3,1912.7
"1219",5857869824,0.358062733663566,2015363072,0.389801512923114,5604,26.8,39776.4,39063.1,68799.7,103719.5,61442.6,0,3,1193.5
"1220",5857869824,0.476584167606193,2015363072,0.389801512923114,5882,30.9,39276.6,82.7,71039.1,86355.6,72966.9,0,2,1115
"1221",5857869824,0.490589304240121,2015363072,0.389801512923114,6042,28,42635.7,39220.2,35815.1,45789.1,39134.8,0,3,1176.8
"1222",5869928448,0.433095787947272,2015363072,0.408874802282526,6285,28.1,46253.3,53528,81565.6,53.8,50569.8,2,3,1874.3
"1223",5905055744,0.377665870957766,2079850496,0.451091918274781,6461,25.8,42243.1,39923.8,69900.5,114670.4,74996.3,1,4,1985.6
"1224",5920260096,0.400876371849372,2137522176,0.458696408137771,6695,37.8,27830.6,43722.3,37573.4,37570,37287,1,2,1213.6
"1225",5920260096,0.482757539023609,2137522176,0.458696408137771,6970,25.5,41542.8,39133.5,51325.2,45081,83575.7,1,5,1206
"1226",5920260096,0.555233860827841,2137522176,0.458696408137771,7160,27.4,40712.3,70059.6,73219.2,82912.2,67528.6,1,3,1117
"1227",5940183040,0.491294155733758,2137522176,0.466847287815132,7307,32.3,39482,6535.9,35698.4,42754.8,62603.8,0,3,1450.4
"1228",5970591744,0.413248436688657,2170028032,0.511382879229089,7580,26.5,40538,74092.6,68749.5,319.3,50523.8,1,3,1831.4
"1229",5940707328,0.483309840344034,2183135232,0.511946176223175,7859,25.8,38919.6,31421,71196.2,87523.3,68506.9,0,3,1183.4
"1230",5940707328,0.611245756455746,2183135232,0.511946176223175,7671,31.9,40686.7,13038.8,34107.1,103177.5,73528.6,0,3,1139.7
"1231",5940707328,0.648711838652818,2183135232,0.511946176223175,7945,32.3,40721.6,51.3,71576.9,78177.9,38949.4,1,2,1191
"1232",5946998784,0.567197787633999,2183135232,0.518786206760981,8224,28,40590.1,39863.7,70578.1,77884.8,69115,9.9,4,1666.8
"1233",7950827520,0.507279276509824,2126512128,0.446542286036882,8367,27.6,41333.3,44806.4,36462.3,1872.9,73039.5,0,3,1910.8
"1234",7600603136,0.611110291223021,2126512128,0.446542286036882,8569,24.7,38882.3,71435.4,67404.3,4.3,37738.9,0,4,1160.5
"1235",7949254656,0.453969079135763,2144337920,0.447864039699684,8642,33,47084.8,21228.5,81252.9,123715.1,50590.8,0,3,1154.9
"1236",7949254656,0.50607823124191,2144337920,0.447864039699684,8659,27.7,40778.9,34431.1,44452.5,88060.3,73269.8,1,2,1122.1
"1237",7913603072,0.479193818226419,2144337920,0.456246166234487,8933,27.7,40694.3,37.1,61185,87727.5,39144.8,9.1,2,1498.3
"1238",7629438976,0.423466394053027,2092433408,0.505643874464111,9212,22.7,39824.2,109.8,72039.1,110674.3,67665.8,1,2,1613
"1239",7913078784,0.579938193624334,2106589184,0.518457635008,9358,30.9,38693,41679.7,33013.3,42729.3,75663.2,0,3,1346.9
"1240",7898923008,0.413464638241477,2106589184,0.524994166094032,9611,42.9,24406.8,66575.6,33845.1,19836.6,39014.8,0,3,1158.5
"1241",7898923008,0.48447124907082,2106589184,0.524994166094032,9079,26.3,40729.8,45990.2,83586.3,126195.4,81865.7,0,3,1133.5
"1242",7926185984,0.427744741650513,2149580800,0.533354487773166,9225,29.2,41088.7,26076.3,62435.2,113922.1,71305.3,10.9,5,1717.2
"1243",7945060352,0.608343758997792,2149580800,0.574042485352456,9498,27.1,40902.8,12763.5,44757.6,54445.3,40937.8,1,3,1959.1
"1244",7938768896,0.654514300147729,2189426688,0.580659037423005,9778,19.6,38439.4,72.1,68279.1,77959,71505.2,0,3,1187.3
"1245",7958167552,0.511515627862971,2189426688,0.587301983301166,8929,23.7,39408.2,32439.3,34429.6,90434.9,73592.6,0,3,1179.6
"1246",7958167552,0.534472240274843,2189426688,0.587301983301166,9202,29,40739.8,40801.3,69559.2,33966.1,40805.4,0,2,1163.2
"1247",7978614784,0.483359681900391,2230321152,0.607143583352734,9481,25.8,41619,6556.3,71423.3,110444.2,68211,10,3,1649.3
"1248",7997489152,0.686474653188751,2230321152,0.652327192055593,9625,26,39788.4,44498.6,71067.4,68514.9,70538.2,0,3,1666
"1249",7970226176,0.681090732449498,2245001216,0.65896009951407,9902,21.9,39904.1,32727.2,36840.8,56291,39213.9,0,3,1172.3
"1250",7988576256,0.544410496768249,2245001216,0.667370145316309,9097,28.4,41281.4,6560.6,70779.2,137030.8,69438.5,0,3,1235.1
"1251",7988576256,0.567374283320605,2245001216,0.667370145316309,9244,30.5,39506.4,79713.6,69776.1,69975.3,73484.1,1,3,1178.6
"1252",7988576256,0.751038276625797,2245001216,0.667370145316309,9516,26.9,41174,26.8,36154.4,77949.1,39041.6,2,20.2,1855.1
"1253",7990673408,0.648897458230344,2214068224,0.745592788714449,9723,47.4,32836.8,56773.6,36458.3,37376.9,50996.8,0,2,1804.4
"1254",7983333376,0.564412798987689,2217738240,0.748558411130667,9916,29.6,32575.4,105288.2,54295.1,19438.8,102012.8,0,3,1255
"1255",7968653312,0.660611801001891,2243428352,0.749193470392713,10190,24.7,39056.1,47274.6,60869.8,34095.4,40809.3,0,3,1235.1
"1256",7968653312,0.732937929073253,2243428352,0.749193470392713,9213,30.5,45684.4,34282,45832.4,44800.1,37701.6,1,3,1120.5
"1257",7987003392,0.656663258369629,2243428352,0.756112477002995,9413,29.8,42074.9,45510.5,83298.1,126323.1,83585.7,1,4,1568.3
"1258",7992770560,0.839096396631708,2273312768,0.780942854531615,9686,26.5,38954.5,13046.2,55332.6,35475.7,41803.1,0,3,1695.6
"1259",8004829184,0.847749754556162,2273312768,0.794479632742139,9966,25.3,41333.5,67080.7,69411.2,79685.6,70340.7,0,2,1177.5
"1260",8012169216,0.679827260403183,2315780096,0.801198797130786,8940,28.7,40777.6,39025.3,73281.1,77329.6,70433,0,3,1173.3
"1261",8012169216,0.720173609473602,2315780096,0.801198797130786,9213,28.7,41418.7,6523,35703.4,77753.5,38886.9,4,2,1189.1
"1262",8024227840,0.65058008123558,2315780096,0.82829968331007,9493,26.6,40616.7,95.5,71819.6,146399.4,68352.6,2,2,2009.6
"1263",7908884480,0.807747531039927,2165833728,0.861156428350281,9631,28.6,41592.2,31012.2,69913.1,53890,70576.7,2,3,1902.2
"1264",7941914624,0.711750967319389,2172649472,0.868993904262544,9903,25,40047.9,38125.8,35723.7,9687.3,38182,2,3,1180.5
"1265",7941914624,0.804955734563182,2172649472,0.868993904262544,10110,18.6,30849.1,20522.5,35405.6,68802.4,51257.5,0,2,1184.4
"1266",7941914624,0.865573672528062,2172649472,0.868993904262544,9200,21.1,32545.5,64812.8,80175.8,89961.4,102919.6,0,2,1181.5
"1267",7849639936,0.823928798356542,2172649472,0.869718683472071,9473,27.1,41515.7,38944.4,35743.1,45640.7,38969.7,1,3,1752.5
"1268",8247050240,0.605074537778007,2161115136,0.518230942178971,9753,20.8,38918.1,5494.9,71165.3,100263.5,68983.9,1,3,1410
"1269",8216117248,0.44259488542294,2168455168,0.531764323028422,9899,24.5,40011.4,68079.1,67629.2,19417.2,74550.3,0,3,1147.5
"1270",8216117248,0.528686365698758,2168455168,0.531764323028422,10173,29.8,40176.1,31790.7,36688.8,56405.8,47412,0,3,1151.7
"1271",8216117248,0.595967997558936,2168455168,0.531764323028422,9328,29.8,40737.8,38633.4,71731.1,33289.6,59415.9,0,3,1131.7
"1272",8208777216,0.512129706213238,2168455168,0.532370469797818,9471,27.4,41295,6646.6,72025.8,75274.2,71872.7,12,6,1941.8
"1273",8261206016,0.404685745098842,2242379776,0.567651261299355,9727,28.9,48794.8,38907.3,36196.8,11023.4,49230.1,0,3,1772.4
"1274",8261206016,0.502853154364429,2242379776,0.567651261299355,9952,15.5,27080.4,51316.4,73106.6,9711.9,44798.3,0,3,1203.4
"1275",8261206016,0.589030815909385,2242379776,0.567651261299355,10138,24.5,41064.5,45807.9,59088.1,100983.8,78123.9,0,3,1254
"1276",8266448896,0.424640577370358,2254962688,0.568242255447222,9185,28.3,41754.5,13044.9,36011.5,68772.2,70201.5,0,2,1244.2
"1277",8266448896,0.609796553685729,2254962688,0.568242255447222,9464,24.2,39800.6,38961.9,72941.1,66954.5,35719.4,18,19.8,1807.1
"1278",8303149056,0.528406741395249,2292187136,0.624505587574939,9610,28.1,39700.3,6441.1,70256.5,76218.2,72696.4,0,3,1525.6
"1279",8285323264,0.465670712060704,2292187136,0.636960856678568,9884,24.7,39246.6,39524.2,35378.6,44870.7,73328.5,1,4,1437.6
"1280",8285323264,0.550026204988397,2292187136,0.636960856678568,10164,26.6,40736.4,34042.4,68143.7,112720.5,37971.6,1,2,1161.3
"1281",8285323264,0.628882313697978,2292187136,0.636960856678568,9213,27.7,40711.5,45520,71766.1,68730.9,71585.3,0,3,1173.4
"1282",8254914560,0.536572284038274,2272788480,0.643882907223791,9486,30.9,40667.2,32471.5,36296.3,20734.2,72629.5,1,12.9,2113
"1283",8294760448,0.693631722346757,2272788480,0.684454363583973,9746,40.8,29508.3,33205.1,61302.7,75655.6,42652.6,1,4,1572.3
"1284",8277458944,0.584486391866301,2277507072,0.697479716022187,9890,25.8,40473.5,68845,60151.5,52980.6,75368.2,0,3,1147.4
"1285",8277458944,0.737445010757156,2277507072,0.697479716022187,9041,25.3,40705.9,37944.6,37874.6,92674.4,70955.7,1,2,1185.3
"1286",8277458944,0.742647053593166,2277507072,0.697479716022187,9321,30.9,39552.5,34172.9,69719.6,33583.9,37429.4,1,2,1159
"1287",8244953088,0.66766548957228,2249719808,0.698125232786287,9467,27.4,40897.2,13233,71515.9,136242.2,71217.9,0,14,1341.6
"1288",8238137344,0.591402235306069,2263351296,0.757107554562066,9712,26.8,47981.1,6608.6,34872.1,78305.4,46997,1,3,2014.6
"1289",8267497472,0.713600353671811,2263351296,0.769952289483862,10001,20,38961.2,44876.3,81469.4,9786.6,44386.8,0,3,1218.2
"1290",8294236160,0.540477741111244,2311061504,0.770514345994136,10148,27.4,41544.9,73360.7,70131.6,10530.1,70238.1,0,3,1169.5
"1291",8294236160,0.572019343129,2311061504,0.770514345994136,9169,26.6,39169.2,37791.6,37067.3,81751.3,72539.1,0,3,1224.3
"1292",8294236160,0.741579425681557,2311061504,0.770514345994136,9446,24.5,41266.7,32479.5,69258.4,45937.6,39820.9,1,21,2126.1
"1293",8310489088,0.646624198298929,2317877248,0.805580436010168,9593,50.5,41067.6,42039.2,69536.9,78042.8,70526.4,0,4,1616.5
"1294",8125939712,0.646918632713577,2317877248,0.812511183911493,9856,12.5,30795.3,6577,56801.7,99738.7,80942.6,0,2,1221.4
"1295",8125939712,0.766034070226683,2317877248,0.812511183911493,10137,24.7,38745,83050.8,33313.2,33780.4,42325.1,0,3,1198.6
"1296",8125939712,0.790344936292828,2317877248,0.812511183911493,9219,27.2,40774.7,64903.4,71549.5,19697,68183.6,0,3,1144.6
"1297",8295809024,0.691130315007599,2320498688,0.831245085001974,9491,31.2,39841.3,6545.9,35729.6,73491.4,70328.7,1,3,2239.8
"1298",8306294784,0.855761115255887,2320498688,0.850302126537932,9772,24.7,40200.7,6488.5,69549.2,35713.8,42012.5,0,2,1129.1
"1299",8309440512,0.808957454872264,2353004544,0.856968119152516,9918,26,42082.1,13223,73679,97862.2,65601.6,0,3,1196.9
"1300",8321499136,0.652177491495686,2353004544,0.864176692122736,10192,28.4,40672,38854.3,67203.5,43749,72481.6,0,2,1155
"1301",8321499136,0.699500051236922,2353004544,0.864176692122736,9337,30.5,41814.3,29.5,41641.2,78174.6,37436.8,0,3,1161.5
"1302",8321499136,0.890258781371578,2353004544,0.864176692122736,9483,29.5,40679,13311.8,71976.8,136942.7,68780.4,3,3,2205.7
"1303",8301051904,0.358314825927873,2285371392,0.464605009949798,9755,28.1,41302.8,50133.6,35504.7,32757.6,74596.7,0,2,1898.8
"1304",8275886080,0.546533294958067,2288517120,0.464605009949798,10016,33,48514.3,30253.3,78227.1,75667.3,19064.6,0,3,1196.8
"1305",8290041856,0.4429427083462,2288517120,0.472067027173614,8946,28.7,40684.3,38768.4,72731,115751.1,68926.4,0,2,1169.8
"1306",8290041856,0.490675528864302,2288517120,0.472067027173614,9149,36.2,38351.9,6547.2,35873.7,110640.5,71420.3,0,3,1207.9
"1307",8274313216,0.421673714895542,2278031360,0.499037043707587,9474,44.3,24938.8,52570.4,41867.9,45260.5,52486.5,3,2,1752.3
"1308",8297381888,0.578092366091659,2278031360,0.538303221929841,9620,22.7,39386.2,67273.2,72285.8,10185.5,70577.1,0,3,1512.3
"1309",8291090432,0.440338506248728,2281177088,0.54023158894041,9893,18.6,39086.8,28.8,69087,155924.5,73828.2,0,2,1146.4
"1310",8291090432,0.543934654312066,2281177088,0.54023158894041,10174,25,39659.1,40499.5,34621.7,43859.6,40725.4,1,4,1132.3
"1311",8291090432,0.588722377597147,2281177088,0.54023158894041,9201,39.4,40763.5,32600.3,71665.5,43177.4,68374.5,0,2,1123.6
"1312",8246001664,0.506297276439647,2254962688,0.55408508306369,9474,23.7,41346.9,38931.4,36295.7,62010.3,70437.1,3,5,2224.3
"1313",8285847552,0.648461303479217,2254962688,0.593821413032653,9754,21.4,41320.3,39329.4,73352.5,17722.5,39636.2,0,2,1404.4
"1314",8263827456,0.511518312126772,2270691328,0.607110777584873,9900,19.6,41361.7,80716,68602.5,35912.4,70938.3,0,3,1162.8
"1315",8263827456,0.609022661568988,2270691328,0.607110777584873,10174,24,40312.9,13025.6,71961.6,101912,71559.8,0,3,1183.3
"1316",8263827456,0.659033738663771,2270691328,0.607110777584873,10454,30.1,40677.4,45358.5,35972.6,427,39054.2,0,2,1149.3
"1317",8244953088,0.613349964035599,2270691328,0.60828419983698,9443,25.5,40887.4,50.3,71527.1,110671.4,68286.2,2,3,1598.3
"1318",8018984960,0.545619734894727,2227175424,0.668582955723355,9708,21.6,47427.1,33866,38047.5,67896.8,53942.7,1,3,1805.3
"1319",8259108864,0.67936223004119,2235564032,0.675991595822748,9910,46.5,22901.3,6423.5,45006.4,44021.7,40814,0,2,1215.9
"1320",8250720256,0.541683372763717,2235564032,0.680150579033258,10113,24,41620.5,68.3,80794.8,127891.5,82053.5,0,3,1198.9
"1321",8250720256,0.608488040344002,2235564032,0.680150579033258,9197,24.2,39596.7,6559,69939,112235.7,73093.3,0,3,1134.6
"1322",8265400320,0.521615857076842,2252865536,0.711579126282772,9476,26,42433.1,93.8,35962.5,52518.6,39746.5,2,5,2341.4
"1323",8284798976,0.667947617320679,2252865536,0.749677327529836,9622,20.8,39683.3,72469.5,71288.5,34689,69358,1,2,1475.4
"1324",8258584576,0.760993636883474,2256011264,0.750393634290799,9895,21.9,41131,6651.2,69220,113756.4,73597,0,2,1194.4
"1325",8273264640,0.615252568543486,2256011264,0.757140624351819,9076,27.7,39315.1,37591.2,37551,10720.6,38099.1,1,2,1214.4
"1326",8273264640,0.644010208768083,2256011264,0.757140624351819,9222,28.7,40740.4,32382,69384.3,80016.8,70112.1,0,3,1214.3
"1327",8290041856,0.583645590703276,2281177088,0.788555663179633,9496,23.2,40152.6,39176.9,71659.2,113856.3,71846.9,1,2,2044.8
"1328",8053063680,0.772341286142667,2281177088,0.82263309597849,9775,19.8,39541.3,45611.8,35664.4,24.9,38978.2,2,5,1303
"1329",8297906176,0.612307571119011,2305818624,0.842527955811419,9920,21.6,39804.9,39851.6,67414.2,68276.8,71557.5,0,2,1229.3
"1330",8297906176,0.734374877559474,2305818624,0.842527955811419,10196,26.6,40690.6,39494.3,72052.1,114720.5,72247.5,0,3,1152.5
"1331",8297906176,0.765686426580295,2305818624,0.842527955811419,9305,27.7,40755.1,6629.8,35798.7,42283.5,47874.1,0,3,1216.4
"1332",8248098816,0.704619706631798,2259156992,0.849183727007018,9451,28.1,42011.9,39363,70848.1,105000.9,61455.5,15.8,4,2305.1
"1333",8287944704,0.861157885447205,2259156992,0.895252781321166,9608,28.3,8078,41884.7,628.8,10343.3,52222.9,0,3,1257.1
"1334",8282701824,0.781505180500869,2269642752,0.902604591057412,9893,23.7,40970.8,23417.9,58947,102379.2,63984.9,0,2,1251.1
"1335",8274313216,0.710743735036293,2300051456,0.921511337083305,10040,28.9,40665.2,33027.7,70828.9,113614,55129.3,0,3,1180.5
"1336",8274313216,0.788572950245929,2300051456,0.921511337083305,9136,28.7,41228.6,38660.2,72169.9,42729.2,71144.9,0,2,1181.3
"1337",8292139008,0.696589498370358,2300051456,0.929106669996528,9415,22.9,40036.9,32561.1,35737.9,19753.2,39140.9,1,3,2124.4
"1338",8312586240,0.451776833295146,2335178752,0.512813495125055,9561,26.8,38140,74108.2,68477,7.1,71139.8,0,2,1182.4
"1339",8319926272,0.50945490493885,2335178752,0.512813495125055,9835,29.2,38913.6,35715.2,66169.7,85910.2,76875.5,0,2,1197.6
"1340",8314159104,0.376049127866197,2358771712,0.519775977340317,10115,29.5,40694.8,44397.9,37074.4,37553.9,71022.5,0,3,1212
"1341",8314159104,0.383197769509512,2358771712,0.519775977340317,9142,24.7,40723.8,71603.9,71439.9,78.8,35672.6,0,2,1217.4
"1342",8314159104,0.564459957681368,2358771712,0.519775977340317,9415,30.2,41628.7,34001.6,70673.8,123402.4,73972.7,3,5.1,2625.1
"1343",8345616384,0.430340055275658,2371878912,0.560968385253057,9695,21.9,42354.6,6840.1,36605,41495.7,70114,0,2,1298.1
"1344",8145338368,0.437385120057912,2371878912,0.567143045697993,9841,29.9,38802.2,32386.7,71047.3,43919.9,37383.4,0,3,1215.2
"1345",8145338368,0.584215600262219,2371878912,0.567143045697993,8997,27.4,40782.9,45512.7,71076.1,105214.8,73057.7,0,2,1157.5
"1346",8145338368,0.589613899757393,2371878912,0.567143045697993,9165,51,22612.4,32462.8,35668.8,19559,38993.7,0,2,1183.6
"1347",8289517568,0.492322376847878,2331508736,0.580465556871735,9394,25.5,39957,40812.9,43779.7,44133,81729.5,3,4,2056.1
"1348",8324120576,0.645036663149844,2331508736,0.624307555789139,9652,24.2,48065.2,25090,63080.4,32619.4,50968.1,0,3,1261.4
"1349",8298954752,0.504844193660691,2334654464,0.624985034568596,9931,24.7,40166.2,40748.3,54328.9,43199.3,56588,0,2,1195.4
"1350",8298954752,0.605228107646875,2334654464,0.624985034568596,10079,28.7,40677.8,72448.4,71077.9,35868.4,53644.4,0,2,1161.8
"1351",8298954752,0.659247500377262,2334654464,0.624985034568596,9137,27.7,39733.6,46906.9,69927.2,68457.7,73057.4,0,4,1234.6
"1352",8265400320,0.57214996792799,2334654464,0.637468344473548,9416,24.7,42253.9,150.9,36352.2,53382.2,71583.8,20.8,5,2678
"1353",8326742016,0.735776842878952,2319974400,0.677512287886208,9561,26.5,39813.5,41334.5,70460.1,101757.1,40988.4,0,3,1272.2
"1354",8092909568,0.744011961261545,2319974400,0.690437729690665,9836,43.3,40424.7,35209.9,69260.3,121800.8,71443.6,0,3,1143.5
"1355",8304197632,0.554517360503975,2323644416,0.696983590947177,10116,28,40981.8,38961.8,36131.9,14022.3,71470.6,0,3,1196.6
"1356",8304197632,0.589869684835555,2323644416,0.696983590947177,9143,31.9,39491.2,72980.1,70047.3,32664.4,40775.6,0,2,1182.3
"1357",8300527616,0.528010828558877,2323644416,0.722507778895182,9416,25,40205.5,32575.2,71487.3,88051.4,68328.6,2,3.9,1997
"1358",8325169152,0.668581833519003,2351431680,0.737891778594068,9672,49.5,25926.3,6661.9,34883.5,92003.7,81759.7,4,2,1308.2
"1359",8326742016,0.796891147491989,2351431680,0.750850976086422,9810,21.6,46454.4,24015.8,53943.6,91607,30509.8,4,3,1157.5
"1360",8334606336,0.603719570805174,2374500352,0.767749173468988,10079,26.6,40701.4,32795.9,75129.7,117797.5,62398.8,2,3,1139.6
"1361",8334606336,0.687614090091561,2374500352,0.767749173468988,9203,27.7,40734.4,14457.1,35928.8,78438,71742.4,3,2,1185.6
"1362",8329887744,0.599533062807143,2374500352,0.7833342991785,9349,25.3,41810.8,24722.2,72380.9,43902.8,40469.8,20.8,5.9,2415.8
"1363",8278507520,0.757587693294745,2291662848,0.816842591578103,9622,25.8,38834.6,155.9,67171.1,122043.5,72459.7,0,2,1250.3
"1364",8304197632,0.851403662739803,2291662848,0.829651432094977,9902,26,39436.2,37528.4,69099.6,102344.2,74210.7,0,3,1169.7
"1365",8271691776,0.70800750010925,2297954304,0.836369544586877,10049,30.1,40671.9,48752.7,36099.1,36414.6,39175.2,0,3,1175.5
"1366",8271691776,0.735251526857666,2297954304,0.836369544586877,9132,25.8,40769.8,77967.8,71489,35793.1,68151.5,0,3,1131.5
"1367",8291090432,0.657507416269368,2297954304,0.855818025818961,9412,25.8,38639.4,34176.8,33976.3,66448.5,73313.3,2,3,1992.8
"1368",8308391936,0.849527820831008,2322595840,0.883346642830603,9558,19.6,39516.4,6754.7,68755.2,123838,41621.8,1,4,1282.9
"1369",8312061952,0.834106232609562,2322595840,0.896199206211056,9831,21.1,41280.9,38352.1,71908.6,114877.6,68318.6,0,3,1170.5
"1370",8319926272,0.678006851453022,2348810240,0.909111237379698,8992,26.6,39533.4,66862.3,70086.2,56044.9,73612.1,0,3,1196.4
"1371",8319926272,0.685967209494041,2348810240,0.909111237379698,9139,29,41430.7,38931.9,35795.7,5.5,38925.7,0,3.9,1186.2
"1372",8319926272,0.846308857290797,2348810240,0.909111237379698,9310,45.3,32425.1,17501.7,37659.9,42692.2,49637.9,2,19.2,2381.5
"1373",8333033472,0.726257601668734,2387083264,0.955834950041358,9599,26.8,34036.4,28717.9,43480,99742.9,72248.9,1,3,1209.4
"1374",8333557760,0.461410866131682,2387083264,0.492545682716247,9784,29.6,45585.6,38843.6,82083.6,52242.1,47526.4,0,2,1202.1
"1375",8353480704,0.370086916046822,2402811904,0.492545682716247,10067,31.2,39478.9,6958.1,68761.4,117384.5,76407.9,0,3,1165
"1376",8353480704,0.420017605154691,2402811904,0.492545682716247,9268,26.9,40746.4,41,71602.1,84946.2,71666.8,0,2,1165.4
"1377",8353480704,0.597600236941901,2402811904,0.492545682716247,9415,24.5,40311.8,32441.2,35787.9,45736.3,38977.9,1,5,1939.3
"1378",8338800640,0.450920068044702,2358771712,0.550634397950068,9688,22.7,39597.1,74074.1,68919.3,44964.3,70615.1,0,2,1395.9
"1379",8336703488,0.413901927178629,2358771712,0.557553391987878,9965,25,39475.5,44275.4,69939.8,104151.1,72057.3,0,3,1161.8
"1380",8336703488,0.547216986494314,2358771712,0.557553391987878,10115,32.6,39449,46622.5,36118.4,36571.7,40564.1,0,3,1179.5
"1381",8336703488,0.569649908124452,2358771712,0.557553391987878,9198,25.5,40749.8,32511.3,69558.8,79764,70013.6,0,2,1138.5
"1382",8256487424,0.504660983542243,2276982784,0.582685331410785,9478,27.8,42008.9,174,71715.6,122065.3,72715.5,5,5.1,2436.4
"1383",8296857600,0.66133561120779,2276982784,0.635816631895123,9641,44.4,28097,6667.4,28857.1,76296.2,44277.5,4,2.9,1348
"1384",8282701824,0.570220043212798,2284847104,0.654953554721474,9881,20.6,39780,77773.7,58888.1,58882.4,74429.1,2,3,1240
"1385",8282701824,0.728281805644776,2284847104,0.654953554721474,10162,27.4,40792.2,80014.6,69991.4,34737.8,74129.2,3,3,1165.3
"1386",8278507520,0.476436203805007,2327838720,0.659537432973642,9214,28,40792.2,6500.7,35870.2,42151.7,38868.3,2,3,1170.7
"1387",8278507520,0.677654865016055,2327838720,0.659537432973642,9485,22.1,39554.7,66605.5,68654.8,78542.3,69903.4,2,4,1794.7
"1388",8335130624,0.566338003918965,2361917440,0.694017244915402,9766,19.4,39409.1,64987.9,71908.3,91568.9,71535.4,0,3,1483.8
"1389",8335654912,0.584822272450618,2361917440,0.700964247624887,9880,26,47502,6655.6,34515.5,69247.9,41009.7,0,3,1142.2
"1390",8335654912,0.733331955861083,2361917440,0.700964247624887,10168,28.7,40706.2,95.5,81022.1,102393.3,49324.6,0,2,1212.2
"1391",8335654912,0.765780946954825,2361917440,0.700964247624887,9276,25.5,39554.8,24.5,69711,121890.8,73042.3,0,3,1228.6
"1392",8206680064,0.69436543444616,2240282624,0.715926580613299,9422,27.8,42716.6,32884.3,36824.1,57240.3,40389.4,3,5,2474.7
"1393",8249671680,0.570150677317621,2254438400,0.77146567973551,9695,19.8,40118.8,65764,70941,45299,68903.8,0,3,1142.3
"1394",8249671680,0.761560036289832,2254438400,0.77146567973551,9976,19.6,40470.7,39381.6,70382.6,78554.8,72898,0,3,1177.3
"1395",8271167488,0.60130483190138,2254438400,0.778420941161551,8933,29.5,40757.5,39181.1,36049,10446.9,39930.5,0,3,1170.1
"1396",8271167488,0.609081756754289,2254438400,0.778420941161551,9169,52.1,23355.4,39146.9,44548,48970.3,75356.7,0,2.9,1201.5
"1397",8271167488,0.816150306446315,2254438400,0.778420941161551,9458,23.7,40074.1,6439.2,72865.1,115823.6,75623.4,1,3,2195.3
"1398",8301576192,0.724439156722492,2286419968,0.822952329179344,9601,26,40138.7,38955.3,34147.5,9847.8,39133,0,4,1206.3
"1399",8281128960,0.619077258760622,2292187136,0.829422645251043,9875,22.7,40837.9,32953.4,72113.8,77662.8,68249,0,3,1238.5
"1400",8281128960,0.723107260969403,2292187136,0.829422645251043,9074,25,40779.4,65893,70938.9,20168.8,72572.6,0,2,1192.8
"1401",8281128960,0.743681391963252,2292187136,0.829422645251043,9220,28.4,40688.9,13058,35688.5,68070.9,71353.9,0,3,1177.9
"1402",8287420416,0.667116435570969,2292187136,0.829977675146927,9493,27.4,42236.8,6755.4,72510.8,102727.2,37160.2,1,5.9,2553.8
"1403",8270643200,0.815304630237223,2241331200,0.881899684119179,9752,29.6,46238.5,6646.7,77676.1,58665.2,55212.6,0,3,1273
"1404",8278507520,0.697485149593728,2252865536,0.899534027622065,9899,30.9,40637.3,12847.2,34984.2,33362.6,71806.1,1,4,1183.2
"1405",8278507520,0.836149092729217,2252865536,0.899534027622065,9048,28.4,40921.6,38400.8,72680.1,69427.8,36165.5,0,2,1216
"1406",8278507520,0.858849606746507,2252865536,0.899534027622065,9327,24.5,40691.3,39135.1,71394.9,113498.7,71278.9,0,3,1237
"1407",8214544384,0.809781143426104,2252865536,0.900220080826796,9473,30.5,38866.7,12929.8,35806.4,32947,68223.8,2,3,1963.1
"1408",8272740352,0.57360592380405,2218262528,0.512661404545508,9728,43.3,27691.6,71987.9,61749.2,61817.7,39642.8,1,3,1505
"1409",7998537728,0.632250721315845,2218262528,0.512661404545508,9996,22.7,40809.1,32397.5,59456.3,94401.3,77850.5,0,2,1241
"1410",8261730304,0.492944752508832,2231369728,0.521187335004477,8891,31.9,39844.5,62.3,36187.5,88656.9,71831,0,3,1160.6
"1411",8261730304,0.539839823849084,2231369728,0.521187335004477,9165,28.7,40679.9,6666.5,70037,101887.2,36991,0,2.9,1197.3
"1412",8248623104,0.470713190194997,2231369728,0.547685651980858,9443,27.8,42423.5,45848.2,71888.4,69698.6,72384.5,3,5,2594.6
"1413",8264876032,0.625448417131201,2203058176,0.587186502360451,9590,34.7,40814.9,40957.3,34881.3,44849.9,72712.3,0,3,1193.3
"1414",8249147392,0.533676673091017,2208825344,0.600562921496284,9863,28.1,41212.1,63804.3,72663.8,46497.5,35404.7,0,2,1158.7
"1415",8249147392,0.642737898118041,2208825344,0.600562921496284,10144,27.4,40676.6,70.7,71785.9,85226.9,71878.5,0,4,1157.7
"1416",8249147392,0.680164302730403,2208825344,0.600562921496284,9215,30.9,40172.8,38963,35767.6,16209.1,70491.2,0,2,1164.7
"1417",8243380224,0.627218849974522,2208825344,0.601154738442535,9488,24.7,45352.7,34199.2,70637.3,69316.9,40728.7,2,4,2261.1
"1418",8264351744,0.54248679955508,2243952640,0.646420765281062,9759,18.6,38508.4,28328.6,76312.7,120172.7,59051.5,0,3,1174.6
"1419",8264351744,0.597810961711167,2243952640,0.646420765281062,9904,20.8,39457.6,12885.7,33167.4,67510.3,74720.7,0,3,1177.1
"1420",8264351744,0.688017764022218,2243952640,0.646420765281062,10179,33,39671.7,33896.4,69380.9,113588.2,41017.8,0,3,1108
"1421",8215068672,0.538319741997161,2206728192,0.654561838430984,9270,28,41231.8,44913.2,72415.8,105163.2,67822.5,1,2,1180.2
"1422",8215068672,0.7287136708186,2206728192,0.654561838430984,9417,28.1,41519.8,6660.9,36806.3,79780.4,74637.8,2,5,2485.2
"1423",8263303168,0.642942648476721,2199912448,0.745056384235994,9564,34.3,4019.1,21644.8,151.2,34487.4,51548.9,0,2,1244.8
"1424",8264876032,0.576479785244527,2215641088,0.754321814871179,9905,22.9,39041,43008.4,83592.1,85836.7,80060.4,0,2,1174.9
"1425",8249147392,0.660342087387448,2215641088,0.76444746515291,10052,33.7,40015.4,6491.9,36170.3,137789.8,72626.4,0,2,1146.1
"1426",8249147392,0.789078820716991,2215641088,0.76444746515291,9153,31.5,40732.8,6567.6,70692.9,77698.2,39238.9,0,3,1129.5
"1427",8225554432,0.763049512089108,2203582464,0.771008072521053,9432,39.2,40309,46315.9,70317,103031.2,68843.2,10.9,2,2168
"1428",8215068672,0.695424351043088,2228748288,0.823182620528983,9579,22.9,39845.2,6430.6,37637.9,76541.5,73104.3,0,3,1194.3
"1429",8246525952,0.744941335509909,2228748288,0.835997867418342,9853,25.3,40414.5,6575.3,68466.4,68735,39602,0,3,1185.2
"1430",8246525952,0.84630122704063,2228748288,0.835997867418342,9034,30.5,39491.2,78008.9,71693,36224.8,68351,0,2,1183.2
"1431",8274313216,0.614765357221885,2289041408,0.842632470763473,9180,26.9,40682.4,73244.5,69627,79451.8,73216.2,1,4,1195.2
"1432",8274313216,0.791125005437551,2289041408,0.842632470763473,9453,28.9,42960.9,38165.3,37755.1,38732.3,39498.5,10.1,9.9,2389.2
"1433",8309964800,0.667556469071927,2302148608,0.884088218861487,9732,21.9,37813,46241.7,67722.9,35790.8,72157.1,0,2,1238.2
"1434",8078753792,0.821527300234378,2302148608,0.884680203440686,9876,24,39603.8,55.1,68422.5,120766.2,73278.3,0,3,1154.4
"1435",8306819072,0.683373218893674,2310012928,0.891668868525434,9062,26.6,40730.8,39037.7,36011.3,36339.1,39140.3,0,3,1224.2
"1436",8306819072,0.688524930472929,2310012928,0.891668868525434,9341,27.4,39444.9,45047.6,69645,68256.4,69925.9,0,2,1173.4
"1437",8306819072,0.902660741615825,2310012928,0.891668868525434,9484,25.8,29687.8,6539.5,35769.3,78006,38740.7,1,12.1,1897.3
"1438",8311013376,0.430945071793854,2300051456,0.558702303509152,9712,37.1,45840,50152.8,62459.7,31092.1,56333.9,0,3,1339.9
"1439",8037859328,0.640354613581015,2300051456,0.558702303509152,9997,39.2,39263.2,13536,70512.9,138496.9,71041.1,0,3,1159.3
"1440",8298430464,0.490172638988326,2295857152,0.560030646543739,10145,28.4,40941.6,34150.2,70670.7,86200.5,72708.9,1,2,1130.5
"1441",8298430464,0.553821478885384,2295857152,0.560030646543739,9158,26.6,40710.4,25.2,35792,42302.3,38827.7,0,3,1205.4
"1442",8220311552,0.484322076458447,2295857152,0.591436070225063,9437,24,40670.4,46952.7,70741.5,104165,70525.9,20.2,2,2408.2
"1443",8300003328,0.651569626936901,2274361344,0.62968197705315,9583,26.8,38678.1,69944.8,66598,86003,76194.9,0,3,1204.2
"1444",8290041856,0.480212194479902,2283798528,0.643172679951064,9857,29.8,41702.6,48.6,37506.8,88208.1,37675.4,0,3,1200.3
"1445",8290041856,0.583247836378596,2283798528,0.643172679951064,9038,30.9,40427,38517.3,71113,68826.8,68836.9,0,3,1173.4
"1446",8290041856,0.611916702969177,2283798528,0.643172679951064,9184,27.4,40692.3,12898.3,71404.9,64868.9,71173.4,0,2,1199.5
"1447",8273264640,0.55654129492466,2283798528,0.656196196808501,9458,30.9,40779.8,6524.5,35784.7,78489.4,39134.5,12,4,2191.4
"1448",8289517568,0.741997282899057,2247098368,0.701303670817348,9736,34,38609.4,41483.2,68392.3,67830.9,70490.5,0,3,1194.2
"1449",8261730304,0.558148464101691,2249195520,0.727089152431724,9883,23.2,39596.8,66837.9,69988.8,20530,73712.6,0,3,1203.2
"1450",8261730304,0.681598035374455,2249195520,0.727089152431724,8997,32.6,40760.1,6377.6,35960,42861,39332.7,-1,-1,-1
"1451",8261730304,0.695951557413608,2249195520,0.727089152431724,9276,30.1,39317.8,65045.6,71424.5,81167.4,68259.1,0,2,1178.3
"1452",8259633152,0.606343600476652,2249195520,0.727808447249979,9419,35.1,31134.5,41286.2,34832.5,48689.7,79321.5,1,3,1162.5
"1453",8294236160,0.77128133183032,2286944256,0.749648237625649,9604,29.9,46397.2,6356.6,52486.2,62227.2,43809.5,12,20.8,2546.9
"1454",8300527616,0.625896510721277,2304770048,0.767250427732229,9932,27.8,38067.6,54863,77955,68371.3,49155.1,0,3,1160.5
"1455",8300527616,0.707564905715025,2304770048,0.767250427732229,10078,29.5,41182.1,6584.1,70954.9,110373.8,72577.9,0,3,1160.3
"1456",8259108864,0.573891398460685,2304770048,0.767892809760207,9164,27.2,40773.6,13023.9,35856.6,68464.5,39040.9,2,2,1149.2
"1457",8259108864,0.762519527917921,2304770048,0.767892809760207,9440,25.8,39640.5,63948.7,70762.2,80979.2,67469.5,4,3,1275.1
"1458",8065646592,0.713015385239433,2260205568,0.844787474725422,9586,22.9,38928.1,13088.7,48489.5,101708.2,73308.9,10,4,2025.1
"1459",8282701824,0.802434040151196,2270167040,0.857599686061486,9859,27.1,40816.1,46078.1,55799.6,549.8,39786.8,0,2,1150.2
"1460",8273788928,0.60744056824941,2270167040,0.864208226674076,10139,31.2,39532.5,71490.4,71819,36338.4,68350.7,1,3,1146.3
"1461",8273788928,0.661904178564029,2270167040,0.864208226674076,9175,27.7,41603.4,6558.8,69749.8,76285.1,73010.8,3,3,1176.4
"1462",8273788928,0.846928854117367,2270167040,0.864208226674076,9448,26,41932.1,6416.3,38012.7,79575.4,38973.5,4,4,1257.1
"1463",8284798976,0.741516683964982,2252865536,0.905069146020546,9727,33.7,40386.6,74304.4,68642.8,15.9,71023.6,10,26,2299
"1464",8284798976,0.838092143951134,2252865536,0.905069146020546,9871,29,40397.3,39261.9,70740.9,77652.4,70994.8,0,2,1397
"1465",8238137344,0.688549878102154,2257584128,0.90565866220459,10145,28.4,40749.5,32708.1,36285.2,56637.7,72142.8,0,2,1114.5
"1466",8238137344,0.746091576693189,2257584128,0.90565866220459,9363,27.2,40688.5,32563.1,71449.8,42248.2,35822.9,0,3,1178.4
"1467",8263827456,0.666186447540465,2257584128,0.925574336461856,9474,14.3,27034.2,18862.1,41091.6,55594,25776.4,4,2,1227
"1468",8306294784,0.816774289911838,2291662848,0.947887357442706,9723,22.7,44058.7,76451.7,50830.9,5.8,79303,17,3,2002.8
"1469",8029470720,0.827937063328627,2291662848,0.949040051880833,10005,27.1,39594.7,32812.7,70753.7,79683.3,60665.2,0,3,1196.2
"1470",8029470720,0.9268556231811,2291662848,0.949040051880833,10152,27.4,41030.6,40562.5,70288.1,43122.7,73356.6,0,3,1104.4
"1471",8312061952,0.696365061933552,2307391488,0.949625861979792,9173,26.9,40737.7,21.1,36234.4,51677,70975.9,0,3,1188
"1472",8312061952,0.867470014737445,2307391488,0.949625861979792,9420,25.8,42324.5,32586.4,70747.5,115439.4,38332.6,5.1,7,1324.1
"1473",8296333312,0.545482087786205,2307391488,0.480854142337538,9599,25.8,39461.5,31943.1,71691.1,87774.2,71100.4,15.7,15.2,2430.5
"1474",8316256256,0.384295676037427,2309488640,0.480854142337538,9873,25.8,38355.5,42485.4,32236,41960.1,75223.7,0,3,1114.7
"1475",8316256256,0.53950555032055,2309488640,0.480854142337538,9184,27.4,41276.4,64359.6,72216.2,91770.8,37847.9,0,3,1183.5
"1476",8307343360,0.48774095404671,2309488640,0.503086960731513,9456,18.9,38699.3,45538,35757.3,354.7,70872.6,6.9,2,1243.2
"1477",8230273024,0.409633608772005,2143813632,0.551573600653795,9703,30.3,28763.5,81169.7,56344.4,32664.4,39085.6,3,3.9,2076.6
"1478",8198815744,0.531264628454126,2157445120,0.559126769689853,9869,22.9,39873.6,49719.6,64618.4,68335,77676.5,0,2,1295.9
"1479",8221360128,0.430562286639683,2157445120,0.559746532445424,8997,28.1,40767.9,39167.6,36110.4,10461.9,76898.2,1,2,1193.2
"1480",8221360128,0.445644574493453,2157445120,0.559746532445424,9276,27.5,40670.7,6487.5,71513.7,64942.8,71877.6,0,3,1180.3
"1481",8221360128,0.627659135673372,2157445120,0.559746532445424,9422,29.9,42571.5,356.6,53437.5,107596.8,36321.3,8,9.1,1282.9
"1482",8252817408,0.551675419304273,2198339584,0.611551785069617,9665,20.8,44853.8,16900.5,60683.2,67817.5,58121.9,3,11.9,2509.2
"1483",8214544384,0.538661642223102,2215116800,0.612140125029146,9956,25,39408.2,37558.4,69607.2,114705.1,68928.9,0,3,1158.4
"1484",8214544384,0.697808546894571,2215116800,0.612140125029146,8914,28,40767.6,39069.1,70526,114177.7,41794.4,0,1,1209.3
"1485",8241283072,0.479977020743209,2215116800,0.627049198236197,9187,26.6,40663.7,14.2,35699.4,52061.5,69564.4,0,3,1155.3
"1486",8241283072,0.664186411773334,2215116800,0.627049198236197,9463,19.4,35765.3,71524,69849.1,36226.2,71540.9,9.9,3,1312.1
"1487",8273788928,0.590087839378829,2245525504,0.692270214845985,9599,15.6,31172.2,45440,52838,70235.3,39007,0,2,2063.5
"1488",8260681728,0.704667373428674,2262827008,0.692893064841676,9866,22.9,39731,39955.6,34839.3,44669.2,78582,0,2,1176.2
"1489",8272216064,0.518270666872175,2262827008,0.697781597816015,10147,28.7,40737.1,66514,70453,10696.8,74024.2,2,4,1124.6
"1490",8272216064,0.570098528799743,2262827008,0.697781597816015,9174,32.3,38667.9,32340.2,71395.3,87595,39501.1,4,2,1125.4
"1491",8272216064,0.755025880329811,2262827008,0.697781597816015,9448,25.5,43277.5,41927.5,34134.8,60133.9,68098.9,12.1,13.9,1315.8
"1492",8300527616,0.634511645000471,2302148608,0.732568295395092,9727,53.1,38671.2,34307.9,69457.7,60849.7,75505,2,13.3,2379.4
"1493",8302100480,0.618263849295161,2327838720,0.739002926603054,9873,39.4,39894.5,40188,69400.9,78109.5,40779.1,0,3,1201.7
"1494",8302100480,0.732091217474641,2327838720,0.739002926603054,10148,27.4,40755,70973.2,37292.7,72065,70781.2,0,3,1232
"1495",8302100480,0.771537898804135,2327838720,0.739002926603054,9280,27.7,39378.2,7007,70121.9,42136.1,71748.1,0,3,1201.1
"1496",8258584576,0.701053821840766,2327838720,0.745660787622734,9424,12.1,28111.7,13287,33886.7,71383.2,39004.8,5,7.1,1461.7
"1497",8089763840,0.620861445567242,2310537216,0.79480931646034,9644,27.4,46451.4,31031.3,55622.2,74209.5,74451.9,1,3,1764.3
"1498",8311013376,0.708584655754018,2322595840,0.803603459635595,9951,29.5,39464.9,38975.3,76807.5,35844.6,63214.6,2,2,1407.4
"1499",8311013376,0.799669148793823,2322595840,0.803603459635595,10099,28,40759.5,80.9,70125.1,156613.4,39164.2,4,2.9,1235.5
"1500",8298954752,0.619695461137514,2322595840,0.809361520075901,9187,27.4,40953.2,38636.9,68124.3,78062.3,70177.8,2,3,1219
"1501",8298954752,0.802668595149849,2322595840,0.809361520075901,9466,23.5,42948.7,33596.5,39432.9,-1,71119,15,6,1353.9
"1502",8326742016,0.678132434168115,2336751616,0.866742039189543,9611,27.1,39173,38165.6,71052.5,11515.7,41419.4,0,2,2372.6
"1503",8309440512,0.81129483679009,2337275904,0.867334832597715,9886,28.1,39780.1,48655.4,40279.8,78525.2,68402.3,0,2,1117.3
"1504",8318353408,0.629723415569506,2337275904,0.880289117047761,10166,29,40748.2,64951.3,64417.4,32812.8,75038.4,0,3,1181.2
"1505",8318353408,0.682589361800772,2337275904,0.880289117047761,9195,26.6,40685.2,39154.9,71450.1,46400.1,39234.5,0,3,1222.3
"1506",8318353408,0.86378426493514,2337275904,0.880289117047761,9468,44.9,28326.8,40890.3,53516.8,77626.7,68032.9,9,2,1305.9
"1507",8321499136,0.77900281356227,2326265856,0.914695307392783,9733,19.6,40798.1,15,35069.2,63437.2,82361.9,0,3,1910.9
"1508",8284798976,0.907860871191765,2337800192,0.926246156232387,9879,-1,-1,-1,-1,118615.1,38929.3,2,2,1180.3
"1509",8308916224,0.771186018880722,2337800192,0.938926549400044,9021,24.2,39923.3,46573.6,71149.8,69048,69356.1,2,3,1149.4
"1510",8308916224,0.78460747662486,2337800192,0.938926549400044,9300,31.9,41384.4,38985.5,71693.1,42593.5,71639.6,4,2,1168.5
"1511",8306294784,0.676808454574588,2386558976,0.958227464745227,9446,31.5,40680.8,38048.8,36678.9,9196.2,38159.1,20,4,1366.9
"1512",8331984896,0.370935629694161,2386558976,0.477580522318785,9693,23.2,42869,40750.5,70959.2,34196.5,70793.4,1,3,2255.1
"1513",8351383552,0.358392560629456,2424832000,0.477580522318785,9992,29.9,43852.4,28495.5,77003.8,66455.8,62516.8,1,4,1231.6
"1514",8351383552,0.454916019165491,2424832000,0.477580522318785,10140,31.6,39709.2,22285.8,34175.4,78281,40748.2,0,3,1208.3
"1515",8351383552,0.536288596028789,2424832000,0.477580522318785,9223,40.4,37267.5,68.2,72103.2,75283.5,68453.9,0,2,1140.8
"1516",8354529280,0.451855074233458,2424832000,0.507273546103799,9503,31.9,40789.2,38979.4,66449.4,113713.5,76423,17.6,3,1260.7
"1517",8355053568,0.621862011262212,2392850432,0.540701338368044,9637,35,32896.9,10533.1,34334.2,33975.5,40326.1,0,2,2095.5
"1518",8359772160,0.460281481164195,2405957632,0.555332505483609,9908,29.6,36304,2700.5,54491.6,115864.2,77602.9,0,4,1141.4
"1519",8359772160,0.592927566102471,2405957632,0.555332505483609,9083,26.3,40499,60.4,70976.6,85809.5,72644,0,2,1145.8
"1520",8359772160,0.621376826614375,2405957632,0.555332505483609,9229,29,40769.8,6474.1,36503,42160.3,38519.7,1,4,1132.5
"1521",8346664960,0.537721175764074,2405957632,0.573658164468842,9502,26.3,40606.7,41.9,71462.2,110266.1,68148.7,10.9,3,1483.4
"1522",8358199296,0.67078370656741,2388131840,0.60666278970773,9781,25,41596.1,6887,69270.6,147880.2,75589.4,0,3,2231
"1523",8190951424,0.708219930471413,2388131840,0.620450052053383,9928,23.7,40388.7,6411.9,36152.4,41374.1,38381.5,0,2,1201.2
"1524",8338800640,0.556193444144984,2390228992,0.633305336675353,9033,28.7,39563.9,40689.2,70252.5,69540.7,70672.1,0,3,1160.2
"1525",8338800640,0.562402335115665,2390228992,0.633305336675353,9312,27.7,40763.6,45502.2,71583.8,68444.4,71463.5,0,2,1219.2
"1526",8336703488,0.477113980331119,2390228992,0.664154502549451,9459,29,40721.5,38649.9,35819.6,9448.4,39343.5,1,3,1372.7
"1527",8365015040,0.585537650868348,2422734848,0.691153128439828,9704,25.3,41588.5,39210.9,68241.8,68513.5,35494,0,2,1905.1
"1528",8365015040,0.702131178953624,2422734848,0.691153128439828,9876,19.8,40385.1,61473.2,44240.3,44321.5,60382.7,0,3,1182.2
"1529",8367112192,0.51627726040655,2422734848,0.697757826067093,10109,28.6,22122.3,93268.7,44273.8,44353.6,81197.4,0,3,1150.6
"1530",8367112192,0.581750558652005,2422734848,0.697757826067093,9213,30.5,39658.8,67841.9,66901.2,10715.2,71474,0,3,1121.4
"1531",8367112192,0.735282753096374,2422734848,0.697757826067093,9493,24.2,40906.1,39086.4,70026.1,78082.1,72994.9,11,4,1562.6
"1532",8368160768,0.623498287933466,2431123456,0.730832394756459,9637,18.9,40853.7,13222.8,35051.7,70277.5,74058.4,1,4,2407
"1533",8373403648,0.557911091401383,2436366336,0.749517947710947,9910,24.7,39351.6,76.3,69663,110025.6,36436.5,2,3,1192.3
"1534",8373403648,0.680964016987516,2436366336,0.749517947710947,9071,29.8,39475.8,38968.1,70144.7,114609.1,73590.9,2,2,1219.2
"1535",8373403648,0.710176624223813,2436366336,0.749517947710947,9217,29,40742.2,27.5,34018.3,88180.6,73339.5,4,3,1231.1
"1536",8367636480,0.610070192724242,2436366336,0.768741997761854,9490,33.7,41178.3,71346.6,71447.9,35703.3,35699.1,10,4,1515.3
"1537",8340373504,0.746409356968769,2391277568,0.803354315167107,9769,59.6,38874.7,65993.1,70294.9,56192.3,72887.3,1,4,1875.6
"1538",8343519232,0.578869513655122,2393374720,0.81696645276926,9916,26,39668.7,48224.1,32993.3,32965.4,73996.6,0,2,1179.5
"1539",8343519232,0.681586914330972,2393374720,0.81696645276926,10190,26.8,39392.1,66575.8,70107.2,46386.2,37841.8,0,3,1165.3
"1540",8343519232,0.72314589949758,2393374720,0.81696645276926,9308,26.3,40762.6,39207.1,71733.8,78452.5,71643.7,0,2,1176.4
"1541",8317829120,0.620932782999995,2393374720,0.823990903297514,9388,28.4,40982,13092.4,35813.6,32637.9,39753.1,19,12.9,1767.5
"1542",8342470656,0.754250231551549,2361393152,0.845244376484557,9638,45.9,26630.1,44684,45715.5,46702.1,42025.4,0,3,1968
"1543",8340897792,0.621293634477855,2373451776,0.861478807462786,9923,33,45285.5,64534.9,82650.4,115403.7,87610.7,0,3,1159.5
"1544",8340897792,0.700933056583845,2373451776,0.861478807462786,10102,33,37342.3,6343.8,33785.4,44679,78865.6,0,2,1150.3
"1545",8340897792,0.782744173925972,2373451776,0.861478807462786,9187,28,40667.2,49.5,66726,80358.3,39307.8,0,3,1175.4
"1546",8328839168,0.71859094109956,2373451776,0.89100782895038,9466,25.5,39872.5,104.5,71835,120844.1,68439.9,14.9,19.4,1460.9
"1547",8331984896,0.886151871391967,2348285952,0.937721912496138,9612,22.2,39162.4,46984.4,34184.1,306,73897.6,3,3,1886.9
"1548",8156872704,0.887372496624903,2348285952,0.938381421023603,9886,18.6,39433.6,6426.9,68735.7,102395.1,40700.1,4,2,1118.5
"1549",8297381888,0.731659902598905,2326790144,0.951201008209365,9062,23.4,40616.7,6372.3,70193.2,147506,71054.9,2,2.9,1125.6
"1550",8297381888,0.753811948446744,2326790144,0.951201008209365,9208,28.4,40767.9,32633,35918.1,20456.8,71722.2,3,3,1198.3
"1551",8297381888,0.915978320702792,2326790144,0.951201008209365,9481,25.8,41182.6,38882.2,71565.7,68362.7,39199.3,3,12.9,1922.2
"1552",8297381888,0.367482186689489,2345664512,0.513125789718817,9656,28.7,42812.5,37608,70613.2,46700.7,71988.3,1,2,1978.9
"1553",8314683392,0.528229291836396,2345664512,0.520635397936479,9884,45.5,26223.8,42081.2,51015.5,31579.5,77067.1,0,3,1146.5
"1554",8322547712,0.4011736631063,2376597504,0.521198433702555,10158,26,41429.6,37717.2,36995.4,40282.6,41346.9,1,3.9,1177.1
"1555",8322547712,0.459044124011626,2376597504,0.521198433702555,9254,27.7,40747.7,6458.2,71710.3,75544.9,68691,0,4,1192.7
"1556",8322547712,0.635276560851274,2376597504,0.521198433702555,9334,27.7,39579.8,39214.5,35777.7,9896,39196.1,0,10.9,1566.8
"1557",8341946368,0.519198604370601,2414870528,0.560151944347739,9660,34,46810.6,34103.3,80263.2,65651.1,49870.5,0,1,1648.6
"1558",8341946368,0.562630308198117,2414870528,0.560151944347739,9936,37.1,35687.3,51567.4,61505.9,40153.4,82047.3,0,3,1136.6
"1559",8341946368,0.668996142843579,2414870528,0.560151944347739,10083,27.4,41276,6416,36502.5,113674.1,70083.6,1,4,1157.4
"1560",8349810688,0.473392498548585,2414870528,0.571196851806305,9182,30.9,39817.5,51.6,72590.7,111412.5,39349.7,0,3,1168.2
"1561",8349810688,0.637978524669516,2414870528,0.571196851806305,9462,22.8,41226.3,72578.5,70555.5,45915.1,69344.5,1,12,1873.6
"1562",8334082048,0.515865964270382,2351431680,0.637883574078832,9607,24,41409.9,118.1,36575.5,54356.9,74173.9,4,3,1792.1
"1563",8308391936,0.588903303273342,2355101696,0.644335176725806,9879,19.6,39907.8,40227.9,68545.9,67797.8,39444.3,0,3,1139.2
"1564",8308391936,0.666057495918305,2355101696,0.644335176725806,10159,27.1,40696.5,45881,71333.3,68276.7,68739.1,0,2,1193.4
"1565",8308391936,0.734557177250623,2355101696,0.644335176725806,9186,30.9,39588.5,13019.6,69966.1,67426,73551.6,0,2,1230.4
"1566",8323072000,0.638078919898807,2355101696,0.65705409334178,9459,26.4,40968.3,38731.9,35945.7,21.9,38728.5,2,11.9,1731.2
"1567",8339324928,0.515852287462278,2367160320,0.697155610290321,9615,53.1,31254.9,48486.2,35783.9,45978.9,50372.2,2,3,1709.8
"1568",8339324928,0.752174889713087,2367160320,0.697155610290321,9857,29.3,32257,61841.9,39760.1,54326.7,101595.9,4,3,1218.1
"1569",8323596288,0.576841236632547,2372403200,0.69774137429022,10131,23.2,39942.3,33033.3,76366.9,45359.7,39703.4,4,3,1225.9
"1570",8323596288,0.641167297324836,2372403200,0.69774137429022,9244,29.5,44023.1,6591.3,71266.4,79421.3,36594.9,0,3,1175.5
"1571",8301576192,0.539822929086477,2372403200,0.715567780449027,9401,29.5,46616.6,46954.6,80664.5,36284.1,83435.4,2,14.1,1835.1
"1572",8336179200,0.663255315816627,2349858816,0.743384890969743,9674,21.2,40683.8,793.2,39781.9,53732.3,40525.8,1,3,1979.2
"1573",8094482432,0.559164423176303,2349858816,0.74997519730845,9951,48.5,39944.6,47059.6,69544.9,32824.6,70104.7,0,2,1212.7
"1574",8094482432,0.678494561960895,2349858816,0.74997519730845,10099,27.4,40882.8,39022.3,70569.1,113035.4,71827.5,0,3,1140.8
"1575",8094482432,0.741961796625467,2349858816,0.74997519730845,9185,30.1,40733.7,39,35891.6,78376.1,39202.7,0,4,1177.8
"1576",8260157440,0.640302533507158,2282225664,0.76284462596038,9465,23.4,39729.9,32268.7,71777.9,52005.2,67962.6,1,19.2,1704.6
"1577",8299479040,0.806096500244912,2282225664,0.80837965618393,9611,19.6,38981.3,45957.2,33966.4,68566.3,73692.3,0,2,1629.8
"1578",8279556096,0.645492242583146,2296905728,0.821378860676189,9864,48,25422.5,6361.9,35265.9,43099.4,39906.3,0,3,1242.5
"1579",8279556096,0.747673593152016,2296905728,0.821378860676189,10144,26.3,40145,39472.4,82019.8,58103.8,82285.5,0,2,1201.2
"1580",8279556096,0.802578070001882,2296905728,0.821378860676189,9170,28,40777.6,45437.4,71746.2,69016.1,71673.2,0,4,1166.8
"1581",8296857600,0.722178559747729,2296905728,0.822482982070785,9444,29.5,40626,26.4,35803.2,48606.9,39368.9,3,22,2084.4
"1582",8270643200,0.616063075723059,2224553984,0.870284552234963,9712,26.8,48707.6,32500.8,71233.1,49163.9,65656.8,1,3,1598.5
"1583",8231845888,0.655753428993252,2241331200,0.8822717538282,9859,17.9,39507.4,30.3,78247.6,106074.7,63715.5,0,2,1170.2
"1584",8231845888,0.801301023579124,2241331200,0.8822717538282,8995,24.2,39534.9,6575.5,35077.6,44058.3,40393.5,0,2,1172.1
"1585",8231845888,0.808393947425659,2241331200,0.8822717538282,9275,28.1,40752,39016.8,71641.5,32853,68260.9,0,2,1191.4
"1586",8255963136,0.742090361000372,2241331200,0.897472587989864,9421,25.8,40151.2,64080.2,64387.9,87942.5,70621.4,1,4,1742.3
"1587",8265400320,0.927114909783341,2293760000,0.924699017277548,9694,17.9,39140.8,83.8,41404.4,58018.1,41091.3,2,4,1568.8
"1588",8286896128,0.816192665568307,2293760000,0.938170520615187,9971,18.4,39591.1,38720.6,69903.8,34329.6,69576.2,0,3,1152.7
"1589",8315731968,0.691449277841852,2330460160,0.945024094498224,8928,28.1,40694.2,6306.5,70127.7,145470.3,72036.4,0,3,1129.4
"1590",8315731968,0.716362023081502,2330460160,0.945024094498224,9201,28.7,40770.5,45367.8,35756.5,204.5,63828.9,0,2,1114.6
"1591",8315731968,0.89222925757484,2330460160,0.945024094498224,9413,24.7,41171.7,6704.9,71619.4,136385.8,43443.2,2,4,2117.6
"1592",8319926272,0.578580803077578,2330460160,0.448818037407985,9535,52,25435.1,42909.8,47846.3,21079.5,49748,0,4,1783.5
"1593",8283226112,0.486496465207203,2249719808,0.450617641360618,9809,26.8,39375.1,40460.1,34042,9648.6,40279.2,1,2,1123.5
"1594",8258060288,0.360616254198022,2253914112,0.451175638359675,10089,25.8,39537.6,55.8,68046,113446,72587.8,0,2,1182.2
"1595",8258060288,0.409924716693955,2253914112,0.451175638359675,9139,27.7,41130.7,38440.7,72226.7,42780.2,71003.7,0,3,1172.5
"1596",8258060288,0.589673154006405,2253914112,0.451175638359675,9412,25.3,39623.8,38978.3,35806.2,9843.9,39022.5,0,3,1739.8
"1597",8283226112,0.394948286545096,2296905728,0.497632329895919,9689,21.9,40470.6,35032.2,69038.8,76070.5,70557,1,2,1489.1
"1598",8283226112,0.450799621972217,2296905728,0.497632329895919,9838,21.9,40960,33951.5,72248.7,85964.4,70454,0,2,1192.2
"1599",8283226112,0.549764868232055,2296905728,0.497632329895919,10112,31.6,40416.4,39408.6,35642.8,10398.6,72128.1,0,3,1194.4
"1600",8283226112,0.592699526201223,2296905728,0.497632329895919,9220,29.5,40663.7,64842.5,71686.2,45950.2,35778.1,0,3,1185.3
