"","X1_jvm_pools_PS.Eden.Space_max_value","X1_jvm_pools_PS.Survivor.Space_committed_value","X2_jvm_heap_committed_value","driver_BlockManager_memory_memUsed_MB_value","driver_BlockManager_memory_remainingMem_MB_value","node5_NET_ib0.write.KB.s","node6_CPU031_User.","node6_NETPACKET_em1.write.s","node6_NET_ib0.write.KB.s","node7_NET_ib0.read.KB.s"
"1",2591031296,134742016,5589434368,354,80846,6810.5,3,1580.1,13605.3,10365.9
"2",2591031296,134742016,5589434368,373,80827,7151.3,7,3216.1,15037.8,10926.9
"3",2591031296,134742016,5603065856,388,80811,7446.5,5.1,3263.6,8600,4057
"4",2591031296,134742016,5603065856,396,80804,6821.4,3,1573.9,13602.1,10046.3
"5",2591031296,134742016,5603065856,411,80789,7138,3,1401.6,13588.3,7446.6
"6",2591031296,134742016,5603065856,426,80773,7136.6,3,1565.3,6810.8,6485.7
"7",2591031296,134742016,5603065856,434,80765,3587.7,18.2,1891.2,13957.7,13627.8
"8",2587885568,137363456,5603065856,316,80883,7880.3,5,3447.8,15246.5,14103.4
"9",2587885568,137363456,5603065856,332,80868,7193.5,3,1584.5,6800.9,3250.8
"10",2587885568,137363456,5603065856,339,80860,3577.6,4,1459.5,13604.4,7144.1
"11",2587885568,137363456,5603065856,354,80845,7148.5,3.9,1562.1,13593.3,10677.4
"12",2587885568,137363456,5603065856,374,80826,7185.9,11.2,3313.6,8496.5,3891.8
"13",2587885568,137363456,5603065856,316,80883,9629.8,5,4327,17457.1,10700.5
"14",2587885568,137363456,5603065856,331,80868,7555,3,1593.1,13610,11027.8
"15",2587885568,137363456,5563744256,347,80853,7155.8,4,1430.4,6800.8,7119.3
"16",2587885568,137363456,5563744256,354,80845,3576,3,1469.4,13603,10049.7
"17",2587885568,137363456,5563744256,373,80826,7179.9,6.1,2513.9,14778.2,7353
"18",2587885568,137363456,5563744256,324,80875,8289.4,5.1,2719.8,7607.3,4016.1
"19",2587885568,137363456,5563744256,332,80868,3593.7,3.9,1655.5,13591.4,10360.7
"20",2587885568,137363456,5563744256,347,80852,7144,3,1673.1,13603.4,10055
"21",2587885568,137363456,5563744256,362,80837,7152.8,3.9,1701.7,6818.4,3899.7
"22",2587885568,137363456,5563744256,373,80826,3589,4,2791.5,14620.7,7408.8
"23",2587885568,137363456,5563744256,317,80882,10064.1,4.1,3501.3,16221.8,10348.6
"24",2587885568,137363456,5563744256,332,80867,7802.3,2,1424.3,6794.4,6840
"25",2587885568,137363456,5563744256,340,80860,3571.7,3.9,1340.8,13599.6,13595.8
"26",2587885568,137363456,5563744256,355,80844,7148.7,3,1470.3,13613.1,13922.7
"27",2593128448,134217728,5603590144,374,80825,7170.8,8.1,2970.3,8308.1,4453.9
"28",2593128448,134217728,5603590144,317,80882,4288.9,5.9,2314.6,14406.5,14200.5
"29",2593128448,134217728,5603590144,333,80867,7173.4,4,1546.1,13609,7156.3
"30",2593128448,134217728,5603590144,348,80852,7158.2,3,1476.4,6808.3,6808
"31",2593128448,134217728,5603590144,355,80844,3579.5,3,1620.6,13613.1,13278.9
"32",2593128448,134217728,5603590144,374,80825,7197.4,18,3788.9,15218.2,10713.7
"33",2593128448,134217728,5603590144,325,80874,13440.4,7,3772.9,10749.1,4314.1
"34",2593128448,134217728,5602017280,333,80867,3588.1,2,1445.9,13600.5,7162.1
"35",2593128448,134217728,5602017280,348,80852,7162,3,1482.3,13584.5,7156.1
"36",2593128448,134217728,5602017280,363,80836,7156.6,3,1574.4,7116,3573
"37",2593128448,134217728,5602017280,374,80825,3594.8,30.3,3018.1,14763.8,14195.7
"38",2593128448,134217728,5602017280,317,80882,8088.3,3,2008.7,13946.5,7326.9
"39",2593128448,134217728,5602017280,332,80867,7156.4,3,1791.5,10361.7,6786.5
"40",2593128448,134217728,5602017280,340,80859,3586.6,3,1653.6,10047.6,6830.6
"41",2593128448,134217728,5602017280,355,80844,7159.1,3,1521.8,13624.6,10399.7
"42",2593652736,135790592,5602017280,373,80826,7178.8,8.2,3807.9,15407.7,7235.1
"43",2593652736,135790592,5602017280,316,80883,6788.9,4.9,2772,8293.4,14444.8
"44",2593652736,135790592,5602017280,331,80868,7164.4,3,1633.1,13592.9,7481.6
"45",2593652736,135790592,5602017280,346,80853,7164.7,3,1376.7,13604.2,3576.4
"46",2593652736,135790592,5602017280,354,80845,3591.7,2,1555.5,6807.5,6849.2
"47",2593652736,135790592,5601492992,373,80826,7169.6,6,3194.5,15318.2,11505.6
"48",2593652736,135790592,5601492992,324,80876,8219.5,4,2202.3,14037.5,4233.9
"49",2593652736,135790592,5601492992,331,80868,3812.8,3,1358.6,6798.9,7145.3
"50",2593652736,135790592,5601492992,346,80853,7159.9,3,1644.3,13624.5,10713.8
"51",2593652736,135790592,5601492992,362,80838,7156.9,4,1291,13604.5,7125.5
"52",2593652736,135790592,5601492992,373,80826,3625.3,8.1,4428.9,9181.8,14535.3
"53",2593652736,135790592,5601492992,316,80883,11203.8,4,3566,18177.9,11147.4
"54",2593652736,135790592,5601492992,331,80868,9407,3,1566.3,13573.6,3571
"55",2593652736,135790592,5601492992,339,80860,3571.8,2,1595.7,6782.1,10352.5
"56",2593128448,133693440,5601492992,354,80845,7138,4,1589.5,13571,6803.3
"57",2593128448,133693440,5602017280,372,80827,7147.7,6.1,2360.3,14809.9,4188.8
"58",2593128448,133693440,5602017280,316,80883,4562.7,6,2654.6,7901.1,10317.8
"59",2593128448,133693440,5602017280,332,80868,7166.7,3,1627.8,13597.5,7134.3
"60",2593128448,133693440,5602017280,347,80853,7131.1,3,1581.9,13562.6,6775
"61",2593128448,133693440,5602017280,354,80845,3569.6,2,1695.1,6806.8,6478.9
"62",2593128448,133693440,5602017280,373,80826,7138.6,6.9,4030,15635,14840.2
"63",2593128448,133693440,5602017280,389,80811,10858.4,3,2497.8,14722.4,7673.1
"64",2593128448,133693440,5602017280,396,80803,3568,3,1575.8,6796.5,9579.6
"65",2593128448,133693440,5602017280,412,80788,7123.9,3,1517.3,13590.8,13576.2
"66",2593128448,133693440,5602017280,427,80773,7137.8,3,1541.8,13598.4,10691.4
"67",2593128448,133693440,5586288640,438,80761,3926.4,21.8,3278,8737.2,4079.3
"68",2593128448,133693440,5586288640,316,80883,7743.8,5,2278.5,13781.1,10196.6
"69",2593128448,133693440,5586288640,331,80868,7132,2,1450.2,13582.8,7446.5
"70",2593128448,133693440,5586288640,339,80861,3890.3,2,1654.6,6793.5,3563.3
"71",2593128448,133693440,5586288640,354,80845,6813.2,2.9,1552.6,13600.9,10678.9
"72",2592079872,136314880,5586288640,372,80827,7245.3,9.1,3714.3,15457.6,11606.5
"73",2592079872,136314880,5586288640,316,80883,11478.6,5,3931.1,10552.1,7134.6
"74",2592079872,136314880,5586288640,332,80868,5733.2,3,1611.3,13626.6,10698.2
"75",2592079872,136314880,5586288640,347,80853,7119.4,3,1701.3,13583.3,7448.6
"76",2592079872,136314880,5586288640,354,80845,7139.6,3,1538.4,6805.5,3888.8
"77",2592079872,136314880,5595725824,373,80826,3613.2,8.2,3256.6,15514.6,8663.2
"78",2592079872,136314880,5595725824,324,80875,8240.4,4,1700.9,13702.7,13984.5
"79",2592079872,136314880,5595725824,332,80868,7129.4,3,1281.9,6801.9,3559.7
"80",2592079872,136314880,5595725824,347,80852,3568.4,3,1411.9,13607.6,7116.5
"81",2592079872,136314880,5595725824,362,80837,7120.6,5,1699.9,13598.4,10677.8
"82",2592079872,136314880,5595725824,374,80826,7174.8,14,4062.2,8896.6,3931
"83",2592079872,136314880,5595725824,389,80810,6798,5,2109.3,15098.1,7206.5
"84",2592079872,136314880,5595725824,404,80795,7386.6,3,1637.5,13598.9,10358.1
"85",2592079872,136314880,5595725824,412,80788,7131.8,3,1418.8,6792.3,3246.8
"86",2592079872,136314880,5595725824,427,80772,3568.4,3,1667.1,13621.7,7452
"87",2600992768,129499136,5579472896,446,80753,7312.3,7.1,3312.5,15371.6,11063.6
"88",2600992768,129499136,5579472896,317,80882,7883.1,2,1895.2,7193.4,3627.5
"89",2600992768,129499136,5579472896,332,80867,3591.7,3,1600,13603.2,13593.2
"90",2600992768,129499136,5579472896,347,80852,7133.6,3,1538.7,13638.2,9741.1
"91",2600992768,129499136,5579472896,355,80844,7151,3,1459.8,6821.6,6488.9
"92",2600992768,129499136,5579472896,374,80825,3867,15.8,5026.9,16161.3,14374.8
"93",2600992768,129499136,5579472896,390,80810,13428.1,2,2622.5,16555.7,10673.5
"94",2600992768,129499136,5579472896,397,80802,7128.4,4,1706.8,6826,6817.2
"95",2600992768,129499136,5579472896,412,80787,3566.2,3,1579.2,13627.8,10701.8
"96",2600992768,129499136,5579472896,426,80773,7121.8,3,1825.5,13628.3,7124.6
"97",2600992768,129499136,5579472896,438,80761,7376.7,66.7,3394,8562.3,4543.5
"98",2600992768,129499136,5582618624,453,80746,4188.9,5,1628.4,13643.3,10384.2
"99",2600992768,129499136,5582618624,468,80731,7132.1,3,1686.3,13635.1,10061
"100",2600992768,129499136,5582618624,476,80723,7124,4,1393,7140.4,6483.5
"101",2600992768,129499136,5582618624,491,80708,3564.7,3,1498.2,13290.2,11011.8
"102",2593652736,132644864,5582618624,510,80689,7398.1,23.8,4574.6,16240.3,7543.8
"103",2593652736,132644864,5582618624,317,80883,9967.9,4,2229.5,7917.5,3923.4
"104",2593652736,132644864,5582618624,332,80868,3554.7,3,1604.5,12779.9,13618.3
"105",2593652736,132644864,5582618624,347,80852,7119.6,3,1718.7,13633.5,13941.3
"106",2593652736,132644864,5582618624,355,80845,7124.9,3,1571.2,13612.4,3561.5
"107",2593652736,132644864,5582618624,374,80826,3793.2,4.1,3109.9,8717.5,7843
"108",2593652736,132644864,5584715776,389,80810,7771.3,3,1693.2,13657.4,10099.7
"109",2593652736,132644864,5584715776,397,80803,7130.4,3,1483.5,13613.7,6802
"110",2593652736,132644864,5584715776,412,80788,3564.4,3,1547.2,6801.2,7116.7
"111",2593652736,132644864,5584715776,427,80772,7122.6,3,1581.7,13614.8,10361.9
"112",2593652736,132644864,5584715776,438,80761,7484.5,9.2,4793.7,16311.7,7939.9
"113",2589982720,136839168,5584715776,317,80882,9510.2,3,3019.1,10112,7202.2
"114",2589982720,136839168,5584715776,332,80867,7134.6,3,1427.7,13616.6,13923.4
"115",2589982720,136839168,5584715776,340,80859,7123,3,1514.3,13625.8,6809.2
"116",2589982720,136839168,5584715776,355,80844,3567.2,2,1412.8,6810,6472.5
"117",2589982720,136839168,5584715776,309,80890,7563.2,6.1,3778,15730,7893.3
"118",2589982720,136839168,5543297024,317,80883,7561.1,4,1636,13604.6,3886.9
"119",2589982720,136839168,5543297024,332,80867,3915.3,2,1517.7,6808.7,10370.1
"120",2589982720,136839168,5543297024,347,80852,7128.9,3,1578.9,13611.7,10049
"121",2589982720,136839168,5543297024,355,80845,7133.4,3,1554.2,13605.3,3562.7
"122",2589982720,136839168,5543297024,373,80826,4022.6,20.8,3881.1,8722.4,11812.5
"123",2589982720,136839168,5543297024,389,80810,10156.9,6.1,2602.4,14855.4,10202.7
"124",2589982720,136839168,5543297024,397,80803,7164.8,3,1569.2,13610.4,3242.6
"125",2589982720,136839168,5543297024,412,80787,3565.8,3,1538.4,6795.5,13265.4
"126",2589982720,136839168,5543297024,427,80772,7119,4,1550.2,13644,10360.1
"127",2589982720,136839168,5543297024,439,80761,7529.3,6,3110.7,15374.5,7607.6
"128",2615148544,112721920,5543297024,454,80746,4145.8,4,2097.5,6920.6,6865.1
"129",2615148544,112721920,5543297024,469,80730,7105.5,3,1421.6,13650.6,7436.6
"130",2615148544,112721920,5543297024,477,80723,7117.9,3,1489.3,13641.2,3875.5
"131",2615148544,112721920,5543297024,492,80708,3564.3,3,1441.5,6815.9,10057.9
"132",2615148544,112721920,5548539904,511,80689,7750.8,5.1,4570.4,16027.3,15087.1
"133",2615148544,112721920,5548539904,519,80681,13046.5,10.8,3107.9,17071.4,7563.4
"134",2615148544,112721920,5548539904,534,80666,3611.5,2,1530.3,6817.5,10389.1
"135",2615148544,112721920,5548539904,549,80650,7133,3,1575.6,13662.2,9733.4
"136",2615148544,112721920,5548539904,556,80643,7125.2,3,1436.9,13639.3,7117.4
"137",2615148544,112721920,5548539904,575,80625,4370.2,6,3076.8,8469,7599
"138",2615148544,112721920,5548539904,324,80875,7266.9,3,2116,13913.9,10420.7
"139",2615148544,112721920,5548539904,332,80867,3899.1,4,1402.7,13652.1,13966.5
"140",2615148544,112721920,5548539904,347,80852,10364.3,3,1602.1,6814.1,6483.4
"141",2615148544,112721920,5548539904,362,80837,3561.3,3,1588.6,13659,11022.9
"142",2615148544,112721920,5567938560,374,80826,7564.2,9.1,5254.8,17506.9,14195.2
"143",2594177024,135266304,5567938560,317,80883,9795.3,4,1867.8,6900.6,6865
"144",2594177024,135266304,5567938560,331,80868,3565.8,5,1393.4,13616.8,10372.8
"145",2594177024,135266304,5567938560,339,80861,7130.6,3,1559.2,13615.3,10361.2
"146",2594177024,135266304,5567938560,354,80846,7118,2,1651.1,6807.5,6794.4
"147",2594177024,135266304,5567938560,373,80827,4038.1,5.1,3364.7,15820.5,10745
"148",2594177024,135266304,5567938560,316,80884,7400.6,3,1779.2,13675,6842.3
"149",2594177024,135266304,5567938560,331,80868,7114.5,4,1312,6805.7,3563.1
"150",2594177024,135266304,5567938560,346,80853,3549.2,3,1535.7,13620.3,12966.7
"151",2594177024,135266304,5567938560,354,80845,7110.4,2,1566.2,13632.5,10054.8
"152",2594177024,135266304,5561647104,373,80826,8129.3,14.1,5774.9,10523.5,5155.5
"153",2594177024,135266304,5561647104,324,80875,9017.2,2,1786,15363,10695
"154",2594177024,135266304,5561647104,332,80868,7402.2,3,1507.4,13593.1,10669.4
"155",2594177024,135266304,5561647104,347,80852,7124.3,3,1534.8,6793.8,3236.9
"156",2594177024,135266304,5561647104,362,80837,3562.8,3,1447.2,13606,13584.5
"157",2594177024,135266304,5561647104,374,80826,7740.9,16.8,3570.2,15707.8,14495.7
"158",2594701312,133693440,5561647104,317,80882,7358.9,3,1453.5,6799.7,6789.9
"159",2594701312,133693440,5561647104,332,80867,3588,5,1562.8,13605.4,10351.3
"160",2594701312,133693440,5561647104,340,80860,7116.7,3,1438.6,13607.8,10997.2
"161",2594701312,133693440,5561647104,355,80844,7112.4,4,1407,6802.2,6793.4
"162",2594701312,133693440,5561647104,373,80826,4067.5,7,2706.7,14733.7,14259.8
"163",2594701312,133693440,5566889984,381,80819,7297.8,2,1773.5,13626.4,13585.7
"164",2594701312,133693440,5566889984,397,80802,7271,5,3430.8,8850.8,7007.6
"165",2594701312,133693440,5566889984,412,80787,5729,-1,-1,-1,6802.4
"166",2594701312,133693440,5566889984,420,80779,7116.1,3,1784.1,13598.9,13277.8
"167",2594701312,133693440,5566889984,439,80760,7724.8,3,1489.4,13600.8,7991.4
"168",2594701312,133693440,5566889984,325,80874,3852.8,7,3698.1,9166.6,6463.5
"169",2594701312,133693440,5566889984,333,80866,7109.8,4,1589.8,13278,10343.4
"170",2594701312,133693440,5566889984,348,80851,7099.7,3,1517.6,13610.7,6802.2
"171",2594701312,133693440,5566889984,363,80836,3555.2,3,1685.1,10365.9,13912.3
"172",2594701312,133693440,5566889984,374,80826,8000.8,3,1769.8,10095.8,15093.8
"173",2591555584,134742016,5566889984,317,80882,12032.5,27,6059,18057,6841.7
"174",2591555584,134742016,5566889984,332,80867,3551.9,3,1813.2,15867.6,13602.9
"175",2591555584,134742016,5566889984,340,80860,7108.1,3,1398.4,6806.7,6793.8
"176",2591555584,134742016,5566889984,355,80845,7106.4,3,1512.6,13613.5,6485.1
"177",2591555584,134742016,5566889984,374,80825,4321.9,3.1,1754.5,13666.3,11115.7
"178",2591555584,134742016,5566889984,317,80883,7306.7,8,3238.7,8970.3,6871.4
"179",2591555584,134742016,5566889984,332,80867,7114.3,4,1686.6,13646,6480.4
"180",2591555584,134742016,5566889984,347,80852,3560.6,4,1515.6,13610.5,10680.4
"181",2591555584,134742016,5566889984,355,80845,7125.7,3,1610,6807.7,7105.8
"182",2591555584,134742016,5571084288,374,80826,8300.2,3,1509.9,13692.9,7800.5
"183",2591555584,134742016,5571084288,324,80875,6170,18.2,4853.4,16680.5,10738.9
"184",2591555584,134742016,5571084288,332,80867,7174.7,2,1511.2,6793.3,7162.1
"185",2591555584,134742016,5571084288,347,80852,7162.2,4,1566.5,13603.6,3905.3
"186",2591555584,134742016,5571084288,362,80837,3578.2,3,1556.4,13619.5,9746.8
"187",2591555584,134742016,5571084288,373,80826,7828.8,4,1828.7,6857.1,14141.1
"188",2589458432,136839168,5571084288,317,80882,7755.5,7.1,2996.8,15353.4,6877.2
"189",2589458432,136839168,5571084288,332,80867,3825,3,1678.1,13701.9,13613.1
"190",2589458432,136839168,5571084288,340,80860,7163,3.9,1630.4,6809.3,9742.5
"191",2589458432,136839168,5571084288,355,80844,7160,4,1536.3,13619.5,6481.8
"192",2589458432,136839168,5571084288,374,80825,4683,3.1,1963.5,13720.1,11651.3
"193",2589458432,136839168,5571608576,317,80882,11968.9,8.1,6044,12358.4,10389.2
"194",2589458432,136839168,5571608576,333,80867,7281.2,3,1360,13628,6798.2
"195",2589458432,136839168,5571608576,348,80852,3573.3,3,1523.6,13611.2,10684.7
"196",2589458432,136839168,5571608576,355,80844,7151,2,1294.1,6804.9,10361.1
"197",2589458432,136839168,5571608576,374,80825,8122.7,6,1614.6,13651.2,7701.8
"198",2589458432,136839168,5571608576,325,80874,3772,6,3213.1,15517.9,13918
"199",2589458432,136839168,5571608576,347,80852,7146.9,3,1842.6,13623,13605.9
"200",2589458432,136839168,5571608576,358,80841,3569.1,5,1560.1,13604.5,3257.2
"201",2589458432,136839168,5571608576,370,80830,8057.8,4,2613.3,6864.8,13274.5
"202",2595749888,132644864,5575278592,313,80887,9327.6,14.1,4511,17245.6,14454.7
"203",2595749888,132644864,5575278592,328,80872,3563.8,3,1501.3,13604.8,3565.4
"204",2595749888,132644864,5575278592,335,80864,7123.7,3,1479.4,6811.3,12964.3
"205",2595749888,132644864,5575278592,351,80849,7129,3.1,1447.3,13603.3,10365.7
"206",2595749888,132644864,5575278592,370,80830,4754.1,5,1776.7,13677,7178.9
"207",2595749888,132644864,5575278592,313,80887,6988.8,9,3206.7,8983.1,4711.7
"208",2595749888,132644864,5575278592,328,80871,7120.8,2,1855.3,13645.7,13659.3
"209",2595749888,132644864,5575278592,343,80856,7119.7,5,1517.4,13608.9,10347.5
"210",2595749888,132644864,5575278592,351,80849,3556.8,3,1426.6,6795.5,3556.3
"211",2595749888,132644864,5575278592,370,80830,8655.9,4,1904.9,13695.9,13280.6
"212",2595749888,132644864,5576327168,321,80879,12101.7,9,5464.1,19027.2,11067.9
"213",2595749888,132644864,5576327168,328,80871,3561,3,1553.1,6799.9,6793.9
"214",2595749888,132644864,5576327168,343,80856,7119.8,3,1640.8,13603.3,14233
"215",2595749888,132644864,5576327168,359,80841,7124.8,5.9,1469.5,13600.1,10664.1
"216",2595749888,132644864,5576327168,369,80831,3948.8,5.1,1881,6893,10362.8
"217",2589458432,134742016,5576327168,385,80814,7273.1,7.1,2926.4,15415.3,11195.6
"218",2589458432,134742016,5576327168,328,80871,7131.8,3,1754.7,13868.1,10665.7
"219",2589458432,134742016,5576327168,336,80864,3565.4,3,1525.5,6799.7,6797.7
"220",2589458432,134742016,5576327168,351,80848,7124.4,4,1544.6,13604.8,6796.8
"221",2589458432,134742016,5576327168,370,80829,8175.5,11.2,1827.9,13709.6,10371.4
"222",2589458432,134742016,5579997184,377,80822,5540.6,21,4743.6,9610.6,4738.6
"223",2589458432,134742016,5579997184,392,80807,7323.8,3.1,1682.1,13590,7755.1
"224",2589458432,134742016,5579997184,407,80792,7123.2,4,1475.4,13594.6,6789.8
"225",2589458432,134742016,5579997184,415,80784,3561.1,3,1586.1,6794.9,6789.7
"226",2589458432,134742016,5579997184,434,80765,8007.7,4,2054.8,13717.1,13959.7
"227",2589458432,134742016,5579997184,320,80879,7299.7,12.2,3397.9,15350.4,11101.9
"228",2589458432,134742016,5579997184,328,80872,3592.3,4,1546.6,6801.9,7166.8
"229",2589458432,134742016,5579997184,343,80857,7137.5,2,1665.9,13618.4,6800.7
"230",2589458432,134742016,5579997184,358,80841,7129.7,3,1355,13674.2,10084.4
"231",2589458432,134742016,5579997184,369,80830,5028.9,4,1949.4,7276.3,6522
"232",2584215552,138936320,5586288640,313,80887,11944.5,8.1,5824.9,18023.3,11895.2
"233",2584215552,138936320,5586288640,328,80872,7133.5,4,1789.6,14960.1,14012.7
"234",2584215552,138936320,5586288640,335,80864,3569,2,1683.9,7160,3883.6
"235",2584215552,138936320,5586288640,351,80849,7118.9,4,1442.6,13338.3,10706.7
"236",2584215552,138936320,5586288640,366,80833,7874.2,3,1867.5,13927.1,13344.6
"237",2584215552,138936320,5586288640,313,80886,3600.8,4,3011.5,15593.8,7225.3
"238",2584215552,138936320,5586288640,328,80871,7119.3,3,1419.7,6827.2,6477.6
"239",2584215552,138936320,5586288640,343,80856,7119.8,4,1652.2,13637.7,13623.5
"240",2584215552,138936320,5586288640,351,80848,3556.4,3,1448.5,13638.4,3561.4
"241",2584215552,138936320,5586288640,370,80829,8363.2,4,1855.3,6983.7,10063.4
"242",2584215552,138936320,5586812928,321,80879,9305.5,7.1,4480.6,16477.8,7388.7
"243",2584215552,138936320,5586812928,328,80871,3568,3,1458.3,13641.2,7136
"244",2584215552,138936320,5586812928,344,80856,7143.4,4,1482.3,6818.1,10385.6
"245",2584215552,138936320,5586812928,359,80840,7129.1,3,1464.6,13629.3,13932.2
"246",2584215552,138936320,5586812928,371,80829,4307.3,8.2,2524.6,13884.8,7189.7
"247",2583166976,139984896,5586812928,386,80814,7126.6,6,2995.2,8358.5,7760.2
"248",2583166976,139984896,5586812928,401,80798,7116.9,2,1551.6,13603.4,7426.5
"249",2583166976,139984896,5586812928,409,80791,3576.4,3,1453.4,13611.1,6800.1
"250",2583166976,139984896,5586812928,424,80776,7103.6,3,1621.2,6806,10686.1
"251",2583166976,139984896,5586812928,443,80757,8877.3,5,2079.2,13928.2,10029.3
"252",2583166976,139984896,5560598528,314,80886,7762.1,7.9,5466.9,19157.6,8096.2
"253",2583166976,139984896,5560598528,329,80870,7127.4,2,1513.1,6804.8,9722
"254",2583166976,139984896,5560598528,344,80855,7120.8,4,1549.5,13619.2,10042
"255",2583166976,139984896,5560598528,352,80848,3570.2,3,1475.8,13614.6,3244.8
"256",2583166976,139984896,5560598528,371,80829,8089.7,3,1767.7,7011,10678.1
"257",2583166976,139984896,5560598528,321,80878,7144,8.1,3103.4,15289.9,11524.7
"258",2583166976,139984896,5560598528,329,80870,3961.7,3,1457.7,13611.3,6485
"259",2583166976,139984896,5560598528,344,80855,7136.3,3,1427.5,6802.8,10039.8
"260",2583166976,139984896,5560598528,359,80840,7127,4,1523.6,13635.5,10058.5
"261",2583166976,139984896,5560598528,370,80830,4731.9,6.9,2106.8,14029.9,3256.8
"262",2587885568,136839168,5574230016,385,80814,9386.7,4,4558.2,10134.7,11203.5
"263",2587885568,136839168,5574230016,400,80799,7155.5,3,1482.8,13603.7,10037.1
"264",2587885568,136839168,5574230016,408,80791,3567.3,4,1644.1,13592.5,6785
"265",2587885568,136839168,5574230016,423,80776,7138.6,3,1642.8,6796.4,10037.9
"266",2587885568,136839168,5574230016,442,80757,8132.9,8,2135,13989.8,10103.4
"267",2587885568,136839168,5574230016,450,80749,3577.8,5.1,2985.7,15427.1,7574.9
"268",2587885568,136839168,5574230016,465,80734,7140.6,2,1492.6,6846,6820
"269",2587885568,136839168,5574230016,480,80719,7126.6,3,1527.4,13667.8,10697.3
"270",2587885568,136839168,5574230016,488,80711,3567.8,5.1,1629,13681.1,8698.4
"271",2587885568,136839168,5574230016,507,80693,9387.1,13.9,2483.4,7280.2,5284.7
"272",2587885568,136839168,5544345600,321,80879,11782.7,10,5373.1,18901.1,11855.6
"273",2587885568,136839168,5544345600,328,80871,3890.5,4,1958.9,13696.8,10414.2
"274",2587885568,136839168,5544345600,344,80856,6825.9,3,1726.7,6859.1,6849.3
"275",2587885568,136839168,5544345600,359,80841,7136,4,1604.2,13666.4,6490.3
"276",2587885568,136839168,5544345600,366,80833,8064.9,14,2165.3,14235.9,6605
"277",2588409856,138412032,5544345600,313,80886,3575.7,5,2913.1,8042.8,3914.3
"278",2588409856,138412032,5544345600,328,80871,7127.4,3,1445.6,13647.1,7442.7
"279",2588409856,138412032,5544345600,336,80863,7140.6,4.1,1620.8,13673.1,14300.1
"280",2588409856,138412032,5544345600,351,80848,3566.5,3,1672,6842.5,3566.6
"281",2588409856,138412032,5544345600,370,80829,9970.9,3,2493.2,14461.8,14418.8
"282",2588409856,138412032,5560598528,314,80886,7813.4,12,4025.9,16236.8,14093.6
"283",2588409856,138412032,5560598528,329,80871,3567.9,4,1556.9,6827.5,3574.8
"284",2588409856,138412032,5560598528,344,80855,7150.5,3,1630.4,13637.4,10073.7
"285",2588409856,138412032,5560598528,352,80848,7123.7,2,1402.9,13639.3,13622.5
"286",2588409856,138412032,5560598528,371,80829,4473,6,2076.3,7244.9,6828.4
"287",2588409856,138412032,5560598528,321,80878,7155.1,6.1,2976.8,15207.5,7345.5
"288",2588409856,138412032,5560598528,329,80870,7131.4,3,1681.8,13642.8,10385
"289",2588409856,138412032,5560598528,344,80855,3576.4,4,1511.4,6829.6,6824.2
"290",2588409856,138412032,5560598528,359,80840,7143.8,4,1427.9,13663.4,10070.5
"291",2588409856,138412032,5560598528,370,80829,9078,6.1,2778.9,14414.2,10190.4
"292",2596274176,132644864,5549064192,386,80813,7717.2,6,4355.1,12623,8304.9
"293",2596274176,132644864,5549064192,400,80799,7437.4,5,1954.4,13633.4,7109.9
"294",2596274176,132644864,5549064192,408,80791,7114.9,3,1437.6,13652.2,13636.3
"295",2596274176,132644864,5549064192,423,80776,3558,4,1488.2,6820.4,7134.8
"296",2596274176,132644864,5549064192,306,80894,7876.3,14.1,2425.3,14644.7,13634.6
"297",2596274176,132644864,5549064192,313,80886,7113.4,5.1,3012.4,14968.6,11536.9
"298",2596274176,132644864,5549064192,328,80871,3587.3,4,1451.4,7140.6,6809.9
"299",2596274176,132644864,5549064192,344,80856,7122,3,1626.5,13323.2,10047.5
"300",2596274176,132644864,5549064192,351,80848,7102.9,5,1635.6,13627,10045.4
"301",2596274176,132644864,5549064192,370,80829,7166.6,4,2801.8,8022.8,7031.6
"302",2596274176,132644864,5556928512,386,80814,7116.7,6.1,3667.6,16353.7,10467.4
"303",2596274176,132644864,5556928512,393,80806,7111.2,4,1526.3,13656.5,10698.7
"304",2596274176,132644864,5556928512,409,80791,3555.2,4,1621,13652,6822.6
"305",2596274176,132644864,5556928512,424,80775,7104.4,3,1425.2,6812.1,10039.3
"306",2596274176,132644864,5556928512,435,80764,7942.6,5,2157.5,14306.8,14226.6
"307",2588409856,134217728,5556928512,451,80749,3575.3,3,2569.9,14748,6999.3
"308",2588409856,134217728,5556928512,466,80733,7120.3,3,1490.5,6843.5,7434.7
"309",2588409856,134217728,5556928512,474,80726,7112.6,4,1584.4,13656.1,10048
"310",2588409856,134217728,5556928512,489,80711,3557.6,3,1551.2,13659.1,3234.5
"311",2588409856,134217728,5556928512,508,80692,10439.7,9.1,2850.3,7625.6,10511.6
"312",2588409856,134217728,5534908416,314,80885,10286.3,5.9,5180.9,18272.2,11794.2
"313",2588409856,134217728,5534908416,329,80870,3561.7,3,1566.9,13676.4,6513.9
"314",2588409856,134217728,5534908416,345,80855,7105.3,3,1532.5,6844.2,6779.4
"315",2588409856,134217728,5534908416,352,80847,7098.6,3,1429.7,13678.4,13654.1
"316",2588409856,134217728,5534908416,371,80828,4519,6.1,2509.8,14848.8,7147.7
"317",2588409856,134217728,5534908416,322,80878,7107.6,6.1,2516.3,7577.2,13832.6
"318",2588409856,134217728,5534908416,329,80870,7114.8,3,1507.3,13657.6,10698.3
"319",2588409856,134217728,5534908416,345,80855,3557,3,1606,13667.6,3880.3
"320",2588409856,134217728,5534908416,360,80839,7129.4,3,1450.3,6820.6,13647.1
"321",2588409856,134217728,5534908416,372,80828,8438.6,19,3088.4,14950.5,10336.5
"322",2575826944,140509184,5553782784,315,80885,5755.7,11.1,3334,15817.7,7051
"323",2575826944,140509184,5553782784,330,80869,7196.2,3,1755.1,6906.7,7516.4
"324",2575826944,140509184,5553782784,338,80862,7213.7,3,1581.7,13659.1,10421.5
"325",2575826944,140509184,5553782784,353,80846,3587.9,4,1417.8,13668.9,3603
"326",2575826944,140509184,5553782784,371,80828,8202.9,14.9,2734.3,7781,11087.4
"327",2575826944,140509184,5553782784,314,80885,7186.4,3,2629.6,14761.9,11218.2
"328",2575826944,140509184,5553782784,330,80870,3843.1,4,1589.8,13683.7,6834.5
"329",2575826944,140509184,5553782784,345,80855,7203.6,3,1591.3,6834.7,9773.5
"330",2575826944,140509184,5553782784,352,80847,7191.6,4,1710.4,13649.6,11069.6
"331",2575826944,140509184,5553782784,372,80828,7863.9,12,3165,14979.6,7144.3
"332",2575826944,140509184,5542248448,387,80812,9328,4,4346.4,11008.9,11371.9
"333",2575826944,140509184,5542248448,395,80804,7275,2,1594,13649.3,13308.6
"334",2575826944,140509184,5542248448,410,80789,3576.4,4,1658.4,13667.8,3578.5
"335",2575826944,140509184,5542248448,426,80774,7178.2,4,1480.3,6828.4,6818.7
"336",2575826944,140509184,5542248448,437,80770,8060.5,12,2807.6,15077.7,11163.9
"337",2574778368,137363456,5542248448,315,80884,3578.7,4,2368.1,14121.1,7505.3
"338",2574778368,137363456,5542248448,331,80869,7180.4,4,1556.4,6839.9,10089.3
"339",2574778368,137363456,5542248448,338,80861,7158.5,3,1422.6,13651.1,6845.8
"340",2574778368,137363456,5542248448,354,80846,-1,3,1719.7,13660.1,10400
"341",2574778368,137363456,5542248448,373,80826,3901.1,24.2,3315.9,8444.9,7596.8
"342",2574778368,137363456,5550112768,381,80819,10207.3,3,2920.9,15133,7532.3
"343",2574778368,137363456,5550112768,396,80803,7157.6,4,1360.5,13658.1,10404.8
"344",2574778368,137363456,5550112768,411,80788,3894.5,3,1367,6830,3564.4
"345",2574778368,137363456,5550112768,419,80781,6831.8,3.9,1516.4,13666,10406
"346",2574778368,137363456,5550112768,437,80762,7184.2,4.1,2719.5,14686.1,10817.8
"347",2574778368,137363456,5550112768,322,80877,8122.3,5,2616.1,7655.5,3655.6
"348",2574778368,137363456,5550112768,330,80869,3583,3,1514.3,13667.1,10736.7
"349",2574778368,137363456,5550112768,345,80854,7154.1,3,1494.5,13692.9,13351
"350",2574778368,137363456,5550112768,361,80839,7163.5,3,1364,6838,3576.6
"351",2574778368,137363456,5550112768,372,80827,3640.5,10,3463.9,15432.5,10889.6
"352",2574778368,137363456,5555879936,315,80884,13493,6,3934.2,17957.9,10546
"353",2574778368,137363456,5555879936,330,80869,7388.7,3.1,1489.2,6822.6,3263.3
"354",2574778368,137363456,5555879936,338,80861,3587.2,4,1399.8,13677.9,10412.3
"355",2574778368,137363456,5555879936,353,80846,7150.5,3,1508.5,13661.6,10083.7
"356",2563768320,150994944,5555879936,307,80892,7161.8,8,3050.4,8304.1,7396.2
"357",2563768320,150994944,5555879936,315,80884,4534.7,4,2074.7,14308.6,10950.5
"358",2563768320,150994944,5555879936,330,80869,7161.4,3,1532.3,13685.4,10408.7
"359",2563768320,150994944,5555879936,346,80854,7172.4,3,1539.9,6833.2,3586.9
"360",2563768320,150994944,5555879936,353,80846,3580.6,2,1466.7,13668.4,10085
"361",2563768320,150994944,5555879936,373,80827,7170.5,10.8,3450,15327.3,14277.8
"362",2563768320,150994944,5560598528,388,80811,10609.4,3,2871.7,8547,3900.7
"363",2563768320,150994944,5560598528,396,80804,3587,3,1548.4,13372,13687
"364",2563768320,150994944,5560598528,411,80788,7371.6,2,1524.6,13667.6,10402.7
"365",2563768320,150994944,5560598528,426,80773,7175.1,3,1543.1,7166,3584.7
"366",2563768320,150994944,5560598528,438,80762,3607.7,6.1,2733.5,14845.4,14465.4
"367",2563768320,150994944,5560598528,453,80746,7992.5,5,2114.7,14090.5,10705.3
"368",2563768320,150994944,5560598528,469,80731,7162.2,3,1585.2,13692.5,6845.9
"369",2563768320,150994944,5560598528,476,80723,3626.1,2,1617.9,6837.5,7171.1
"370",2563768320,150994944,5560598528,492,80708,7182.2,3,1539.4,13683.5,13671.5
"371",2563768320,148373504,5560598528,511,80688,7224.9,9,3947.3,15529.9,7129.4
"372",2563768320,148373504,5535432704,519,80681,7768.3,3,3238.9,10920.1,11020.6
"373",2563768320,148373504,5535432704,534,80665,8612.6,4,1599.1,13695.4,10756.9
"374",2563768320,148373504,5535432704,549,80650,7177.3,7,1829.8,13715.7,3573.7
"375",2563768320,148373504,5535432704,557,80642,3583.4,3,1361.9,6837,10086.9
"376",2563768320,148373504,5535432704,576,80623,7219.3,16,3041.6,15218.5,7222.8
"377",2563768320,148373504,5535432704,592,80608,8086.5,3,1846.7,13990.7,3381.4
"378",2563768320,148373504,5535432704,599,80600,3578.9,4,1541.4,6863.1,14347.1
"379",2563768320,148373504,5535432704,615,80585,7175,3,1427.5,13676.6,7161.8
"380",2563768320,148373504,5535432704,630,80569,7163.6,3,1462.8,13685.8,6511.6
"381",2563768320,148373504,5535432704,642,80558,3613,7.1,3726,8642.5,14250.2
"382",2563768320,148373504,5551161344,315,80884,10085.9,7.1,4168.8,16023.3,11025.9
"383",2563768320,148373504,5551161344,330,80869,7164.7,3,1615.9,13683.7,7165.1
"384",2563768320,148373504,5551161344,338,80861,3586.7,3,1420.8,6848.2,10414.3
"385",2563768320,148373504,5551161344,353,80846,7185.5,3,1430.8,13683.3,10420.9
"386",2563768320,148373504,5551161344,373,80827,7190.1,5.1,3339,15391.5,4223.3
"387",2552233984,150994944,5551161344,315,80884,4333.3,4,1899.9,7404.7,10867.4
"388",2552233984,150994944,5551161344,331,80869,7163.9,3,1505,13689.4,10421.3
"389",2552233984,150994944,5551161344,346,80854,7182.1,4,1508.2,13668.7,3903.3
"390",2552233984,150994944,5551161344,353,80846,3579.2,3,1557.2,6836.4,7138.7
"391",2552233984,150994944,5551161344,372,80827,7217.5,18.4,4222.7,15780.1,11132.2
"392",2552233984,150994944,5489295360,323,80876,11367.6,4.9,3364.4,17158.6,7466.6
"393",2552233984,150994944,5489295360,331,80869,5518.4,3,1535,6843.8,9758.4
"394",2552233984,150994944,5489295360,346,80853,7173.4,3,1449,13689.7,10741.6
"395",2552233984,150994944,5489295360,361,80838,7168.2,3,1549.2,13675.8,7163.6
"396",2552233984,150994944,5489295360,372,80827,3623.7,22.4,2761.8,8114.4,7579.3
"397",2552233984,150994944,5489295360,388,80811,7969.4,4,2081,14266.6,7839.4
"398",2552233984,150994944,5489295360,404,80796,7159.7,3,1618.2,13690.4,6515.3
"399",2552233984,150994944,5489295360,411,80788,3900.6,2,1473.4,6847.7,7149.5
"400",2552233984,150994944,5489295360,427,80773,7161.2,4,1722.7,13680,13995.1
"401",2552233984,150994944,5489295360,446,80753,7225.2,6,3755.7,15647.6,4245.4
"402",2544369664,159907840,5520228352,454,80746,6512,8.1,2524.2,8247.9,14110.2
"403",2544369664,159907840,5520228352,469,80730,7170.9,3,1466.2,13697.8,13682.4
"404",2544369664,159907840,5520228352,484,80715,7205.9,3,1444.6,13702.4,3258.3
"405",2544369664,159907840,5520228352,492,80707,3597.7,3,1683.1,6862.1,7169
"406",2544369664,159907840,5520228352,511,80688,7218.9,6.9,3315.9,15450,7291.4
"407",2544369664,159907840,5520228352,324,80876,8190.9,4,1989.1,13850.9,7259.7
"408",2544369664,159907840,5520228352,331,80868,3926.2,2,1527.5,6859.9,10109
"409",2544369664,159907840,5520228352,347,80853,6851.2,4,1638.2,13726.6,6837
"410",2544369664,159907840,5520228352,362,80838,7191.8,2,1738.5,13713.1,7821.2
"411",2544369664,159907840,5520228352,373,80826,3971.3,8,4202,8926.3,4798
"412",2544369664,159907840,5510266880,389,80811,12811.8,7.1,3553.4,18259,10852.2
"413",2544369664,159907840,5510266880,404,80795,7184,3,1553.1,13704.6,7473.4
"414",2544369664,159907840,5510266880,412,80788,7169.3,3,1428.7,6865.4,3581.7
"415",2544369664,159907840,5510266880,427,80773,3595.9,3,1505.9,13738.1,10112.8
"416",2552758272,153616384,5510266880,445,80754,7203.2,6,3190.6,15151.9,14370.8
"417",2552758272,153616384,5510266880,314,80885,8216.5,4,2209.3,7592.2,7406.1
"418",2552758272,153616384,5510266880,329,80870,3589,3,1439.5,13716.9,7484.8
"419",2552758272,153616384,5510266880,345,80855,7183.2,4,1604.1,13716.6,7172.3
"420",2552758272,153616384,5510266880,352,80847,7196.1,3,1530.2,6847.4,3586.8
"421",2552758272,153616384,5510266880,372,80828,3782.8,11.1,4463.1,16323.8,11038
"422",2552758272,153616384,5517606912,387,80813,10327.7,3,2006.8,14864.7,7956.9
"423",2552758272,153616384,5517606912,394,80805,7172.9,3,1642.9,6869.2,6863.6
"424",2552758272,153616384,5517606912,410,80790,3575.2,3,1613.2,13722.4,9793.1
"425",2552758272,153616384,5517606912,425,80775,7189.7,3,1651.1,13697.9,7160.3
"426",2552758272,153616384,5517606912,299,80901,7318.3,5,3724.7,8852.4,4374.1
"427",2552758272,153616384,5517606912,314,80886,4379.7,4,1600.2,13553.5,6897.3
"428",2552758272,153616384,5517606912,329,80870,7171.5,4,1440.9,13707.2,10432.5
"429",2552758272,153616384,5517606912,337,80863,7174.6,3,1458.3,7195.3,7185
"430",2552758272,153616384,5517606912,352,80848,3595.7,3,1581.2,13378.5,6847.7
"431",2552758272,153616384,5517606912,371,80828,7433,12,5373,17145.2,8526
"432",2544369664,156762112,5518655488,314,80886,13104.2,3,2335.3,12787.1,7151.2
"433",2544369664,156762112,5518655488,329,80870,3584.1,4,1652.9,9789.9,10086.9
"434",2544369664,156762112,5518655488,344,80855,7519.5,3,1470.3,13719.6,10752.6
"435",2544369664,156762112,5518655488,352,80848,7164.1,3,1437.7,13716.3,6524.9
"436",2544369664,156762112,5518655488,371,80829,3683.3,6,3388.2,8700.8,14888.3
"437",2544369664,156762112,5518655488,321,80878,8128.7,3,1537.9,13712.7,13728.8
"438",2544369664,156762112,5518655488,329,80870,7169.8,3,1311,13697.2,3904.3
"439",2544369664,156762112,5518655488,344,80855,3612.2,4,1574.5,6851.8,7157
"440",2544369664,156762112,5518655488,359,80840,7165.5,3,1382.7,13715.5,10757.8
"441",2544369664,156762112,5518655488,371,80828,7442.6,7,4924.1,16881.7,7346.2
"442",2544369664,156762112,5524422656,386,80813,6662.9,3,1478.9,7464.3,10535.8
"443",2544369664,156762112,5524422656,402,80798,7176.4,3,1343.5,13749.2,10440.9
"444",2544369664,156762112,5524422656,409,80790,7163.3,3,1575.5,13738,6863.9
"445",2544369664,156762112,5524422656,424,80775,3580.9,2,1632.9,6873.6,10099.3
"446",2544369664,156762112,5524422656,444,80756,7418.4,14.9,3102.8,15513.1,11842
"447",2544893952,159907840,5524422656,314,80885,7753.9,5,2007.5,14194.2,6607.9
"448",2544893952,159907840,5524422656,329,80870,3645.2,4,1528.1,6871.9,10118.3
"449",2544893952,159907840,5524422656,345,80855,7171.9,4,1591.2,13734.6,10769
"450",2544893952,159907840,5524422656,352,80847,7170.3,2,1441.5,13728.1,6859.5
"451",2544893952,159907840,5524422656,371,80828,3926.4,17.8,5406.4,9934,12047.6
"452",2544893952,159907840,5523374080,322,80877,13630.9,5,2388.5,16361.3,11258
"453",2544893952,159907840,5523374080,329,80871,7169.8,3,1458.2,13730.4,6863.6
"454",2544893952,159907840,5523374080,344,80855,3588.6,3,1400.4,6877.9,7163.4
"455",2544893952,159907840,5523374080,359,80840,7180.9,3,1650.3,13730.7,7172
"456",2544893952,159907840,5523374080,371,80829,7528.2,5.1,3365.6,15419.3,4060.1
"457",2544893952,159907840,5523374080,386,80813,4197.4,3,1518.1,6890.7,10177.3
"458",2544893952,159907840,5523374080,401,80798,7182,3,1610.3,13729.2,10449.1
"459",2544893952,159907840,5523374080,409,80790,7186.9,3,1511.4,13729.2,3914.3
"460",2544893952,159907840,5523374080,424,80775,3580.5,4,1337.8,6858.8,13706.5
"461",2544893952,159907840,5523374080,443,80756,7796.6,10.1,4887.5,16799.6,10962.7
"462",2544893952,158334976,5529665536,451,80748,10063.3,3,1395.7,13696.6,6856
"463",2544893952,158334976,5529665536,466,80733,3585.7,3,1415.2,6846.7,10090.6
"464",2544893952,158334976,5529665536,481,80718,7169.5,3,1629,13692.3,6507.9
"465",2544893952,158334976,5529665536,489,80710,7169.7,4,1536,13726.9,3577.4
"466",2544893952,158334976,5529665536,508,80691,4040.2,8.9,3984.5,8879.7,14347.7
"467",2544893952,158334976,5529665536,322,80878,7807.8,4,1718.7,13708.7,13370.4
"468",2544893952,158334976,5529665536,329,80870,7187.7,3,1348.1,13740.7,6865.3
"469",2544893952,158334976,5529665536,345,80855,3827.7,4,1483.3,6855.5,10436.1
"470",2544893952,158334976,5529665536,360,80840,7185.1,3,1554.3,13725.4,10124.3
"471",2544893952,158334976,5529665536,371,80828,7713.9,12,5993.2,17604.3,8159.9
"472",2544893952,158334976,5532811264,314,80886,9887.8,5,2142.4,9304.7,9903.1
"473",2544893952,158334976,5532811264,329,80871,7183.6,5,1550.2,13728,10442.3
"474",2544893952,158334976,5532811264,337,80863,7307,2,1610.2,13706.4,6848.6
"475",2544893952,158334976,5532811264,352,80848,3593.3,3,1519.3,6860,6848.4
"476",2544893952,158334976,5532811264,306,80893,7697.5,16,3436.2,15584.5,11067.9
"477",2543845376,159907840,5532811264,314,80886,7596.8,4,1581.1,14100.7,3914.2
"478",2543845376,159907840,5532811264,329,80870,3923.6,4,1669.7,6863.5,10114.5
"479",2543845376,159907840,5532811264,344,80855,6849.5,2,1663.8,13716.6,9785.5
"480",2543845376,159907840,5532811264,352,80848,7203.4,4,1655.1,13729.7,10123.9
"481",2543845376,159907840,5532811264,371,80828,4624.2,21,4975.8,10224.5,8344
"482",2543845376,159907840,5537005568,386,80813,9801,5,1536.4,13728.3,7504.4
"483",2543845376,159907840,5537005568,394,80805,7187.3,2,1593,13721,10440.4
"484",2543845376,159907840,5537005568,409,80790,7162.9,4,1574.3,6862,6854.5
"485",2543845376,159907840,5537005568,425,80775,3584.6,3,1614.9,13734.7,10438.2
"486",2543845376,159907840,5537005568,436,80764,7705,4,3407.4,15664,7619.5
"487",2543845376,159907840,5537005568,451,80748,7469.8,3,1544.2,6867.5,6859.9
"488",2543845376,159907840,5537005568,466,80733,3592.5,3,1522.4,13721.8,6848.4
"489",2543845376,159907840,5537005568,474,80725,7185.9,3,1571,13734.2,6845.7
"490",2543845376,159907840,5537005568,489,80710,7179,3,1389.6,6840.8,6828.6
"491",2550136832,147324928,5537005568,508,80691,4473.3,-1,-1,-1,11981.4
"492",2550136832,147324928,5525471232,314,80885,13010.2,11.1,5976.9,17558,7910.2
"493",2550136832,147324928,5525471232,330,80870,7179,2,1789.4,15752,6827
"494",2550136832,147324928,5525471232,345,80854,3593.8,4,1484.3,7162.7,7180
"495",2550136832,147324928,5525471232,353,80847,7179.7,3,1709,13344,10108.1
"496",2550136832,147324928,5525471232,372,80828,7821.7,3,1651.1,13712.5,7655
"497",2550136832,147324928,5525471232,322,80877,3964.4,5,3241.2,12181.3,14005.4
"498",2550136832,147324928,5525471232,330,80869,7196,3.1,1417.4,10095,13668.4
"499",2550136832,147324928,5525471232,345,80854,7217.4,4,1480.2,13676,3614.5
"500",2550136832,147324928,5525471232,360,80839,3605.2,3,1665.4,13649.5,10426.5
"501",2550136832,147324928,5525471232,371,80828,7859.9,5,1618.3,6888.5,10932.1
"502",2550136832,147324928,5536481280,315,80884,9647,15,4797.8,16525.9,3376.5
"503",2550136832,147324928,5536481280,330,80869,3835.6,3.1,1909.2,14950.9,10754.8
"504",2550136832,147324928,5536481280,338,80861,7190.3,4,1617.8,6837.7,7188.1
"505",2550136832,147324928,5536481280,353,80846,7204.3,3,1462.9,13659.8,6502.6
"506",2550136832,147324928,5536481280,373,80827,4237.9,7,1631.4,13752.9,8332.7
"507",2531786752,165675008,5536481280,315,80884,7411,13,3235.2,8557.2,10431.3
"508",2531786752,165675008,5536481280,331,80869,7217.2,4,1599,14055.8,6844.4
"509",2531786752,165675008,5536481280,346,80854,3595.1,4,1602.4,13680.6,10103.1
"510",2531786752,165675008,5536481280,353,80846,7195.5,3,1620.1,6841.9,10097.9
"511",2531786752,165675008,5536481280,373,80827,8278.3,5,1705.5,13748.6,8312.6
"512",2531786752,165675008,5525471232,323,80876,7950.7,13.4,5918.8,18003.2,10450
"513",2531786752,165675008,5525471232,331,80869,7874.2,3,1838.1,9024.1,10745.3
"514",2531786752,165675008,5525471232,346,80853,7176.1,4,1518.4,13668.7,3584.3
"515",2531786752,165675008,5525471232,361,80838,3603.5,3,1489.3,13650.9,7521.9
"516",2531786752,165675008,5525471232,373,80827,7981.8,3.1,1763.3,6893.4,10484.4
"517",2531786752,165675008,5525471232,316,80884,7394.2,7,3512.8,15392.9,6891.8
"518",2531786752,165675008,5525471232,331,80868,3588.7,3,1512.4,13680.2,7172.7
"519",2531786752,165675008,5525471232,339,80861,7174.5,3.1,1595.3,6833.2,13643.3
"520",2531786752,165675008,5525471232,354,80846,7166.5,2,1559.1,13666.2,7155.7
"521",2531786752,165675008,5525471232,373,80826,4245.1,6,1697.3,13712.6,10930.2
"522",2586836992,114294784,5532811264,380,80820,9566.6,18,4930.4,10589.1,7186.7
"523",2586836992,114294784,5532811264,395,80805,7184,4,1432.5,13660.4,3917.9
"524",2586836992,114294784,5532811264,410,80789,3595.7,3,1343,13659.8,6856.1
"525",2586836992,114294784,5532811264,418,80782,7193.7,2.9,1503.2,6834,10423.8
"526",2586836992,114294784,5532811264,437,80763,7958.8,4,1669.9,13770.5,7588.7
"527",2586836992,114294784,5532811264,322,80877,3786.6,11,3203.8,15376.6,10066.6
"528",2586836992,114294784,5532811264,330,80869,7189.9,2,1899.8,6914.3,10718.1
"529",2586836992,114294784,5532811264,345,80854,7192.2,4,1490.7,13624.8,6796.4
"530",2586836992,114294784,5532811264,360,80839,3589.2,3,1663.8,13607.8,13606.2
"531",2586836992,114294784,5532811264,372,80828,8164.7,17.2,1799,6898.7,14138.7
"532",2586836992,114294784,5532286976,388,80812,12451.4,6.9,5431.4,19281.2,3625.4
"533",2586836992,114294784,5532286976,403,80797,3593.4,3,1692.9,14147.5,13944.7
"534",2586836992,114294784,5532286976,410,80789,7183.9,8,1436.3,6817.1,10396.8
"535",2586836992,114294784,5532286976,426,80774,7198.5,3,1679.8,13628.2,3269
"536",2539126784,162004992,5532286976,445,80755,4277.5,4,1791.9,13703.4,10764.4
"537",2539126784,162004992,5532286976,453,80747,7409.5,4,3230.7,8359.4,10460.2
"538",2539126784,162004992,5532286976,468,80732,7464.4,3,1656.1,13980.4,6801.6
"539",2539126784,162004992,5532286976,483,80716,3603.5,4,1512.8,13628.4,13625.8
"540",2539126784,162004992,5532286976,491,80709,7183.5,3,1456.8,6824,10392.8
"541",2539126784,162004992,5532286976,510,80689,7867.6,6.1,1775,13686.6,4317.7
"542",2539126784,162004992,5539627008,331,80868,7217.9,4,2100,6917.7,10497.8
"543",2539126784,162004992,5539627008,346,80853,7196.9,3,1367.5,13612.1,7186.4
"544",2539126784,162004992,5539627008,361,80838,3591.3,2,1616.8,13629.7,6824.9
"545",2539126784,162004992,5539627008,373,80826,8021.6,16,1754.2,6901.9,10072.5
"546",2539126784,162004992,5539627008,316,80884,7284.7,7.1,3135.7,15316.2,10826.6
"547",2539126784,162004992,5539627008,331,80868,3782.4,2,1540.1,13643.5,9645.7
"548",2541223936,162004992,5539627008,339,80861,7004.9,3.9,1496.9,6796.7,11105.9
"549",2541223936,162004992,5539627008,354,80845,7196.9,2,1568.1,13625.8,6867.7
"550",2541223936,162004992,5539627008,373,80826,5297.5,4,2014.3,13802.3,13937.7
"551",2541223936,162004992,5544345600,316,80883,11499.3,11.1,5718.9,12263.1,4428.8
"552",2541223936,162004992,5544345600,332,80868,7188.3,3,1537.4,13594.6,9746
"553",2541223936,162004992,5544345600,347,80853,7192.7,3,1370.9,13624.6,10404.6
"554",2541223936,162004992,5544345600,355,80845,3590.7,4,1476.8,6815.5,3922.2
"555",2541223936,162004992,5544345600,373,80826,7979.6,4,1780.5,13742.7,10401.1
"556",2541223936,162004992,5544345600,323,80876,7331.9,6,3546,15588.2,14378.4
"557",2541223936,162004992,5544345600,331,80869,3593.8,4,1575.8,7145,3643.1
"558",2541223936,162004992,5544345600,346,80853,7192,3,1500.6,13304.3,10404.7
"559",2541223936,162004992,5544345600,361,80838,7178.2,3,1685.5,13612.8,7496.3
"560",2541223936,162004992,5544345600,373,80826,4685.8,3,2075.3,7346.9,6818.8
"561",2550661120,155713536,5462032384,388,80811,9431.5,8,4418.3,16099.5,14406.2
"562",2550661120,155713536,5462032384,404,80796,7194.7,3,1631.6,14104.7,7186.8
"563",2550661120,155713536,5462032384,411,80788,3593.5,2,1474.1,13648.7,6815.9
"564",2550661120,155713536,5462032384,427,80773,7187.8,4,1489.3,6827,10734.2
"565",2550661120,155713536,5462032384,446,80753,7929.6,14.1,1861.6,13802.4,13996.9
"566",2550661120,155713536,5462032384,316,80883,3629.4,5,3458.6,15273.3,4237.5
"567",2550661120,155713536,5462032384,331,80868,7188.2,3,1523,7171.8,13337.6
"568",2550661120,155713536,5462032384,347,80853,7188.5,2,1623.3,13658.4,11069.3
"569",2550661120,155713536,5462032384,354,80845,3598.9,2,1616.2,13640.7,6485.8
"570",2550661120,155713536,5462032384,374,80826,8884.6,11,2239.6,7110.8,7191.6
"571",2550661120,155713536,5540675584,324,80875,12280.8,9,5299.2,18890,10981.8
"572",2550661120,155713536,5540675584,332,80868,3912.6,3,1469,13648.2,3597.3
"573",2550661120,155713536,5540675584,347,80852,7186.4,3,1599.2,6819.3,13306.4
"574",2550661120,155713536,5540675584,362,80837,7188.4,3,1636.1,13642.1,7510.9
"575",2550661120,155713536,5540675584,374,80825,4457.7,3,2151.9,13995,6502.9
"576",2551185408,156762112,5540675584,316,80883,7202.5,6.1,2710,7979.8,10464
"577",2551185408,156762112,5540675584,332,80868,7225.5,3,1678.7,13621,7517.3
"578",2551185408,156762112,5540675584,339,80860,3590.7,4,1677.2,13670.2,6826.4
"579",2551185408,156762112,5540675584,355,80845,7182.1,3,1550,6823.7,13643.7
"580",2551185408,156762112,5537005568,374,80825,8010.7,22.4,2334.4,14138.1,9765.3
"581",2551185408,156762112,5537005568,317,80883,5791.2,9.9,4477.1,16237.1,7570.8
"582",2551185408,156762112,5537005568,332,80867,7143.5,3,1670.7,6829.8,10746.1
"583",2551185408,156762112,5537005568,347,80852,7138.9,4,1496.5,13652.7,9741.8
"584",2551185408,156762112,5537005568,355,80845,3568.1,3,1538.6,13649.9,6496.6
"585",2551185408,156762112,5537005568,374,80826,7891.2,5,1818.4,7060.6,10432.9
"586",2551185408,156762112,5537005568,324,80875,7276.6,3,2897.1,15195.2,14668.4
"587",2551185408,156762112,5537005568,332,80867,3568.1,3,1941.3,13755.7,6893.8
"588",2551185408,156762112,5537005568,347,80852,7142.3,3,1614.2,6828.9,10391.5
"589",2551185408,156762112,5537005568,363,80837,7141,3,1501.5,13634.4,7148.6
"590",2551185408,156762112,5537005568,373,80826,5070.4,8.8,2321.1,14026.7,7146.6
"591",2563244032,148373504,5548015616,389,80811,11701.5,20.4,5256.4,11805.2,8558.3
"592",2563244032,148373504,5548015616,404,80796,7119,3,1714.9,14124.4,13679.2
"593",2563244032,148373504,5548015616,411,80788,3575.2,3,1498.9,13656.6,7148.4
"594",2563244032,148373504,5548015616,427,80773,7142.6,3,1453.6,6825.2,9725.2
"595",2563244032,148373504,5548015616,446,80753,7962.4,6.1,2419.4,14229.8,7487.2
"596",2563244032,148373504,5548015616,316,80884,3570.4,4.1,3135.1,14824.8,4514.4
"597",2563244032,148373504,5548015616,331,80868,7126.8,4,1543.7,7183.6,10767.7
"598",2563244032,148373504,5548015616,346,80853,7119.4,3.1,1613.5,13643.2,10696.3
"599",2563244032,148373504,5548015616,354,80846,3561.9,4,1547.7,13656.3,3878.9
"600",2563244032,148373504,5545394176,373,80827,8101.3,4,1894.9,7071.5,10412.6
"601",2563244032,148373504,5545394176,389,80811,9453.7,7.9,4084.3,16375.7,11432.6
"602",2563244032,148373504,5545394176,396,80803,3567.8,2,1609,13717.5,6839.4
"603",2563244032,148373504,5545394176,412,80788,7144.7,3,1479.2,6824.1,7457.2
"604",2563244032,148373504,5545394176,427,80773,7141.5,2,1399.7,13656.9,6806
"605",2563244032,148373504,5545394176,439,80761,4464,6,2246.5,14259.6,6514.8
"606",2562195456,151519232,5545394176,316,80883,7130.6,5.1,2920.5,7920.8,7788.5
"607",2562195456,151519232,5545394176,331,80868,7366.5,3,1680.5,13656.5,7448
"608",2562195456,151519232,5545394176,339,80860,3560.8,3,1514,13664.3,7156.6
"609",2562195456,151519232,5545394176,354,80845,7143,3,1512.6,6828.5,6798.8
"610",2562195456,151519232,5554307072,373,80826,8910.5,22.2,2465.6,14410.3,14320.4
"611",2562195456,151519232,5554307072,381,80818,8076,7.8,5048.9,19250.1,4961.8
"612",2562195456,151519232,5554307072,397,80803,7270.4,3,1721.1,6829.2,6790.8
"613",2562195456,151519232,5554307072,412,80788,7128.2,3,1672,13673.5,13007.8
"614",2562195456,151519232,5554307072,420,80780,3568.9,4,1387,13682.7,4215.5
"615",2562195456,151519232,5554307072,439,80761,8064.1,4,2444.1,7534.5,6813.2
"616",2562195456,151519232,5554307072,454,80745,7155.3,11.1,2654.1,14719.1,11089.1
"617",2562195456,151519232,5554307072,462,80738,3570.5,3,1681.6,13667.9,10793.1
"618",2562195456,151519232,5554307072,476,80724,7146.4,4,1714.5,6838.8,3822.1
"619",2562195456,151519232,5554307072,490,80709,7138.7,3,1571.1,13679.1,10398.1
"620",2562195456,151519232,5552734208,501,80698,8160.2,4,2706.5,14505.2,13694.6
"621",2568486912,146276352,5552734208,516,80683,5812.9,5.9,3770.2,10183.6,4115.7
"622",2568486912,146276352,5552734208,531,80668,7140.6,4,1373.8,13876.9,13674.5
"623",2568486912,146276352,5552734208,539,80661,7130.4,3,1691.1,13684.1,10732.9
"624",2568486912,146276352,5552734208,554,80646,3581.2,2,1624.3,7178.4,6841.6
"625",2568486912,146276352,5552734208,572,80627,7994.7,4,2657.8,14387.8,9755.1
"626",2568486912,146276352,5552734208,580,80620,7150.5,3,2468.1,14646.8,11600.4
"627",2568486912,146276352,5552734208,595,80605,3579.8,4,1586.8,14016.8,3571.8
"628",2568486912,146276352,5552734208,610,80590,7143,3,1789.6,6835.6,10071.8
"629",2568486912,146276352,5552734208,617,80582,7145.2,5,1521.3,13685.3,13673.8
"630",2568486912,146276352,5481431040,632,80567,5225.6,7,2191.3,14116.1,3302.4
"631",2568486912,146276352,5481431040,651,80548,9459.3,5.1,4339.1,11003.1,8299.7
"632",2568486912,146276352,5481431040,326,80873,9322.1,4,2804.4,14982.5,7526.8
"633",2568486912,146276352,5481431040,341,80858,3554.6,3,1583.2,13694.9,6514.7
"634",2568486912,146276352,5481431040,357,80843,7146.6,2,1463.6,6840.1,10726.9
"635",2567962624,148373504,5481431040,320,80892,8310.8,6.1,2497.6,14615.9,10224.1
"636",2567962624,148373504,5481431040,311,80889,3570.9,2,2789.5,14484.5,7255.3
"637",2567962624,148373504,5481431040,326,80873,7120.4,4,1434.7,6846.3,13358.3
"638",2567962624,148373504,5481431040,334,80866,7147.7,3,1621.3,13711.8,9762
"639",2567962624,148373504,5481431040,349,80850,3574,3,1551.8,13690.5,3894.5
"640",2567962624,148373504,5517082624,368,80832,8495,8.2,2711.8,7906,6838.9
"641",2567962624,148373504,5517082624,312,80887,9537.5,4,3953,15955,11005.9
"642",2567962624,148373504,5517082624,327,80872,3775,3,1562.7,13711.2,3572.2
"643",2567962624,148373504,5517082624,343,80857,7129.4,2,1453.8,6852.6,7130.4
"644",2567962624,148373504,5517082624,350,80849,7123.2,3,1608.1,13705.9,13685.9
"645",2567962624,148373504,5517082624,369,80831,4479.1,4,2663.7,14761.6,6982
"646",2567962624,148373504,5517082624,322,80878,7186.3,3,2732,7999.4,7595.4
"647",2567962624,148373504,5517082624,329,80870,7173,3,1643.2,13691.7,10406.8
"648",2567962624,148373504,5517082624,345,80855,3576.3,3,1539.5,13696.7,7165.1
"649",2567962624,148373504,5517082624,360,80839,7141.5,4,1595.1,6829.5,6804.5
"650",2567962624,148373504,5502926848,371,80828,9285.8,13,2929.1,14651.7,10541.8
"651",2569011200,146800640,5502926848,315,80885,7441.3,6,4986.3,18760.6,4677.8
"652",2569011200,146800640,5502926848,330,80869,7149.1,3,1474.5,7381.6,10087.1
"653",2569011200,146800640,5502926848,338,80862,7135.6,3,1421.1,13701.5,14015.8
"654",2569011200,146800640,5502926848,353,80846,3573.6,4,1445.8,13693.1,3890.5
"655",2569011200,146800640,5502926848,372,80828,8086.9,6,2547.1,8143.1,7975.8
"656",2569011200,146800640,5502926848,315,80884,7215.9,3,2448.1,14300.8,11754.9
"657",2569011200,146800640,5502926848,330,80869,3583.9,3,1357.2,14051.3,6840
"658",2569011200,146800640,5502926848,345,80854,7166.5,3.9,1589.9,6854.1,7476.3
"659",2569011200,146800640,5502926848,353,80846,7147.5,3,1620.7,13697.4,9771.6
"660",2569011200,146800640,5511839744,372,80827,6532.4,18.2,3063.3,14930.5,7305.5
"661",2569011200,146800640,5511839744,323,80876,7494.2,4,3255.8,9310.4,10552.4
"662",2569011200,146800640,5511839744,331,80869,7155.9,4,1417.8,13710.6,7155.7
"663",2569011200,146800640,5511839744,346,80854,3585.6,5,1595.3,13695.9,6518
"664",2569011200,146800640,5511839744,361,80838,7152.4,2,1564.2,6852.6,10097.4
"665",2613575680,103809024,5511839744,372,80827,8034,12.2,2714.2,14610.6,10695.5
"666",2613575680,103809024,5511839744,316,80884,3603.8,4,2699.2,14616,7335.8
"667",2613575680,103809024,5511839744,331,80869,7163.2,4,1557.6,6847.6,10104.9
"668",2613575680,103809024,5511839744,339,80861,7144.9,3,1648.4,13733.2,10434.6
"669",2613575680,103809024,5518131200,354,80846,3579.8,2,1348.7,13735.6,6533.3
"670",2613575680,103809024,5518131200,373,80826,11286.1,20.2,3597,8541.7,11145
"671",2613575680,103809024,5518131200,316,80883,9673.5,6.1,3878.4,17728.6,14866
"672",2613575680,103809024,5518131200,331,80868,3585.9,3,1511.9,13715.3,6858.1
"673",2613575680,103809024,5518131200,347,80853,7162.1,3,1742.7,6856.4,6838.1
"674",2613575680,103809024,5518131200,354,80845,7166.5,2,1557.5,13723.3,10762
"675",2613575680,103809024,5518131200,373,80826,4634.8,8,2789.6,15049,7546.4
"676",2613575680,103809024,5518131200,324,80876,7165.4,4.9,2400.8,7468.2,10972.7
"677",2613575680,103809024,5523898368,331,80868,7538.1,3,1515,13731.2,13383.2
"678",2613575680,103809024,5523898368,347,80853,3586.2,9.1,1372.7,13718,6854.7
"679",2613575680,103809024,5523898368,362,80837,7155.3,3,1510.7,6872.1,13712.2
"680",2571108352,145752064,5523898368,374,80826,10347.8,11.9,3447,15418.9,11177
"681",2571108352,145752064,5523898368,389,80810,3581.8,12.1,3304.3,15183.8,7291.1
"682",2571108352,145752064,5523898368,404,80795,7168.6,3,1497.2,7301.4,9786.4
"683",2571108352,145752064,5523898368,412,80788,-1,2,1421.3,13730.6,13713.5
"684",2571108352,145752064,5523898368,427,80772,7143.6,9.9,1503.5,13718.4,13321.7
"685",2571108352,145752064,5523898368,445,80754,3907.6,7.1,2994.5,8199.6,4562.7
"686",2571108352,145752064,5530714112,453,80746,7570.5,4,2047.9,14259.4,10589.6
"687",2571108352,145752064,5530714112,468,80731,7139.2,5,1650.1,14058.2,14016.5
"688",2571108352,145752064,5530714112,484,80716,3900.2,10,1626.9,7179.3,6847
"689",2571108352,145752064,5530714112,491,80708,6833.5,2,1505.7,13396.1,10748.8
"690",2571108352,145752064,5530714112,510,80689,7163,10,3826.4,15542.8,10765.9
"691",2571108352,145752064,5530714112,323,80876,11475.7,16,4160.1,10991.1,7545.8
"692",2571108352,145752064,5530714112,331,80868,5446.1,3,1606.2,13375.8,10748.8
"693",2571108352,145752064,5530714112,346,80853,7162,2,1531.4,13706.8,7805
"694",2571108352,145752064,5530714112,362,80838,7165.3,10,1597.5,13716.1,3584.6
"695",2580545536,132644864,5530714112,301,80899,3588.5,14.9,3147.4,8412.9,13977.9
"696",2580545536,132644864,5449973760,316,80884,8247.8,3.1,1927.7,13896.2,10977
"697",2580545536,132644864,5449973760,331,80868,7157.7,9,1589.1,13700.2,3580.1
"698",2580545536,132644864,5449973760,339,80861,3589,3,1474.7,6848.4,6515.9
"699",2580545536,132644864,5449973760,354,80845,7181.7,3,1744.3,13506.8,6844.2
"700",2580545536,132644864,5449973760,374,80826,7195.9,14,3971.5,15262.2,3828.9
"701",2580545536,132644864,5449973760,316,80883,6872.2,3,2425,7854.8,7706.7
"702",2580545536,132644864,5449973760,332,80868,7166.4,3,1622.8,13358.9,10258.1
"703",2580545536,132644864,5449973760,347,80853,7159,4,1494.6,13404.3,6689
"704",2580545536,132644864,5449973760,354,80845,3578.1,3,1711.1,6743.7,9959.5
"705",2580545536,132644864,5449973760,373,80826,7199.7,17.2,3128.9,15191.1,14023
"706",2580545536,132644864,5536481280,324,80875,8050.6,4,2094.4,13751.8,3929.5
"707",2580545536,132644864,5536481280,332,80868,3594.5,2,1486.4,6748.7,7501.6
"708",2580545536,132644864,5536481280,347,80852,7179.5,3,1738.1,13491,7498.6
"709",2580545536,132644864,5536481280,362,80837,7172.4,3,1481.5,13484.9,3256.8
"710",2580545536,132644864,5536481280,374,80826,3629,25.5,4425.8,8737.4,8346.8
"711",2562195456,149946368,5536481280,317,80883,13382.7,5.1,3198.8,17032.8,11695.4
"712",2562195456,149946368,5536481280,332,80868,7255.4,3,1497.7,14149.3,6506.4
"713",2562195456,149946368,5536481280,340,80860,3918.9,3,1457.6,6848.1,7174.7
"714",2562195456,149946368,5536481280,355,80845,7171.5,3,1485.8,13707.7,13691
"715",2562195456,149946368,5531762688,374,80825,7200.4,12.1,3192.7,15280.5,7060.1
"716",2562195456,149946368,5531762688,315,80884,4357.1,3,2093.2,7029.3,7048.3
"717",2562195456,149946368,5531762688,331,80869,7178.6,3,1620,14046.7,7493.5
"718",2562195456,149946368,5531762688,346,80853,7192.7,4,1643.1,13688.8,7160.3
"719",2562195456,149946368,5531762688,354,80846,3588.1,3,1537.9,6842.8,14000.9
"720",2562195456,149946368,5531762688,372,80827,7178.8,20.2,4099.3,15547.4,10482.6
"721",2562195456,149946368,5531762688,323,80876,10413.6,4,2553.8,15093.5,6956.3
"722",2562195456,149946368,5531762688,331,80869,3583.8,2,1433.9,6836.3,10764.8
"723",2562195456,149946368,5531762688,346,80853,7187.8,3,1438.3,13679.4,13994.6
"724",2562195456,149946368,5531762688,361,80838,7194.7,3,1425.7,13688.4,3930.6
"725",2609905664,104333312,5541199872,373,80827,3611.9,9,3147.3,8424.3,11307.7
"726",2609905664,104333312,5541199872,315,80884,7999.2,4,1959.2,13780.5,10941.5
"727",2609905664,104333312,5541199872,331,80869,7182,3,1619.4,13707.3,6853.4
"728",2609905664,104333312,5541199872,338,80861,3595.9,3,1606,6838.9,10771.7
"729",2609905664,104333312,5541199872,354,80846,7208.2,4,1550.4,13685.3,6862.4
"730",2609905664,104333312,5541199872,373,80826,7237.2,9.2,4919.3,16150.1,4264
"731",2609905664,104333312,5541199872,381,80819,9959.2,3.9,2534.7,10535.5,14107
"732",2609905664,104333312,5541199872,396,80803,7183.3,3,1471.7,13678,13987.6
"733",2609905664,104333312,5541199872,411,80788,7183.3,3,1522.5,13688.7,7164.1
"734",2609905664,104333312,5541199872,419,80780,3592,3,1366.7,6837.8,10430
"735",2609905664,104333312,5537005568,438,80761,7217.1,7.1,3404.1,15406.2,14093.9
"736",2609905664,104333312,5537005568,323,80876,8002.2,3,1812.8,13447.3,6547.6
"737",2609905664,104333312,5537005568,331,80868,3599.1,3,1631.6,6684.3,6860.3
"738",2609905664,104333312,5537005568,346,80853,7195.8,3,1527.4,13341,9616.9
"739",2567962624,148897792,5537005568,362,80838,7173.2,2,1500.5,13372,6656.4
"740",2567962624,148897792,5537005568,373,80826,3623,10,4121.3,8701.7,10686.1
"741",2567962624,148897792,5537005568,316,80883,10606.9,4,2791.4,14946.2,13675.3
"742",2567962624,148897792,5537005568,331,80869,7172.1,4,1630,13988.1,3583.5
"743",2567962624,148897792,5537005568,338,80861,3592.6,2,1561.6,6747.5,7502.8
"744",2567962624,148897792,5537005568,354,80846,7178.8,3,1550.7,13471.5,6840.9
"745",2567962624,148897792,5551161344,373,80826,7207.5,5.9,2812.4,15007.8,7358.6
"746",2567962624,148897792,5551161344,381,80819,4427.9,3,1904,6933.8,6877.7
"747",2567962624,148897792,5551161344,396,80803,7208.6,3,1500.8,13974.2,13956.2
"748",2567962624,148897792,5551161344,411,80788,7405.6,3,1442.7,13646,3910.8
"749",2567962624,148897792,5551161344,419,80780,3589.9,2,1448.7,6830.1,6527.1
"750",2567962624,148897792,5551161344,437,80762,7235,22,5005.5,16306,11052.1
"751",2568486912,146276352,5550112768,324,80876,11390.3,3,3058.4,16845.7,4971.9
"752",2568486912,146276352,5550112768,331,80868,6207.4,3,1458.1,6822.5,6400.9
"753",2568486912,146276352,5550112768,347,80853,6977.6,4,1511.3,13674.6,7508.9
"754",2568486912,146276352,5550112768,362,80837,7191.1,3,1628.9,13685.5,6860.8
"755",2568486912,146276352,5550112768,374,80826,3952.6,3,2872.4,8502.6,7795.7
"756",2568486912,146276352,5550112768,316,80883,7863,3,2181.5,13489.3,14055.1
"757",2568486912,146276352,5550112768,332,80868,7230.1,3,1675.7,13658.4,10418.5
"758",2568486912,146276352,5550112768,339,80860,7175.3,3,1472.9,7155,6493.6
"759",2568486912,146276352,5550112768,355,80845,3590,4,1676.9,13332.9,10741.7
"760",2568486912,146276352,5550112768,374,80825,7232.1,12,4995.1,16602,8152.2
"761",2568486912,146276352,5551161344,382,80818,10463.5,4,1611.3,13716.5,6933.2
"762",2568486912,146276352,5551161344,397,80802,3590.9,3,1488.8,6832.3,10407.5
"763",2568486912,146276352,5551161344,412,80787,7198.4,5.1,1615,13666.3,11081.5
"764",2568486912,146276352,5551161344,420,80779,7184.9,3,1438.7,13682.2,6832.7
"765",2568486912,146276352,5551161344,439,80760,3630.3,6.1,3527.6,8686.8,8627.7
"766",2570584064,146276352,5551161344,324,80875,8061.7,2,1567.7,13712,6962.6
"767",2570584064,146276352,5551161344,332,80867,7183.3,4,1414.6,13699.3,6518.4
"768",2570584064,146276352,5551161344,347,80852,3585.4,2,1333.8,6842.4,13993.6
"769",2570584064,146276352,5551161344,363,80837,7190.9,3,1647.1,13689.2,7511.5
"770",2570584064,146276352,5551161344,373,80826,7302.2,16,5158.7,16055.2,7366.4
"771",2570584064,146276352,5480382464,389,80810,9858.1,2,2572.2,9918.8,10666.7
"772",2570584064,146276352,5480382464,405,80795,7197.2,3,1522.8,14193.8,7510.3
"773",2570584064,146276352,5480382464,412,80787,7186.1,3,1576.2,13666.4,3261.3
"774",2570584064,146276352,5480382464,427,80772,3581.5,3,1672.9,6844.8,10417.9
"775",2570584064,146276352,5480382464,446,80753,7369,6,3553.8,15459.6,11585.6
"776",2570584064,146276352,5480382464,316,80883,7962.1,3,1513.3,13697.1,3620.2
"777",2570584064,146276352,5480382464,331,80868,3592.6,2,1507.2,7189.4,10766.8
"778",2570584064,146276352,5480382464,346,80853,7192.8,4,1569.8,13689.5,9785.8
"779",2570584064,146276352,5480382464,354,80846,7187.9,3,1423.9,13698.5,3594.6
"780",2570584064,146276352,5552734208,370,80829,3679.7,21,4447.1,8833.6,11329.5
"781",2571632640,146276352,5552734208,322,80878,10268.4,3,2462.5,14980.9,10726.1
"782",2571632640,146276352,5552734208,329,80870,7183.7,3,1522.2,13691.3,3587.5
"783",2571632640,146276352,5552734208,344,80855,3833.5,3.9,1591.2,6844.7,7189.4
"784",2571632640,146276352,5552734208,359,80840,7193.1,3,1482.7,13679.1,9783.8
"785",2571632640,146276352,5552734208,370,80829,7277.2,14.9,3738.5,15394.2,4496.9
"786",2571632640,146276352,5552734208,313,80886,4766.4,3,1323.5,6844.3,13750.6
"787",2571632640,146276352,5552734208,328,80871,7172.9,3,1560.4,13684.1,10418.4
"788",2571632640,146276352,5552734208,335,80864,7210.1,2,1618,13677.8,3580.6
"789",2571632640,146276352,5552734208,350,80849,3591.4,3,1632.1,6845.9,7503
"790",2571632640,146276352,5548015616,369,80831,7499,15.2,5339.8,17211.4,11227
"791",2571632640,146276352,5548015616,312,80888,13141.3,3,1909.5,15638.5,3710.1
"792",2571632640,146276352,5548015616,327,80873,3498.3,2,1538,6848,14002.2
"793",2571632640,146276352,5548015616,342,80858,6831.2,3,1560.4,13682.1,9942.2
"794",2571632640,146276352,5548015616,349,80850,6844.1,3,1566.6,13689,6830.5
"795",2571632640,146276352,5548015616,368,80831,3681.3,8,3253.1,8847.1,11104.8
"796",2572681216,145227776,5548015616,319,80880,7445.4,5,1638.8,13764.8,14024.6
"797",2572681216,145227776,5548015616,327,80872,6937.9,3,1501.5,13671.1,3814.2
"798",2572681216,145227776,5548015616,342,80857,3500.1,3,1449,6833,6330.1
"799",2572681216,145227776,5548015616,358,80842,6949.8,3,1663.9,13684.1,13674.9
"800",2572681216,145227776,5557452800,369,80830,7291,11,4685.8,16893.5,8137.2
"801",2572681216,145227776,5557452800,385,80815,6519.6,3,1341.1,6845.2,10686
"802",2572681216,145227776,5557452800,400,80799,6977.4,3,1751.3,14185.2,7285.3
"803",2572681216,145227776,5557452800,408,80792,6964.7,3,1690.1,13702.8,3481.3
"804",2572681216,145227776,5557452800,423,80777,3553,2,1603.8,6843.7,13680
"805",2572681216,145227776,5557452800,442,80757,7521.8,11,3587.7,15479.4,8315.8
"806",2572681216,145227776,5557452800,314,80886,7654,4,1963,13810.8,6841.1
"807",2572681216,145227776,5557452800,329,80870,3583.2,3,1695.5,7252.3,14336.2
"808",2572681216,145227776,5557452800,344,80855,7159,4,1628.3,13699.5,10421.9
"809",2572681216,145227776,5557452800,352,80847,7152,3,1635.6,13695.3,3254.3
"810",2572681216,145227776,5554831360,370,80830,3789.7,11.2,5547.5,11762.3,8131.8
"811",2574778368,145227776,5554831360,323,80876,13204.5,4,2147,15555.2,10764.4
"812",2574778368,145227776,5554831360,331,80869,7141,3,1584.8,13690.1,6521.9
"813",2574778368,145227776,5554831360,346,80853,3586.1,4,1380.8,6848.8,6836.5
"814",2574778368,145227776,5554831360,360,80839,7164.6,4,1891,13685.2,10406.8
"815",2574778368,145227776,5554831360,372,80828,7695.8,5,3589.4,15491,7616.6
"816",2574778368,145227776,5554831360,316,80884,4145.6,3,1527.3,6844,7278
"817",2574778368,145227776,5554831360,331,80868,7156.4,3,1586.6,13688.5,7158.1
"818",2574778368,145227776,5554831360,339,80861,7469.1,3,1446.4,13684.6,6512.9
"819",2574778368,145227776,5554831360,354,80845,3576.2,3,1440.5,6860,6495.1
"820",2574778368,145227776,5561647104,373,80826,7707,11.1,4371.4,15697.9,11245.1
"821",2574778368,145227776,5561647104,316,80883,10225,-1,-1,-1,10508.2
"822",2574778368,145227776,5561647104,331,80868,3910.1,5,2148.8,14977.3,6845.9
"823",2574778368,145227776,5561647104,347,80853,6874.1,5,1423.2,7180.1,10104.7
"824",2574778368,145227776,5561647104,354,80845,7157.7,4,1306.9,13366.9,10748.9
"825",2574778368,145227776,5561647104,374,80826,4438.6,3,1400,13716.4,4508.6
"826",2577924096,143130624,5561647104,324,80875,7395.9,7,3578,9138,13695.8
"827",2577924096,143130624,5561647104,332,80868,7165.3,3,1630.4,13374.8,6833.6
"828",2577924096,143130624,5561647104,347,80852,7161.9,4,1568.8,13698.2,3577
"829",2577924096,143130624,5561647104,362,80837,3575.9,2,1425.1,13710.1,10426.7
"830",2577924096,143130624,5558501376,373,80826,7681,4,1727,6914.5,8153.3
"831",2577924096,143130624,5558501376,389,80810,13014.9,19,5459.6,19405.9,7225.4
"832",2577924096,143130624,5558501376,405,80795,3578.5,3,1623.3,14503.8,10756.3
"833",2577924096,143130624,5558501376,412,80787,7169,3,1344.9,6852.8,10106.8
"834",2577924096,143130624,5558501376,427,80772,7155.2,4,1565.7,13701.3,3243.5
"835",2577924096,143130624,5558501376,446,80753,4198.7,3,1715.6,13731.9,14148.8
"836",2577924096,143130624,5558501376,317,80883,7540.5,5.9,3231.9,8712,7228.2
"837",2577924096,143130624,5558501376,332,80867,7185.1,4,1969.4,14098.6,3916.4
"838",2577924096,143130624,5558501376,347,80852,3593.6,2,1406.8,13700.2,10440
"839",2577924096,143130624,5558501376,355,80845,7184.9,3,1542.4,6850.3,10425.2
"840",2577924096,143130624,5568462848,372,80827,7386.4,4,1550,13762,7154.7
"841",2580021248,142082048,5568462848,324,80875,4508.8,7.1,4289.1,15874.4,11007.1
"842",2580021248,142082048,5568462848,332,80867,9341.3,3,2203.4,8081.9,13363.4
"843",2580021248,142082048,5568462848,347,80852,7164.1,2,1397.7,13699.3,3581.8
"844",2580021248,142082048,5568462848,362,80837,3585.7,3,1388.1,13698.9,13686.4
"845",2580021248,142082048,5568462848,373,80826,7801,3,1615.2,6937.3,7917.6
"846",2580021248,142082048,5568462848,388,80811,7410.4,7.1,3467.3,15388.3,3264
"847",2580021248,142082048,5568462848,403,80796,3592.8,4,1603.8,13693.2,13688.7
"848",2580021248,142082048,5568462848,411,80789,7162.5,3,1537.6,6854.5,14009.4
"849",2580021248,142082048,5568462848,426,80773,7172.6,3,1525.4,13689.7,6842.4
"850",2580021248,142082048,5566365696,445,80754,4369.1,3.1,1565.2,13770.4,14971.3
"851",2580021248,142082048,5566365696,315,80884,12380,9.9,5919.4,12909.6,10394
"852",2580021248,142082048,5566365696,330,80869,7156.2,2,1476.7,13612.9,7113.5
"853",2580021248,142082048,5566365696,346,80854,3930.7,3,1679.6,13593.5,7474.6
"854",2580021248,142082048,5566365696,353,80846,7157.4,3,1660.5,6794.5,12928.8
"855",2580021248,142082048,5566365696,372,80827,7657.7,3,1559.8,13643.8,7956.8
"856",2583691264,139984896,5566365696,323,80876,3892.1,5.1,3289.5,15503.2,7158.5
"857",2583691264,139984896,5566365696,331,80869,7171.7,3,1473,6818,10392.9
"858",2583691264,139984896,5566365696,346,80854,7209,4,1615.6,13611.3,6445.6
"859",2583691264,139984896,5566365696,361,80838,3582.7,3,1652.8,13569,13917.4
"860",2583691264,139984896,5574230016,373,80827,7775.1,3,1796.3,6857.3,7957
"861",2583691264,139984896,5574230016,388,80811,9352.8,15.2,4596.3,17049.6,3586
"862",2583691264,139984896,5574230016,403,80796,3594.4,3,1369.7,14098.8,13219.5
"863",2583691264,139984896,5574230016,411,80788,7184.3,3,1527.5,6786.2,10387.2
"864",2583691264,139984896,5574230016,426,80773,7178.6,2,1633,13594.8,3909.4
"865",2583691264,139984896,5574230016,445,80754,4317.7,5,1769.6,13695.1,14990.6
"866",2583691264,139984896,5574230016,316,80884,7383.9,5.1,3621.9,8477.8,7223.9
"867",2583691264,139984896,5574230016,331,80868,7185.1,4,1531.6,13953.2,3916.3
"868",2583691264,139984896,5574230016,346,80853,3591.1,4,1666,13582.1,10335.2
"869",2583691264,139984896,5574230016,354,80846,7173.6,2,1397.5,6756.1,13793.4
"870",2583691264,139984896,5575278592,371,80829,7682.3,3,1895.5,13559.3,4534
"871",2586312704,139460608,5575278592,389,80811,9219.6,13.1,5316.8,18471.7,10408.5
"872",2586312704,139460608,5575278592,396,80803,7167.5,3,2100.4,7718.2,12857.5
"873",2586312704,139460608,5575278592,411,80788,7174.5,3,1662.5,13524.1,6754.1
"874",2586312704,139460608,5575278592,427,80773,3594.5,4,1466.7,13520,6512.6
"875",2586312704,139460608,5575278592,438,80761,7964.8,2,1804.4,6872.6,10589.9
"876",2586312704,139460608,5575278592,316,80883,7309.1,8.9,3495,15417.3,3263.1
"877",2586312704,139460608,5575278592,331,80868,3586,3,1746.8,13697.2,13369.3
"878",2586312704,139460608,5575278592,339,80860,7183.4,3,1572.1,6859.5,10428.2
"879",2586312704,139460608,5575278592,354,80845,7177.5,2,1496.5,13693.2,3584.8
"880",2586312704,139460608,5578424320,372,80827,4630,4,1884,13884.7,8734.7
"881",2586312704,139460608,5578424320,315,80884,9482.5,7.1,4473.3,10135.2,10423.5
"882",2586312704,139460608,5578424320,331,80869,7164.5,4,1625.7,13772.2,6851.2
"883",2586312704,139460608,5578424320,354,80846,7162.8,3,1600.9,6853.2,13374.1
"884",2586312704,137363456,5578424320,372,80827,7846.3,7.1,1811.8,13805.2,13367.1
"885",2586312704,137363456,5578424320,323,80876,3782.5,5.1,3241.5,15541.2,4669.7
"886",2586312704,137363456,5578424320,331,80869,7168.6,4,1670.8,7178.1,9777.3
"887",2586312704,137363456,5578424320,346,80853,7411.1,2,1679.6,13304.2,7493.1
"888",2586312704,137363456,5578424320,361,80838,3587.5,4,1546.4,13612.4,8591
"889",2586312704,137363456,5577900032,373,80827,8315.9,11,1946.4,7245.5,11817.3
"890",2586312704,137363456,5577900032,388,80811,12223.5,7.1,5572.6,19633.5,15408.5
"891",2586312704,137363456,5577900032,404,80796,3907.4,4,1551.3,14074.8,10360.2
"892",2586312704,137363456,5577900032,411,80788,6939.1,3,1387,13584.4,6784.8
"893",2586312704,137363456,5577900032,427,80773,7172.8,3,1563.7,6794.6,7162.9
"894",2586312704,137363456,5577900032,446,80754,4795.3,4,1860.2,13651.7,7219.9
"895",2586312704,137363456,5577900032,316,80883,6967.7,6.1,3340.6,15189.8,7218
"896",2586312704,137363456,5577900032,331,80868,7159.2,3,1437.7,7163.3,13922.4
"897",2586312704,137363456,5577900032,347,80853,7168.9,3,1534.7,13603.7,13256.4
"898",2586312704,137363456,5577900032,354,80845,3594.2,3,1585.6,13601.9,3579.4
"899",2582642688,139460608,5582094336,371,80829,7483.4,10,1772.4,6899.8,10048.4
"900",2582642688,139460608,5582094336,389,80811,8015.6,5,3655.1,15500.6,11093
"901",2582642688,139460608,5582094336,332,80868,5798.8,3,2531.8,14799.8,3478.5
"902",2582642688,139460608,5582094336,347,80853,7172.4,3,1722.1,6812.5,9713.2
"903",2582642688,139460608,5582094336,362,80837,7166.8,3,1536.1,13597.2,7155.7
"904",2582642688,139460608,5582094336,374,80826,4368.3,4,1819.8,13695.1,3589.7
"905",2582642688,139460608,5582094336,316,80883,7236.5,11.9,3246.7,8319.7,7224
"906",2582642688,139460608,5582094336,331,80868,7167.3,3,1689.4,13491,13478.4
"907",2582642688,139460608,5582094336,339,80860,3582.9,2,1511.9,13489.5,6734.2
"908",2582642688,139460608,5582094336,354,80845,7164.8,2,1524.9,6761,10648.2
"909",2582642688,139460608,5581045760,373,80826,8471.7,8.1,2208,13842.7,10002.8
"910",2587361280,137363456,5581045760,316,80883,8420.1,16,5524.4,19122.7,5029.9
"911",2587361280,137363456,5581045760,331,80868,7181.7,4,1345.7,6736.4,7498.2
"912",2587361280,137363456,5581045760,347,80853,7177.3,3,1557.3,13659.7,6846
"913",2587361280,137363456,5581045760,354,80845,3598.4,3,1483.5,13682.9,3267.4
"914",2587361280,137363456,5581045760,371,80828,8151.2,4,1923.9,6969.5,7188.2
"915",2587361280,137363456,5581045760,323,80877,7432.2,6.1,3393.2,15052.1,14056.7
"916",2587361280,137363456,5581045760,330,80869,3592.9,4,1424.7,13661.7,6817.2
"917",2587361280,137363456,5581045760,345,80854,7185.6,3,1587.2,6829.6,6858.1
"918",2587361280,137363456,5581045760,361,80839,7186.5,4,1586.5,13680.8,10749.9
"919",2587361280,137363456,5589434368,372,80827,4594.7,9,2302.3,14054,6860.9
"920",2587361280,137363456,5589434368,388,80812,9787,8,4305.1,9635.8,14312.6
"921",2587361280,137363456,5589434368,403,80797,7193.7,3,1390.7,14201.7,13382
"922",2587361280,137363456,5589434368,410,80789,3811.3,3,1543.3,13681.4,3271.6
"923",2587361280,137363456,5589434368,426,80774,7192.6,3,1535.4,6839.3,10435.9
"924",2587361280,137363456,5589434368,445,80755,7911,3.1,1970.4,14013.9,13646
"925",2587361280,137363456,5589434368,453,80747,3638.7,5,2803.4,15094.2,4256.2
"926",2587361280,137363456,5589434368,468,80732,7183.8,2,1665.7,7231.6,10748.6
"927",2587361280,137363456,5589434368,483,80716,7221.1,2,1593.6,13677.5,13337.7
"928",2587361280,137363456,5589434368,491,80709,3598.6,2,1513.5,13635.4,3915.3
"929",2582642688,138412032,5589434368,509,80690,8817.9,9,2540,7209.4,10421.8
"930",2582642688,138412032,5588910080,525,80674,11912.3,7.1,5021.2,18724.7,11621.5
"931",2582642688,138412032,5588910080,533,80667,3595.6,3,1706.6,13691.1,6851.7
"932",2582642688,138412032,5588910080,548,80651,7191.6,3,1367.6,6836.7,10431.7
"933",2582642688,138412032,5588910080,563,80636,7185.6,3,1509.4,13688.2,7507.2
"934",2582642688,138412032,5588910080,574,80626,4362.5,5.1,2066.4,14027.9,3272.4
"935",2582642688,138412032,5588910080,590,80609,7363.3,4,2794,8155.5,14332.5
"936",2582642688,138412032,5588910080,605,80594,7186.5,3,1583.8,13676.7,6855.3
"937",2582642688,138412032,5588910080,613,80587,3592.6,3,1415.4,13681.4,3918
"938",2582642688,138412032,5588910080,628,80571,7188.1,3,1625.3,6831.5,13332.5
"939",2582642688,138412032,5588910080,647,80552,8309.3,5.9,2019.3,14073.9,10459.9
"940",2582642688,138412032,5498732544,655,80544,5650.7,5.1,3930.7,16286.9,7507.9
"941",2582642688,138412032,5498732544,670,80529,7179.8,4,1453.5,6860.1,7501.9
"942",2582642688,138412032,5498732544,686,80514,7168.9,3,1499.4,13696.5,13362
"943",2582642688,138412032,5498732544,693,80506,3541.9,5,1564.6,13667,3579.5
"944",2582642688,138412032,5498732544,712,80487,7905.1,4,2264.2,7375,13663.9
"945",2541223936,142082048,5498732544,324,80876,7143.8,7,3340.2,14944.7,10670.4
"946",2541223936,142082048,5498732544,331,80868,3538.5,3,1473.4,13691.8,7174.9
"947",2541223936,142082048,5498732544,347,80853,7049.3,3,1452.4,6832.7,13333.4
"948",2541223936,142082048,5498732544,362,80837,7078.2,3,1421.7,13649.9,13312.8
"949",2541223936,142082048,5498732544,373,80826,4956.3,10.9,2663.7,14179.2,6873.9
"950",2541223936,142082048,5543821312,316,80884,11591.5,6.2,5494.1,12264.4,11768.1
"951",2541223936,142082048,5543821312,331,80869,7081.7,2,1509.5,14205.6,10998.8
"952",2541223936,142082048,5543821312,338,80861,3545.1,3,1434.1,13653.8,6821.5
"953",2541223936,142082048,5543821312,354,80846,7084.4,3,1654.1,7166.9,7731.4
"954",2541223936,142082048,5543821312,373,80827,7866.9,8.1,2403,14118,10411.6
"955",2541223936,142082048,5543821312,381,80819,3547.2,5,2490.2,14505.6,4414.2
"956",2541223936,142082048,5543821312,396,80803,7051.9,3,1461.3,10347.8,10034.5
"957",2506096640,179830784,5543821312,411,80788,7403.3,4,1648,10505.6,13633.6
"958",2506096640,179830784,5543821312,419,80780,3844.5,3,1625.7,13677.2,6796.9
"959",2506096640,179830784,5543821312,438,80761,7804,8.1,2598.3,14466.1,10412.5
"960",2506096640,179830784,5535432704,454,80746,9157.3,6,3608.3,9097.7,11162.4
"961",2506096640,179830784,5535432704,461,80738,3784.3,3,1536.2,13637,9983.8
"962",2506096640,179830784,5535432704,477,80723,6651.7,3,1530.4,13654.8,3798.6
"963",2506096640,179830784,5535432704,492,80708,6964.9,3,1382.4,6828.2,13316.9
"964",2506096640,179830784,5535432704,503,80696,7784.3,7,2376.3,14315.1,7647.5
"965",2506096640,179830784,5535432704,317,80883,3514.1,6.1,3113.4,14708.8,7128.8
"966",2506096640,179830784,5535432704,332,80868,6987.3,2,1701,6821.1,6659.9
"967",2506096640,179830784,5535432704,340,80860,7046.9,3,1631.8,13665.4,13650.8
"968",2506096640,179830784,5535432704,355,80845,3586,3,1557.9,13667.9,7157.2
"969",2506096640,179830784,5535432704,374,80825,9798.7,11,2991,7888.3,13435.4
"970",2523922432,166199296,5540675584,316,80883,10497.3,5.9,5325.7,18063.7,11086.1
"971",2523922432,166199296,5540675584,331,80868,3594.5,3,1415.4,13666.3,3253.7
"972",2523922432,166199296,5540675584,347,80853,7179.2,2,1576.9,6835.7,6853.2
"973",2523922432,166199296,5540675584,354,80845,7166.7,3,1549.5,13675.3,13660.7
"974",2523922432,166199296,5540675584,373,80826,4582.8,31.3,2497.4,14665.2,3318.2
"975",2523922432,166199296,5540675584,389,80811,7278.2,13.9,2674.1,7690.8,8034.6
"976",2523922432,166199296,5540675584,396,80803,7176.3,3,1626.6,13662.2,11072.6
"977",2523922432,166199296,5540675584,412,80788,3588.2,3,1471.5,13664.6,7151.2
"978",2523922432,166199296,5540675584,427,80772,7165.1,2,1518.4,6844.3,13977.7
"979",2523922432,166199296,5540675584,438,80761,8550.9,13,3171.3,14699,10778.3
"980",2523922432,166199296,5546442752,454,80746,5283.4,4.1,3223.4,15819.7,4332.9
"981",2523922432,166199296,5546442752,469,80730,7182.9,2,1420.4,7309,7179.6
"982",2523922432,166199296,5546442752,477,80723,7185.5,5,1469.7,13624.6,10067.7
"983",2523922432,166199296,5546442752,492,80707,3584.4,3,1584,13633.3,3589.2
"984",2523922432,166199296,5546442752,511,80689,8060,16,2528,7922.1,13414.1
"985",2513960960,173015040,5546442752,316,80883,7191.6,4,2725.2,14299.4,8489.8
"986",2513960960,173015040,5546442752,332,80868,3600.1,3,1664.7,13969.3,3902.4
"987",2513960960,173015040,5546442752,347,80853,7184.3,3,1689.1,6827.1,10413.5
"988",2513960960,173015040,5546442752,355,80845,7175.4,4,1431.3,13640.1,10730.8
"989",2513960960,173015040,5546442752,373,80826,5615.9,7,3245.4,15051.6,3713.8
"990",2513960960,173015040,5549064192,389,80810,11295.9,7,3849.8,10876.9,11127.7
"991",2513960960,173015040,5549064192,397,80803,7192.6,3,1518.4,13625.8,11051.5
"992",2513960960,173015040,5549064192,412,80787,3960.6,3,1475.3,13634.8,3593.5
"993",2513960960,173015040,5549064192,427,80772,7191.9,3.9,1585,6812.5,9760.7
"994",2513960960,173015040,5549064192,431,80768,8097.7,5.1,2820,14945.2,7389.8
"995",2513960960,173015040,5549064192,317,80883,3615,3.1,2537,14005.5,4404.4
"996",2513960960,173015040,5549064192,332,80867,7190.5,3.9,1346,6806.2,6879.6
"997",2513960960,173015040,5549064192,340,80860,7235.8,3,1647.6,13639.6,6555.6
"998",2513960960,173015040,5549064192,355,80845,3591,3,1498.7,13614.5,6817
"999",2513960960,173015040,5546967040,374,80825,10192.1,17.2,3379.4,8498.3,10957.2
"1000",2509766656,176160768,5546967040,317,80883,7172.3,3,3232.6,15190.1,10604.1
"1001",2509766656,176160768,5546967040,332,80867,3604.7,3,1454.5,13638.3,6817.6
"1002",2509766656,176160768,5546967040,347,80852,7202.3,3,1475.3,6818.5,7200.3
"1003",2509766656,176160768,5546967040,355,80844,7157.9,3,1404.9,13641.1,10736.8
"1004",2509766656,176160768,5546967040,374,80825,4552.1,8.1,2900.5,14956.5,3414.2
"1005",2509766656,176160768,5546967040,325,80875,7165,3,2139.9,7322.9,8146.3
"1006",2509766656,176160768,5546967040,332,80867,7160.5,3,1539.4,13648.8,9746.9
"1007",2509766656,176160768,5546967040,348,80852,3589,2,1650.1,13671,6831.6
"1008",2509766656,176160768,5546967040,363,80837,7148,3,1482.4,6832.1,13646.2
"1009",2509766656,176160768,5546967040,374,80825,11333.5,13.1,3627.5,14954.6,7404.4
"1010",2509766656,176160768,5549064192,317,80882,5894.7,8.1,3857.1,17702,4153.8
"1011",2509766656,176160768,5549064192,333,80867,7163.6,3,1505.5,7282.6,13959.9
"1012",2509766656,176160768,5549064192,340,80859,7155.6,11.1,1470.7,13651.1,6824.7
"1013",2509766656,176160768,5549064192,354,80845,3573.1,3,1820.2,13647.6,3898.9
"1014",2509766656,176160768,5549064192,373,80826,8071,7,2790.6,8085.8,14248.1
"1015",2509766656,177209344,5549064192,316,80883,7159,9.1,2442.3,14189.7,11178.2
"1016",2509766656,177209344,5549064192,331,80868,3558.5,3,1662.5,14003.6,3244.6
"1017",2509766656,177209344,5549064192,347,80853,7141.5,3,1644.6,7140.1,13611.2
"1018",2509766656,177209344,5549064192,354,80845,7150.6,8.9,1627.3,13284.4,13274.3
"1019",2509766656,177209344,5549064192,373,80826,4609.8,26.5,3522.2,15273.1,6731.4
"1020",2509766656,177209344,5552734208,324,80875,9260.1,4,3235.1,12583.3,14219.4
"1021",2509766656,177209344,5552734208,332,80868,7150.4,3,1489.5,10057.4,10052.8
"1022",2509766656,177209344,5552734208,347,80853,3576.1,9,1477.3,13620.8,6808
"1023",2509766656,177209344,5552734208,362,80837,7151.6,3,1596.3,13634.9,10713.6
"1024",2509766656,177209344,5552734208,374,80826,8035.4,6.1,2843.4,8141.7,13652.8
"1025",2509766656,177209344,5552734208,389,80810,3581.6,4,2368.4,14127.6,3625
"1026",2509766656,177209344,5552734208,404,80795,7154.6,4,1491,13634.7,10072.3
"1027",2509766656,177209344,5552734208,412,80787,-1,4,1528.9,6813.7,13295.4
"1028",2509766656,177209344,5552734208,427,80772,7418.1,2,1613.1,13653.1,7475.6
"1029",2504523776,176160768,5554831360,446,80753,3914.1,27.7,4051.7,15549.6,7510.1
"1030",2504523776,176160768,5554831360,454,80745,8543.3,5.1,3298.2,10914.1,10543.9
"1031",2504523776,176160768,5554831360,470,80730,11381.5,3,1541.9,13643.9,10728.2
"1032",2504523776,176160768,5554831360,485,80715,3910.8,3,1542.9,13643.3,3245.7
"1033",2504523776,176160768,5554831360,492,80707,6932,3,1540,6827.5,10390.4
"1034",2504523776,176160768,5554831360,511,80688,7172.3,15,2843.4,15239.9,8174.5
"1035",2504523776,176160768,5554831360,324,80875,8095.1,5.1,2512.6,14062.7,4411
"1036",2504523776,176160768,5554831360,332,80867,3576.9,3,1529.9,6824.8,9741.4
"1037",2504523776,176160768,5554831360,347,80852,7162.4,4,1443.8,13656.7,9747.1
"1038",2504523776,176160768,5554831360,363,80837,7161.9,2,1418.6,13646.5,3248
"1039",2504523776,176160768,5554831360,374,80825,3597.8,28.7,3254.9,8432.3,14069.6
"1040",2502426624,182452224,5558501376,390,80810,10458.2,7,2808.2,15909.2,11145.9
"1041",2502426624,182452224,5558501376,405,80795,7154.9,3,1588.6,14186.9,6814.2
"1042",2502426624,182452224,5558501376,412,80787,3575.1,3,1498.4,6828.8,10066.1
"1043",2502426624,182452224,5558501376,427,80772,7153.4,3,1425.4,13653.6,13314.4
"1044",2502426624,182452224,5558501376,446,80753,7176.8,5.1,3080.6,15651.1,7121.4
"1045",2502426624,182452224,5558501376,454,80745,4599.3,3,1883.2,7106.3,11502.4
"1046",2502426624,182452224,5558501376,468,80732,7170.4,4,1872.5,13978.1,10069.3
"1047",2502426624,182452224,5558501376,483,80716,7148.8,4,1593.2,13653.4,6497.8
"1048",2502426624,182452224,5558501376,490,80709,3576.6,4,1585.8,6822,13632.3
"1049",2502426624,182452224,5558501376,509,80690,7214.7,7.1,4447.1,16101.3,7667.4
"1050",2502426624,182452224,5559549952,525,80675,12636.4,5,3151.8,17213.7,7799.5
"1051",2502426624,182452224,5559549952,532,80667,4258.1,3,1566.6,6825.9,13969.8
"1052",2502426624,182452224,5559549952,547,80652,7161,4,1402,13666.9,10403.3
"1053",2502426624,182452224,5559549952,563,80637,7162,4,1441.5,13648.6,3579.6
"1054",2502426624,182452224,5559549952,574,80625,3601.2,7.1,2802.6,8450.5,10853.2
"1055",2487746560,178257920,5559549952,314,80885,8287.9,5.1,2801.4,14013.7,10592.8
"1056",2487746560,178257920,5559549952,329,80870,7157.3,4,1778.5,13659.5,3249.6
"1057",2487746560,178257920,5559549952,337,80863,3584.5,3.9,1630.6,6827.5,13323.2
"1058",2487746560,178257920,5559549952,351,80848,7159.9,3.1,1438.8,13655.5,6509.7
"1059",2487746560,178257920,5559549952,369,80830,7179.7,13.1,4452,16942.9,7696
"1060",2487746560,178257920,5559549952,377,80823,7134.3,3,1705.8,6994.7,13559.2
"1061",2487746560,178257920,5559549952,390,80810,7165.2,3,1577.6,13652.3,6834.1
"1062",2487746560,178257920,5559549952,404,80796,7167.7,3,1504,13648.9,6495
"1063",2487746560,178257920,5559549952,411,80788,3882.9,2,1631.6,6833.1,6839.7
"1064",2487746560,178257920,5549064192,430,80769,7207.5,14.1,2769.5,15186.9,11271
"1065",2487746560,178257920,5549064192,316,80883,8130.8,3,2186.3,14176,3638
"1066",2487746560,178257920,5549064192,324,80876,3609.1,4,1663.4,6827.2,6833.5
"1067",2487746560,178257920,5549064192,339,80861,7161.2,3,1442.6,13675.4,10751.5
"1068",2487746560,178257920,5549064192,354,80845,7195.3,3,1546.3,13669.9,3909.8
"1069",2487746560,178257920,5549064192,366,80834,3636.2,19.6,5259.8,10272.4,8248.2
"1070",2472017920,197132288,5549064192,309,80891,13221.2,3,2337,15889.6,10988.4
"1071",2472017920,197132288,5549064192,324,80875,7177.1,4,1615.5,14224.6,3261.6
"1072",2472017920,197132288,5549064192,332,80868,3596.6,4,1454.7,6840.2,10750
"1073",2472017920,197132288,5549064192,347,80853,7158.1,3,1341.7,13688.7,10402.7
"1074",2472017920,197132288,5554307072,366,80834,7163.3,9.1,3101,15538.8,4042.9
"1075",2472017920,197132288,5554307072,373,80826,4721.3,4,1852.5,7012.6,10966.3
"1076",2472017920,197132288,5554307072,388,80811,7136.2,3,1519.3,14055,13331.4
"1077",2472017920,197132288,5554307072,404,80796,7137,3,1493.4,13678.6,3891.5
"1078",2472017920,197132288,5554307072,411,80788,3567.5,3,1441.7,6841.9,13998.2
"1079",2472017920,197132288,5554307072,429,80770,7149.2,8,4534.1,16080.8,14445.9
"1080",2472017920,197132288,5554307072,444,80755,10564.5,4,2317.8,15099.5,7504.9
"1081",2472017920,197132288,5554307072,452,80747,3574.7,3,1476.3,7162.8,7467.2
"1082",2472017920,197132288,5554307072,467,80732,7156.9,3,1670.2,13329.7,7140.4
"1083",2472017920,197132288,5554307072,482,80717,7143.9,3,1685.8,13679.4,3894.4
"1084",2472017920,197132288,5526519808,494,80706,3592.4,6.1,3262.1,9305.7,15333
"1085",2487746560,184549376,5526519808,314,80886,8422.2,3.1,2262.4,13216.3,7224.3
"1086",2487746560,184549376,5526519808,329,80871,7133.3,3,1621.6,13682.9,3240.8
"1087",2487746560,184549376,5526519808,337,80863,3575.9,3.9,1517.3,13679.1,7471.8
"1088",2487746560,184549376,5526519808,352,80848,7144,4,1414.4,6838.5,10080.7
"1089",2487746560,184549376,5526519808,371,80828,7188.7,12,5081.2,17128.1,4295.7
"1090",2487746560,184549376,5526519808,379,80821,10135.2,3.1,2142.2,15990.7,10787.4
"1091",2487746560,184549376,5526519808,394,80805,7176,4,1385.2,6834.9,10711
"1092",2487746560,184549376,5526519808,409,80790,7127.8,3,1578.5,13680.8,6837.8
"1093",2487746560,184549376,5526519808,417,80782,3571.6,2,1483.2,13664.8,10715.3
"1094",2487746560,184549376,5540675584,435,80765,7148.4,19.2,3160,8570,11714.2
"1095",2487746560,184549376,5540675584,322,80877,8167.3,4,2429.7,13990.7,8106.6
"1096",2487746560,184549376,5540675584,330,80869,3575.4,3,1678.7,13656.3,10394.5
"1097",2487746560,184549376,5540675584,345,80854,7135.8,2,1588,6830.3,7122.9
"1098",2487746560,184549376,5540675584,360,80839,7434.6,4,1475.1,13662.2,6824.4
"1099",2487746560,184549376,5540675584,372,80827,3942.3,21,4510.2,17196.4,11186.3
"1100",2484076544,190840832,5540675584,315,80884,9956.5,4,1963.3,6946.1,13784.9
"1101",2484076544,190840832,5540675584,331,80869,7154.2,3,1528.9,14226,10398.3
"1102",2484076544,190840832,5540675584,338,80861,5162.9,2,1568.7,13663,6826.1
"1103",2484076544,190840832,5540675584,354,80846,5572.3,4.1,1707.3,6846.6,6805.1
"1104",2484076544,190840832,5530714112,394,80805,11245.2,11,3172.4,20895.9,22599.9
"1105",2484076544,190840832,5530714112,408,80791,11099.9,3,1534.6,17008.9,8568
"1106",2484076544,190840832,5530714112,437,80763,5287.7,2,1515.4,8882.4,11776
"1107",2484076544,190840832,5530714112,465,80734,10547.5,2,1480.6,17081.6,13807.3
"1108",2484076544,190840832,5530714112,479,80720,10552.9,2,1515.3,17068.5,3242.2
"1109",2484076544,190840832,5530714112,510,80689,5364.8,16.3,4888.7,11876.4,12748.2
"1110",2480930816,188219392,5535956992,420,80779,16137.1,5,2929.6,23121.1,23732.9
"1111",2480930816,188219392,5535956992,461,80739,12827,3.1,1913.9,30397.8,15210.4
"1112",2480930816,188219392,5535956992,542,80658,20646.7,5,1883.3,15206.5,18461
"1113",2480930816,188219392,5535956992,623,80577,23942.2,3.1,1898.8,30446.9,18462.5
"1114",2480930816,188219392,5535956992,663,80536,24055.6,10.2,3108.8,32201.8,3337
"1115",2475163648,193986560,5520752640,748,80451,14565.5,4,2756.8,17494.8,21320.4
"1116",2475163648,193986560,5520752640,800,80399,26831.6,2.1,2385.4,41628.1,24388.1
"1117",2475163648,193986560,5520752640,874,80325,23732,3,2399.2,47517.8,37782.5
"1118",2475163648,193986560,5520752640,1022,80178,37773.1,2,2391.7,23700.1,23759.2
"1119",2475163648,193986560,5520752640,1169,80030,41107.8,9,4641.7,48505.9,27094.4
"1120",2341470208,193986560,5530189824,1244,79955,24252.6,5.1,2667.6,50521.3,5055.6
"1121",2211971072,293076992,5530189824,1394,79805,41028.4,5,2930.2,27808.6,67848.2
"1122",2211971072,293076992,5370806272,1478,79721,43664.9,4.1,2765.4,48577.8,26963.3
"1123",2211971072,293076992,5370806272,1558,79642,24133.5,3,2498,50324.4,61483.1
"1124",2211971072,293076992,5370806272,1717,79482,40730.8,6.1,3291,25917.5,50545.3
"1125",1999110144,422051840,5450498048,1877,79323,44314.2,5.1,3066.5,52241.3,47349.5
"1126",1872756736,441974784,5266997248,1960,79240,28721.7,3.1,3048.3,55835.2,68901.6
"1127",1766326272,506462208,5339873280,2104,79121,42990.7,4.1,2810.2,26853.2,69876.6
"1128",1766326272,506462208,5339873280,2228,78972,46922.2,2,2884.5,59996.8,6510.3
"1129",1766326272,506462208,5339873280,2344,78855,32125,44.9,5785.1,40344.8,54567.2
"1130",1391984640,710410240,5215092736,2570,78629,48538.6,22.7,3457.7,59652.1,59008.9
"1131",1354235904,581435392,5573705728,2692,78482,66910.7,18.4,4270.2,69556.6,37608.6
"1132",1013972992,927465472,5059903488,2892,78307,34906.1,4,2822.9,67554.8,65882.3
"1133",1842872320,105906176,5059903488,2964,78235,57171.4,3.1,2855,33258.9,34986.1
"1134",1842872320,105906176,5647630336,3126,78074,53714.9,44.9,3504.1,57128.4,64794.3
"1135",1260388352,821559296,5621415936,3238,77961,35444.7,38,2319,56326,53656.2
"1136",1333264384,769130496,5599920128,3421,77779,40895.9,5.1,2598.8,33596.5,74676.5
"1137",1356857344,760741888,5661261824,3584,77615,54485.5,2,2412.2,58731.7,54168.8
"1138",1392508928,739770368,5661261824,3696,77503,50133.2,15.3,2577.2,57255.4,46215
"1139",1392508928,739770368,5656018944,3625,77575,24926.5,48.5,4467.8,30342.9,80069.8
"1140",1475870720,699924480,5699010560,3779,77421,53832,7.1,2657,60011,47054.9
"1141",1549795328,664272896,5699010560,3930,77270,30664.8,4,2743.1,66193.1,43899.2
"1142",1598554112,649068544,5727322112,4138,77061,60421.7,7.1,2702,35177.7,36922.2
"1143",1598554112,649068544,5727322112,3875,77324,57470.5,6.2,3105.5,63415.1,84317.7
"1144",1598554112,649068544,5302124544,3984,77216,32805,55.4,3390.1,66845.7,58571.4
"1145",1724907520,579862528,5715263488,4207,76992,56613,-1,-1,-1,64219.4
"1146",1821376512,532152320,5753012224,4377,76822,62204,6.2,2945.8,33165.3,67767.5
"1147",1912078336,474480640,5753012224,4543,76656,64852.5,89.1,3008.5,71454.6,59738.1
"1148",1912078336,474480640,5748293632,4085,77115,30001.5,16.3,2900.3,68943.5,63113.1
"1149",1912078336,474480640,5748293632,4253,76947,60061.2,3.1,2804.4,33907.5,89722
"1150",1974468608,447217664,5762973696,4415,76785,61214.4,18,5835.8,67653.1,33144.7
"1151",1995440128,441450496,5831131136,4636,76564,32576.5,7.2,2875.9,68015.8,89776.7
"1152",2047868928,408420352,5834801152,4806,76367,64205.6,5.1,2937.4,42421.3,40044.5
"1153",2047868928,408420352,5834801152,4289,76911,62093.1,3.1,2869.2,66243.2,59418.5
"1154",2047868928,408420352,5852102656,4471,76729,31982.2,3,3418.1,69444.8,63689.7
"1155",2084044800,383778816,5848956928,4657,76542,45308.4,39.8,3480.5,43029.5,42329.4
"1156",2089811968,395313152,5889851392,4872,76327,55316.8,36.4,4965.3,48697.1,38855.5
"1157",2106064896,378011648,5889851392,5138,76061,68754.5,17.7,6935,50852.6,113678
"1158",2106064896,378011648,5904531456,5325,75875,66646.9,3,3254.5,86826.1,9694.9
"1159",2106064896,378011648,5904531456,4652,76547,65746.9,3.1,3000,67054,62209.8
"1160",2153250816,302514176,5911347200,4867,76333,31044.5,34,4993.2,71921.8,84914.7
"1161",2062024704,407371776,5923930112,5041,76159,51330.2,72,2729.7,38263,79755.8
"1162",2110783488,380108800,5923930112,5166,76033,51338.5,7.2,2451.8,57701.3,6603.2
"1163",2138046464,372244480,5923930112,5368,75832,31265.9,8.1,2675.2,67676.9,62695.6
"1164",2138046464,372244480,5923930112,5544,75655,54155.2,3.1,2789.2,43797.8,61118
"1165",2138046464,372244480,5964824576,4853,76346,57092.6,14.4,4072,60416.4,54895.6
"1166",2176843776,346030080,5956960256,5082,76117,32411.1,5,2530.7,64548.9,61661
"1167",2220359680,319291392,5994184704,5259,75940,67650,6.1,2567.7,39223.3,48234.1
"1168",2226126848,323485696,5987368960,5430,75770,68148.6,40.4,3067.8,67162.1,12006.3
"1169",2226126848,323485696,5987368960,4841,76358,32883.5,7.2,3072.4,68049.3,63660.7
"1170",2238709760,313524224,7147618304,5021,76178,64596.7,17,5686.3,43035.2,96205.7
"1171",2257584128,300941312,7147618304,5193,76006,60246.5,7.1,2936.4,67143.3,69352.7
"1172",2252341248,304611328,7152336896,5428,75771,37902.4,31.6,2892.9,73682.6,41077.3
"1173",2252341248,304611328,7152336896,5608,75591,61862.5,32.7,3043.2,50332.2,71856.9
"1174",2252341248,304611328,7162822656,4892,76308,62764.7,4.1,2995.5,68861,13048
"1175",2192048128,341311488,7171211264,5112,76088,33824,16.3,4136,71507.8,27716.8
"1176",2256011264,290979840,7174881280,5284,75916,58073.8,18.2,4395,37113,86792.5
"1177",2229796864,316145664,7187988480,5447,75753,63838.1,4.1,2515.4,60310.7,14181.4
"1178",2229796864,316145664,7187988480,5670,75529,35258.3,3.1,2774,68728.1,32546.7
"1179",2204631040,317194240,7192707072,4900,76299,58815.5,6.1,2918.4,39329.4,39659.8
"1180",2269118464,244842496,7197949952,5078,76121,62965.1,14.1,4461.8,63696.1,6615.6
"1181",2177368064,349175808,7197949952,5321,75879,35763,7.1,3434.8,73896.7,127071.1
"1182",2187853824,336592896,7204241408,5519,75680,63265.6,6.1,3090.1,48171.3,118749.5
"1183",2189950976,338690048,7204241408,5686,75514,63858.4,4.1,3199.5,71239.8,10222.8
"1184",2189950976,338690048,7204241408,4888,76311,36728.7,18.9,3821.7,76106.3,91978
"1185",2245525504,264765440,7114063872,5051,76148,56250.8,11.2,3238.2,41280.4,64042.2
"1186",2439512064,74973184,7083130880,5208,75992,58371.5,5.1,2316.5,56826.1,15583.2
"1187",2175795200,348651520,7083130880,5423,75777,38554.3,4,2482.6,67371.3,89395.3
"1188",2175795200,348651520,7102005248,5587,75587,57435.8,5.2,2698.2,45128.1,36636.2
"1189",2180513792,338690048,7102005248,4904,76296,58879.4,7.1,2803.7,59005.6,13485.4
"1190",2180513792,338690048,7111442432,5131,76069,37746.4,11.2,5604.5,68264.8,33031.5
"1191",2217738240,327680000,7126122496,5305,75894,59998.9,4.1,2911.1,39976.1,96003.4
"1192",2249195520,303038464,7113539584,5477,75722,69510.7,6.2,3027.4,65075.6,16564.7
"1193",2250244096,310902784,7113539584,5708,75491,36422.4,5.2,2951.7,73723.8,60080.6
"1194",2250244096,310902784,7133986816,4859,76340,62006.7,3.1,3441.3,42369.9,126542.1
"1195",2258108416,301989888,7137132544,5066,76134,61064.3,10.3,3543.4,65151.3,37074.6
"1196",2262302720,303038464,7157579776,5306,75894,33820.7,4.1,3076,74326.4,68357.2
"1197",2282225664,289406976,7157579776,5491,75708,65802.9,24.2,3185.5,60757,49456.5
"1198",2283798528,291504128,7164919808,5668,75531,61639.2,4.1,3158.4,61988.3,36980.4
"1199",2283798528,291504128,7164919808,4911,76288,34139.9,4.1,3310.5,75343.8,37124.7
"1200",2138570752,287834112,7183269888,5073,76127,57283.6,34.7,4616.8,50529.1,45398.2
"1201",2011693056,436731904,7208960000,5289,75910,59832.9,12.2,4005.9,48390.4,6504.4
"1202",2082471936,374865920,7214727168,5508,75692,37551.9,17.2,2586.6,65737.8,91036.1
"1203",2068840448,405798912,7214727168,5675,75524,60506.1,18.2,2704.4,70161.5,87192.4
"1204",2068840448,405798912,7214727168,4939,76260,62259.3,4.1,3123.3,35723.2,9875.5
"1205",2120220672,361234432,7193231360,5156,76043,49451.4,8.2,3591,64289.6,28302.4
"1206",2177892352,331874304,7210532864,5344,75856,32807.8,8.2,2624,63281.2,82351.3
"1207",2157445120,353370112,7196901376,5480,75719,57835.3,3,2831.7,45192.5,63084.7
"1208",2157445120,353370112,7205814272,5693,75506,54075.4,3,2879.4,74345.3,57915.7
"1209",2157445120,353370112,7205814272,4810,76389,26581.8,6.2,2922,56059.2,29620.2
"1210",2125463552,371720192,7202668544,4951,76248,39300.7,15.2,5402.5,50485.4,15422.6
"1211",2163736576,342360064,7212105728,5224,75976,43686.8,6.1,2870.9,67038.8,55179.8
"1212",2160066560,357040128,7212105728,5424,75775,89497.8,46.9,3207.2,70352.1,81216.3
"1213",2163212288,346030080,7219445760,4679,76521,69108.9,44.4,2974.9,38532.6,37543
"1214",2163212288,346030080,7219445760,4911,76289,47081.1,4.1,3563.9,68078.2,35986.1
"1215",2269642752,235405312,7230980096,5084,76091,45875.4,10.3,3501.3,72534.1,39190.8
"1216",2408579072,105906176,7048527872,5251,75948,56895,8.1,3069,42498.3,37820.6
"1217",2179989504,348651520,7048527872,5480,75719,63704.2,6.2,2908,68827.6,35254
"1218",2179989504,348651520,7233601536,5655,75544,32771.6,18.2,2984.1,78628.4,42410.1
"1219",2173173760,334495744,7233601536,4912,76288,57774.6,4.1,3329.1,45116.6,89310.6
"1220",2165833728,353370112,7232552960,5157,76043,42096.8,9.1,4799.5,64720.7,97778.4
"1221",2366636032,164626432,7396655104,5343,75857,61693.8,24,3082.7,69540.8,13501.1
"1222",2205679616,331874304,7396655104,5525,75675,74573.5,2,2957.5,46409.4,100922.2
"1223",2210398208,325582848,7406616576,5770,75430,39024.4,4.1,3078.7,67617.4,4073.3
"1224",2210398208,325582848,7406616576,4901,76298,67309.1,4.1,3351.3,71822.5,34018.9
"1225",2188902400,327155712,7423918080,5086,76114,57132.9,8.2,3611.7,41291.6,79773
"1226",2181562368,347078656,7280787456,5292,75908,52048.8,35.1,3619.8,50451.5,3202.4
"1227",2221408256,326631424,7422869504,5606,75593,57046,6.1,2873.8,46947,93669.4
"1228",2221408256,326631424,7422869504,4886,76313,52951.6,3.1,2963.5,63381.1,16036.9
"1229",2223505408,315097088,7313817600,5049,76150,31057.5,9.2,5330.9,67617.6,26595.2
"1230",2223505408,324534272,7416053760,5210,75990,60510,5.1,2625.5,40740,9682.4
"1231",2232942592,315097088,7416053760,5428,75772,63520.3,93,2320.9,56990.5,87320.1
"1232",2231894016,315097088,7418675200,5597,75578,39036.2,83,2749.6,71294.7,43183.9
"1233",2231894016,315097088,7418675200,5758,75442,58557.2,31.6,2876.3,43384.3,64471.6
"1234",2221932544,316145664,7419199488,5112,76087,59959.8,8.2,3801.1,58756.6,34067.3
"1235",2278031360,249036800,7259291648,5278,75897,30396.6,7.1,2488.6,68367.3,13020.9
"1236",2195718144,336068608,7426539520,5439,75760,56943.3,3.1,2603.2,41736.7,6484.5
"1237",2414870528,121634816,7426539520,5659,75541,60046.1,15.2,2827,67729.5,40863.5
"1238",2414870528,121634816,7426539520,4779,76421,31783.8,3.1,3329.6,71110,39591.2
"1239",2206728192,326631424,7349469184,4919,76281,29710.2,27,4549.5,40408.3,57801.2
"1240",2226651136,318242816,7429160960,5172,76027,88877.7,71,2715.3,61201.5,78500.6
"1241",2227699712,318242816,7429160960,5324,75849,39357,14,2775,68768.4,50116.2
"1242",2227699712,318242816,7429160960,5521,75679,62632.7,8.2,2915.6,47306.5,90853.8
"1243",2273312768,287834112,7423918080,5749,75450,63960,4.1,3118.5,64747.2,37250.6
"1244",2273312768,287834112,7423918080,5045,76154,34926.8,6.2,3796.2,68646.9,33598.4
"1245",2233466880,301989888,7341080576,5135,76065,46278.2,5,2049.2,35829.4,34449.6
"1246",2463629312,63438848,7382499328,5311,75888,49972.4,5.1,2002,50137,98582.3
"1247",2463629312,63438848,7356809216,5489,75710,31909.9,6.1,2544.9,63093.5,60608.8
"1248",2201485312,336068608,7356809216,4604,76596,45253.6,23.5,2846.1,39673.9,53504.1
"1249",2211971072,325582848,7373586432,4825,76374,60292.2,10.9,5678.5,56525.1,30811.9
"1250",2215641088,325582848,7376732160,5013,76186,34313.7,5.2,3061.5,75239.8,72027.8
"1251",2227175424,321912832,7390363648,5196,76004,61542,7,3177,47047.6,90967.2
"1252",2227175424,321912832,7413432320,5444,75756,63980.1,6.2,3267.7,73529.4,132468.8
"1253",2222456832,314048512,7413432320,5632,75568,36738.3,11.2,3680,77702.9,34311.5
"1254",2222456832,314048512,7413432320,4830,76370,56329.3,5.1,3310.2,45410.5,69128
"1255",2154823680,353370112,7408713728,5013,76186,53262.4,5.1,2538.5,52474.7,100908.5
"1256",2423783424,91226112,7408713728,5197,76002,32634.5,6.1,2220,55983.5,9787.5
"1257",2175795200,348127232,7246184448,5291,75908,52441.6,15.3,2824.7,60573,34738
"1258",2175795200,348127232,7246184448,4608,76592,53947,5.1,2715.9,29945.2,51998.2
"1259",2177368064,339214336,7418150912,4790,76410,33769.1,14.3,4828.9,65141,9819.8
"1260",2208301056,323485696,7411859456,4964,76235,57537.7,8.2,2942.4,43034.9,33279
"1261",2217213952,331350016,7413432320,5205,75995,66139.1,35.4,3007.9,70479.3,69372.1
"1262",2270691328,293076992,7413432320,5388,75811,34733.2,40.8,3114.9,77604.9,10941.8
"1263",2270691328,293076992,7413432320,4692,76508,59514.2,4.1,3624.7,46016.5,7187.1
"1264",2217213952,299368448,7413432320,4908,76292,58922.7,5.1,3197.2,63702.4,36627.2
"1265",2145386496,365428736,7416578048,5070,76130,32559.8,59.6,2406.3,63062.4,31552.3
"1266",2202009600,321388544,7416578048,5226,75973,57465.6,89.1,2294.3,63206.1,79333.1
"1267",2202009600,321388544,7416578048,5441,75759,64200.4,23.2,2705.9,40524.3,39131.5
"1268",2197291008,339738624,7413956608,4635,76564,34652.5,7,3485.3,68246.1,67080.2
"1269",2258108416,293076992,7368867840,4790,76409,56544.8,21.4,5045.2,67708.1,80066.1
"1270",2244476928,311951360,7391936512,5001,76198,55072.4,7.1,2388.3,32862,62341.2
"1271",2278555648,285736960,7363624960,5165,76035,37253.5,15.3,2686.1,69818.6,81004.6
"1272",2271215616,298844160,7363624960,5321,75879,53570.4,6.1,2792.9,69790.5,46514.2
"1273",2271215616,298844160,7379353600,4715,76484,57141,5.1,3364.5,34552.7,63611.3
"1274",2271739904,293076992,7404519424,4888,76311,41164.4,5.1,3190.3,67266.1,47152.2
"1275",2266497024,298319872,7241465856,5057,76143,54761,6.1,2756.8,68677.4,78316.1
"1276",2282225664,287834112,7383547904,5286,75913,65869.8,4.1,2904,39997.9,96758.1
"1277",2289041408,293076992,7383547904,5450,75749,34103,3,2884.1,70733.1,65800
"1278",2289041408,293076992,7383547904,4705,76495,59122.8,6.2,3705,69590,56298
"1279",2204631040,281018368,7542931456,4943,76256,61796.4,81.2,4191.5,42173.5,35563.4
"1280",2183659520,327155712,7527202816,5129,76070,65833.3,41.4,3086.1,67135.1,95529.6
"1281",2183659520,327155712,7527202816,5309,75891,36015.3,17.5,3180,79610.9,64773.8
"1282",2173173760,352321536,7619477504,5550,75649,65412.9,3.1,3027.8,47628.7,102858.7
"1283",2173173760,352321536,7619477504,4823,76376,60647,6.2,3909.8,67017,56608.9
"1284",2182610944,337641472,7623671808,4985,76214,29764.4,9.2,3035.7,66999.5,47586.7
"1285",2224553984,315621376,7631536128,5212,75987,62482.2,5.1,2671.2,38591.7,117674.1
"1286",2230845440,322961408,7638876160,5385,75814,63749.3,5.2,2884,72236.7,43047.9
"1287",2230845440,322961408,7638876160,5550,75650,30853.6,3.1,3073.4,71019.2,65610.9
"1288",2230845440,322961408,7638876160,4844,76355,60780.7,24.7,3803.5,42723.1,87728.7
"1289",2176843776,309329920,7505182720,5017,76182,63465.6,26.3,4805.3,64325.8,37638.5
"1290",2176843776,331874304,7645691904,5184,76016,30522.5,6.1,3282.8,67646,3252.3
"1291",2163212288,354418688,7465861120,5411,75788,63198.5,5.1,2661.4,41421.2,62971.5
"1292",2163212288,354418688,7465861120,5586,75614,62737.2,6.2,2878.8,69334.3,45311
"1293",2228224000,305135616,7655129088,4884,76315,32836.4,5.2,3546.3,71754.8,32295.1
"1294",2214592512,329777152,7559184384,5102,76098,55754.3,4,3423.3,40785.4,59772
"1295",2231894016,310902784,7652507648,5289,75910,54129.1,4,2491.9,62118.1,61283.2
"1296",2231369728,320339968,7652507648,5426,75774,33154.3,42,2772.5,73765.4,58006.5
"1297",2270691328,290979840,7644643328,5642,75558,56019.9,33,2797.6,46184.5,43207.2
"1298",2270691328,290979840,7644643328,4860,76339,60710.4,15.2,3769.2,63869.9,86330.3
"1299",2257059840,301465600,7650934784,5044,76156,39668.6,8.2,4130.8,70361.2,64742.2
"1300",2278555648,295698432,7655653376,5292,75907,69559.1,5.1,3103.5,42633.4,42911.1
"1301",2278555648,295698432,7655653376,5483,75717,73046.6,2.1,3055,68489.6,72013.1
"1302",2278555648,295698432,7660896256,5666,75533,40278.4,6.2,3193,73194.4,71966.5
"1303",2207776768,288882688,7660896256,5009,76191,58252.6,8.2,3825.5,43539.6,126230.9
"1304",2139619328,366477312,7531921408,5179,76021,56984.4,6.1,2919.3,63068.2,35713.1
"1305",2162163712,355467264,7591690240,5340,75859,31226.1,31.3,2625.1,69526,37999
"1306",2162163712,355467264,7591690240,5561,75638,58037.2,49.5,2760.3,45331.8,114845.6
"1307",2203058176,324534272,7600603136,5756,75443,58930.3,2,2805.2,69643.1,69495.8
"1308",2203058176,324534272,7600603136,5894,75305,32604.4,11.1,3944.6,72661.9,32465.9
"1309",2197291008,297271296,7575961600,5133,76066,58028.7,7.2,4635.4,45050.7,88246.3
"1310",2140143616,368574464,7598505984,5306,75894,63071.2,40,2563.6,59154.4,62547.9
"1311",2154299392,354418688,7584874496,5473,75726,39155.3,4.1,2702.2,68721.3,35954.2
"1312",2174746624,345505792,7593787392,5701,75498,62378.7,2,2740.6,43975.9,11521.3
"1313",2174746624,345505792,7593787392,4911,76288,65342,10.2,3265.8,62183,37652.1
"1314",2154299392,342884352,7590641664,5072,76127,31091.6,20.4,3646.6,67717,61119.3
"1315",2138046464,365953024,7600603136,5279,75921,48071.8,22.7,2470.5,40462.4,33797.4
"1316",2180513792,347602944,7600603136,5474,75725,64122.7,13.1,3379.4,64932.8,93459.2
"1317",2180513792,347602944,7620001792,5611,75588,32493.3,3.1,2902.9,74351,40154.1
"1318",2190475264,335020032,7620001792,4871,76329,54301.5,9.2,4054.7,42579.3,56154.2
"1319",2218786816,320339968,7524057088,5050,76150,63908.7,9.2,3803.7,62536.7,36087.7
"1320",2228224000,324009984,7475298304,5222,75977,35195,37.4,2697.6,68753.3,63148.9
"1321",2266497024,297271296,7475298304,5458,75741,64392.5,4.1,2917.8,46089.7,61550.1
"1322",2270167040,299368448,7615807488,5639,75561,64895,3.1,2938,67545.8,39049.8
"1323",2270167040,299368448,7615807488,4940,76259,37437.6,31.6,3756.6,71593.5,6543.5
"1324",2248146944,293601280,7609516032,5142,76058,56482.4,24.2,2806.6,38726.7,28800
"1325",2231369728,321388544,7634681856,5322,75877,61143.6,8.2,3330.9,57398.2,69419.7
"1326",2232942592,310378496,7629963264,5483,75716,37905.8,4.1,2588,67795.6,12809.5
"1327",2226126848,319815680,7629963264,5701,75498,57338.5,3.1,2738.7,67733.4,32520.3
"1328",2226126848,319815680,7641497600,4743,76456,62669.3,8.2,4343.1,33603.5,62594.2
"1329",2224553984,317194240,7639924736,4949,76251,36441.5,8.2,4662.1,75379.1,65137.8
"1330",2242379776,316669952,7639924736,5193,76006,62878.2,6,2989.9,77056.8,58924.4
"1331",2422734848,144179200,7650934784,5380,75819,66627.8,20.4,3147.7,44010.1,17304.9
"1332",2422734848,144179200,7650934784,5560,75640,36151.6,20.6,3120.8,77803.8,71224
"1333",2422734848,144179200,7658799104,4908,76292,57931.6,5.2,3962.4,72499.9,34017.5
"1334",2125987840,370671616,7769423872,5068,76106,58061.1,6.1,2677.8,31457.5,31286.8
"1335",2157969408,346554368,7688159232,5224,75976,35410.8,89,2494.1,63911.6,63265.9
"1336",2156396544,358612992,7688159232,5435,75764,59361.8,54.1,2558,69152,86148.7
"1337",2177892352,340262912,7760510976,5620,75554,58146.9,6,2440.8,33212.3,62442.7
"1338",2177892352,340262912,7760510976,4854,76346,33874.9,25.5,3859.5,64516.6,9806.9
"1339",2171600896,344981504,7767326720,5095,76105,62624.5,6.1,3872.7,70933.1,6627.3
"1340",2201485312,326107136,7766802432,5251,75949,69181.2,5.1,3035.8,37674.8,36315
"1341",2197291008,335544320,7660896256,5458,75741,37972.4,2.1,3098.7,75463.5,47204.4
"1342",2197291008,335544320,7660896256,4770,76429,64349.2,8.2,3425.9,72335.3,90698.1
"1343",2192572416,330301440,7660896256,4923,76276,62418,5.1,3692.8,36580.9,34915.2
"1344",2347237376,188743680,7716470784,5127,76072,33255.6,10.4,3878.9,74077.4,43474.8
"1345",2201485312,331350016,7716470784,5367,75833,62219.9,6.2,3000.2,75035.8,94829.9
"1346",2246049792,300941312,7714373632,5548,75651,64039.7,6.1,3205.5,50128,100484.2
"1347",2246049792,300941312,7714373632,5722,75478,60985,3.1,3022.8,67799.9,44255.5
"1348",2246049792,300941312,7714373632,4966,76233,32122,9.2,4419,72584.4,63119.1
"1349",2203058176,309329920,7709655040,5136,76064,63369.1,4,4193,41565.6,91863.9
"1350",2405957632,112197632,7695499264,5299,75901,62251.8,3.1,2408.7,58527.3,40418.8
"1351",2176319488,344981504,7698644992,5520,75680,34214.8,7,2724.6,71861.5,37288.3
"1352",2176319488,344981504,7698644992,5689,75510,60532.8,4.1,2764.5,42990.5,40073.5
"1353",2357723136,177209344,7698644992,4974,76225,62596.7,6.2,3724.9,61807.6,36209.8
"1354",2357723136,177209344,7696023552,5192,76007,29202.6,10.2,2830.5,65184.2,59580.5
"1355",2213019648,327155712,7695499264,5357,75843,58493.1,5.1,2430.3,38859.4,113423.4
"1356",2237136896,311427072,7706509312,5497,75702,63964.6,3.1,2729.7,61975.9,28952.8
"1357",2237136896,311427072,7726432256,5735,75464,32251.1,3.1,2721.7,69917.2,44046.8
"1358",2237136896,311427072,7726432256,4889,76310,-1,9.2,4666,40552.5,63358.5
"1359",2264924160,300417024,7732199424,5045,76154,61410,29.3,4522.2,55866,85387.3
"1360",2263351296,297795584,7732199424,5321,75879,63789,18.6,4444.6,89875.1,78934.1
"1361",2235039744,301989888,7732199424,5515,75685,34762,6.2,3752.8,51962.1,48875.6
"1362",2235039744,301989888,7707033600,4792,76408,68716.5,9.1,3837.7,74234.6,37382.9
"1363",2246574080,269484032,7707033600,5030,76169,65691.5,40.8,3471.9,72576.9,34463.6
"1364",2180513792,347078656,7583825920,5207,75992,34852.8,6.2,3001.1,40719.5,62464.2
"1365",2208301056,331350016,7716470784,5377,75822,59570,79.2,2746.1,61846.1,34768
"1366",2208301056,331350016,7716470784,5611,75588,65744.1,21.6,2910,74821.3,8106.3
"1367",2228224000,323485696,7717519360,5790,75409,39581.7,4.1,2792.9,44694,13419
"1368",2228224000,323485696,7717519360,5034,76165,60326.8,24.7,7897.9,76362.7,35949.2
"1369",2185232384,344457216,7735345152,5310,75889,69215.5,43.4,7765.7,87852.2,88519
"1370",2222981120,311951360,7735345152,5484,75715,38693.4,52,6801.1,49159.6,70361.6
"1371",2215116800,328204288,7737966592,5728,75471,65154.6,22.7,7028.7,86994.8,115462.1
"1372",2262827008,290979840,7737966592,6006,75193,75533.7,24,7199.7,92127.8,52611.3
"1373",2262827008,290979840,7725907968,5198,76001,38819.6,22.7,6684.1,52844.9,34271.6
"1374",2214592512,325582848,7744782336,5362,75838,64756.4,2,2599.8,62249.7,60795.2
"1375",2435317760,105381888,7720140800,5574,75626,58054.1,3.1,2491.2,63304,35513.9
"1376",2222456832,322437120,7735345152,5737,75463,32253.9,3.1,2587.2,43420.2,60351.6
"1377",2222456832,322437120,7735345152,5894,75305,62717.4,7.1,2666.7,62155.6,70503.4
"1378",2426929152,125304832,7735345152,5158,76041,59684.9,8.2,5336.4,66156.2,7573.8
"1379",2210398208,310902784,7755268096,5344,75856,32619.7,31.2,7188,61292.8,80482.9
"1380",2270691328,242745344,7756316672,5585,75615,57576.2,28.3,6595,84639.4,9775.1
"1381",2171600896,349700096,7756316672,5858,75341,62352.7,25.5,6963.7,94826.6,119476.8
"1382",2361393152,173015040,7756316672,6033,75166,41035.4,26,7355.6,59328.4,36869.7
"1383",2207776768,328728576,7752122368,6278,74922,60430.3,30.6,7445.1,89626.3,110354.7
"1384",2207776768,328728576,7752122368,5676,75523,61746.6,18.6,6206.7,92042.8,53713.6
"1385",2214592512,326631424,7550795776,5857,75342,35826.6,20.2,2386.7,38528.1,79716.3
"1386",2217213952,321912832,7656177664,5984,75215,52218,4.1,2169,55880.2,34251.4
"1387",2224029696,324009984,7637303296,6190,75009,55564,2,2691.2,67991.1,41121.8
"1388",2249719808,306184192,7651459072,6349,74851,38651.9,32,4861.4,43585.4,82590.1
"1389",2249719808,306184192,7651459072,5395,75805,57166.3,6.2,4705.1,60891.7,82118
"1390",2231369728,307232768,7663517696,5600,75599,55294.8,55.1,3965.1,64674.1,33895.6
"1391",2205155328,324534272,7671906304,5774,75425,30141,35.7,7123.5,65287.8,6506.6
"1392",2198863872,333447168,7671906304,6019,75180,41567.7,26,6981.3,92337.8,61732.1
"1393",2240282624,304087040,7649886208,6298,74902,67142.7,47.5,8621.7,108330.8,14114.9
"1394",2240282624,304087040,7649886208,6490,74709,32943.1,33.3,7330.9,61185.7,96283.9
"1395",2198863872,318767104,7649886208,5784,75415,52397,23.4,6632.2,94888.7,100162.7
"1396",2096627712,345505792,7630487552,5989,75211,52004.3,3,2159.8,71673.5,64256
"1397",2353528832,82837504,8296333312,6161,75038,44854.3,16.3,2186.6,58552.2,48398.1
"1398",2009071616,426770432,8097103872,6248,74951,22408.3,18.2,3769.6,33708.3,54029.9
"1399",2313158656,133693440,8097103872,6423,74776,50683.1,41.8,3005.4,64082,33417.1
"1400",2313158656,133693440,8275361792,5464,75736,41830.9,10.1,2593.2,61531.2,27495.9
"1401",2052063232,416284672,8270643200,5596,75604,29227.9,5.1,2508.8,35661.8,83089
"1402",2105540608,385875968,8305770496,5813,75387,54358.8,9.2,2547.1,70346,47694.5
"1403",2134376448,371720192,8298954752,6004,75196,32583.4,6.1,4056.3,48959.9,78390.5
"1404",2150629376,357040128,8328839168,6141,75058,55436.4,6.2,2745.8,66807.2,94277.3
"1405",2150629376,357040128,8328839168,5351,75848,54750.9,8.2,4339,72253.3,33843.1
"1406",2135949312,355467264,8317829120,5539,75660,52815.7,28.9,7372.1,66360.7,107878.9
"1407",2147483648,358612992,8358199296,5761,75438,21633.8,33,8090.9,101419.8,13033.2
"1408",2159542272,357040128,8358199296,5980,75220,48261.1,55.7,10387.8,111889.4,61898.9
"1409",2156920832,346554368,8354529280,5073,76126,46836.3,21.4,6939.6,63226.7,50915.3
"1410",2134376448,351272960,8365539328,5301,75899,26353,7.1,2787,77974.1,65754.1
"1411",2086141952,377487360,8366063616,5523,75677,55340,3,2884.2,67543.4,63372.9
"1412",2064646144,399507456,8366063616,5694,75482,56663.6,3.1,2765.3,76368.1,118405
"1413",2106589184,371195904,8379170816,5860,75339,35726.8,7.1,3854.1,48243.7,123947.8
"1414",2106589184,371195904,8379170816,5160,76040,57198.1,4.1,3202.3,68023.3,67066.2
"1415",2098724864,385351680,8376549376,5312,75887,55714.6,50,2706.8,73637.8,85206.8
"1416",2145910784,349700096,8366063616,5477,75723,23594.6,94.9,2502.4,43745.1,9799.7
"1417",2161639424,349700096,8165261312,5685,75514,47157.8,83.2,2668,69998.5,26825.6
"1418",2172125184,351797248,8366587904,5866,75333,49489.3,11.5,4831.2,83110.2,94454.9
"1419",2172125184,351797248,8315207680,6002,75197,26368.9,2.1,3554.6,47140.3,109944.9
"1420",2152202240,339214336,8315207680,5220,75980,47085.1,35.4,6646.9,95529.9,57295.7
"1421",2124414976,371720192,8349286400,5409,75790,46188.9,45.5,4001.6,30243.2,3255.1
"1422",2117599232,367001600,8349286400,5616,75584,23102.8,29.5,8034.1,105855.7,77712.3
"1423",2222981120,258473984,8338800640,5834,75319,51564.3,31.6,9081.1,101434,97629.8
"1424",2222981120,258473984,8338800640,5034,76165,47406.7,17.5,7115.8,99637.5,48124.3
"1425",2088763392,381681664,8344043520,5214,75986,25113.9,5.1,2446.1,41781.9,53859.1
"1426",2129657856,360710144,8358199296,5414,75785,48354,22.7,2409.6,62296.8,58592.4
"1427",2114453504,372768768,8208777216,5589,75610,49898.5,4,2647.4,74582.6,28025.9
"1428",2128609280,365428736,8208777216,5720,75480,33306.3,8.2,5422.4,47001.4,64255.8
"1429",2128609280,365428736,8208777216,5156,76044,47629.8,3.1,3560.6,66319.9,84086.9
"1430",2319450112,191365120,8339849216,5337,75863,49610.1,11.1,2704,76354,6531
"1431",2167930880,352321536,8365539328,5474,75725,26665.4,15.3,2725.4,44907.4,58850.5
"1432",2210398208,330301440,8365539328,5692,75507,45568.9,69,2988.3,78383,75073.5
"1433",2228748288,322437120,8366587904,5848,75320,52995.9,7.1,4015.6,84409,45972.8
"1434",2228748288,322437120,8366587904,5027,76172,28292.2,12.4,4429.3,48622.8,95724.1
"1435",2144862208,311951360,8368160768,5248,75905,45699.7,31.3,6957.1,100039.2,27939.6
"1436",2066219008,406323200,8377073664,5466,75733,42769.9,33,7643.6,107647.4,70177.7
"1437",2121793536,373817344,8376025088,5689,75510,27460.4,28.3,8120.4,66845.1,59105.3
"1438",2121793536,373817344,8376025088,5908,75292,42967,29.2,10455.4,104190.3,99611.5
"1439",2110259200,367525888,8320450560,5098,76101,44247.1,29.3,7314.7,103634.9,71304.6
"1440",2106064896,385351680,8368160768,5321,75878,28612.5,49.5,7175.3,59785,27240
"1441",2161115136,355467264,8183087104,5590,75609,47491.9,29.2,6964.9,93624.8,55382.1
"1442",2169503744,343932928,8183087104,5776,75423,51859.8,33,7113.6,72432.1,103501.8
"1443",2250768384,258473984,8349286400,6004,75196,32582.5,29.9,8212.1,101942.7,55101.9
"1444",2250768384,258473984,8349286400,6239,74961,48670.3,35.4,7440.6,103555.6,57436.5
"1445",2015887360,353894400,8349286400,5597,75602,52832.5,19.6,5594.6,97632.2,71788
"1446",1896873984,493355008,8317304832,5767,75432,26356.2,13.1,2701.3,41968.1,35428
"1447",1918894080,465043456,8120696832,5948,75252,33978.5,8.2,2679.3,64583,55099
"1448",1964507136,439877632,8344043520,6101,75098,37150.8,9.2,5193.7,75473.2,10017.6
"1449",1964507136,439877632,8344043520,6223,74977,44278.7,9.1,3373.6,51389.4,41244.3
"1450",1963458560,458752000,8190427136,6407,74793,25225.4,3.1,2595.8,68847.1,102240.6
"1451",1963458560,458752000,8190427136,5573,75627,36608.9,40.2,6138.9,95423.6,50891.3
"1452",2023227392,412614656,8333033472,5803,75397,38230.5,36.7,7657.1,60202.2,119017.7
"1453",2078277632,385351680,8363966464,6058,75142,19006,28.9,9665.4,103580,9807.2
"1454",2055733248,399507456,8363966464,6220,74980,41499.5,31.2,8782.3,111644,30278.2
"1455",2055733248,399507456,8363442176,6437,74763,41681,28.7,9082.1,62375.7,117734.2
"1456",2082996224,386924544,8363442176,5706,75493,20727,35.1,8414.8,98480.4,52507.7
"1457",2069364736,393216000,8351383552,5869,75331,38601.8,27.1,8287.8,105899.5,55651.9
"1458",2092433408,382730240,8331460608,6084,75115,39019.7,34,9877.1,60827.6,81393.5
"1459",2086141952,387973120,8346664960,6341,74859,22430.7,30.6,8933.4,104476.7,76270.2
"1460",2118647808,367001600,8346664960,5662,75538,40442.9,24,7673.4,107633.5,30434.4
"1461",2118647808,367001600,8338800640,5852,75347,38015.5,73.3,2753,46940.5,55239.6
"1462",2134376448,363855872,8355053568,6041,75159,18281.8,77.6,2577.6,68733.6,44074.5
"1463",2136473600,364904448,8355053568,6168,75001,36830.7,9.2,3478.7,77187.9,21638.2
"1464",2135425024,361758720,8370257920,6322,74877,42105.5,5.2,2819.1,49810.8,41030.2
"1465",2300051456,211812352,8370257920,6512,74687,23531,4.1,2684.6,72362.4,17054.9
"1466",2300051456,211812352,8370257920,5609,75591,37090.7,17.5,5765.7,93216,21019.7
"1467",2055733248,351272960,8382840832,5819,75381,34261.9,30.9,8687.4,60435.5,6510
"1468",2035810304,399507456,8397520896,6050,75149,14985.4,-1,-1,-1,64236.2
"1469",2035810304,399507456,8387035136,6193,75007,35505.1,36.8,11209.3,100321.9,28794.4
"1470",2019557376,427819008,8387035136,6400,74799,34260.6,26.5,9438.7,112400.7,64874.5
"1471",2000158720,415760384,8387035136,5458,75742,15277.4,27.1,9532.1,62686.6,18052.3
"1472",1979711488,447217664,8398045184,5515,75684,31332.6,33.3,9013.7,100297.2,22942.1
"1473",1979711488,447217664,8398045184,5760,75440,33597.9,42.9,4677.9,70950.6,83874.1
"1474",2033188864,418381824,8398045184,6003,75197,16863,32.3,8786.2,65542.5,113926.3
"1475",2064121856,393216000,8257536000,6154,75046,38811.8,28.1,8943.1,105010.6,77701.4
"1476",2059927552,405798912,8257536000,6367,74832,38239.5,29.6,9119.3,108410,65349.8
"1477",2059927552,405798912,8257536000,5664,75535,16809.1,28.1,9148.8,62945,73332.2
"1478",2110259200,368050176,8288993280,5795,75404,33969.5,22.9,7008,108101.4,32571.8
"1479",2090860544,384827392,8315207680,5890,75310,29101.5,43.4,3851.2,60545.5,65600.1
"1480",2087190528,387448832,8115978240,6033,75166,14580.2,15.3,2594.5,60997.4,23366.3
"1481",2336227328,144179200,8115978240,6179,75020,35741.3,7.1,2256,40654.3,71305.5
"1482",2336227328,144179200,8311537664,6252,74948,31489.3,2,2285.5,58759.2,4637.7
"1483",2103443456,382730240,8311537664,5590,75609,14701.9,5.1,2439.7,63150.1,95512.4
"1484",2316828672,185073664,8296857600,5719,75481,25694.1,24.2,8961.7,61025.3,9807.5
"1485",2170552320,352321536,8316256256,5916,75283,24012.7,32.3,9252.5,98241.9,94237
"1486",2192572416,340262912,8316256256,6133,75066,13163.3,29.9,8663.7,77593.4,121711.1
"1487",2183135232,330301440,8316780544,6265,74935,27961.1,26.3,9255.6,91139.7,15309.2
"1488",2183135232,330301440,8316780544,6468,74732,24871.4,28.7,9836.2,105777.5,6902.4
"1489",2063597568,349700096,8327266304,5565,75635,17506.9,26.8,11305,64151.6,15608.2
"1490",1983381504,449839104,8092385280,5696,75504,24613,8.2,3381.7,96140.5,80941.4
"1491",2023227392,418381824,8092385280,5810,75390,28190.6,66.7,2621.2,71720.6,12132.9
"1492",2023227392,418381824,8331984896,5049,76151,13193.2,2,2705.7,79192.7,77766.1
"1493",2067267584,391118848,8331984896,5184,76015,26995.1,27.6,2894,45522.7,37176.8
"1494",2058878976,404750336,8326742016,5291,75908,32120.5,45.9,2976.8,63156.3,3326.9
"1495",2089811968,380633088,8319926272,5456,75743,20341.2,6.1,2529.3,67857,49801.6
"1496",2096103424,392691712,8359247872,5594,75606,32322.6,5.1,2531,44795.2,62895.1
"1497",2096103424,392691712,8359247872,5703,75497,19514.4,3.1,2723.5,65013.4,46529.5
"1498",2096103424,392691712,8359247872,5031,76168,34365.1,11.3,5168.2,74474.1,16632
"1499",2123366400,373293056,8378122240,5204,75995,17562.5,39.6,10289.1,70020,24335.3
"1500",2017460224,366477312,8378122240,5394,75806,23151.1,28.9,8221.2,100327.6,56013.3
"1501",2017460224,366477312,8374976512,4601,76598,21879.6,27.4,10169.4,105748.7,27031.9
"1502",2060976128,316145664,8382840832,4677,76522,12142.4,28.1,9144.9,60446.5,21815.5
"1503",1907359744,486014976,8376025088,4919,76281,25173.7,65,4868.6,66801.2,102435.1
"1504",2186805248,228589568,8376025088,5140,76059,20259.1,32.7,9676.6,110997.9,58456
"1505",1986527232,447741952,8401715200,5275,75924,22211.6,28.4,9506.6,60794.3,24862.4
"1506",1986527232,447741952,8401715200,4482,76717,28520.4,28.6,8711.8,103331.3,96944.1
"1507",1984954368,439353344,8393850880,4640,76560,19410.3,34,2420.4,75962.9,83989.2
"1508",2294284288,135266304,8393850880,4773,76426,29639.5,95,2447.8,38917.2,67316.9
"1509",1996488704,433586176,8374976512,4880,76320,40687.3,14.3,4987.8,62769.6,27386.6
"1510",1996488704,433586176,8374976512,4379,76820,21080.8,5.1,2818.6,70931.9,16589.9
"1511",2239234048,211812352,8265924608,4517,76682,25579.7,19.4,5472.9,39473.8,65636.6
"1512",2073559040,399507456,8388608000,4715,76485,19783.6,30.9,8888.7,105978.5,26177.8
"1513",2093481984,390070272,8381792256,4882,76317,22260.4,27.1,9729,108342.1,57740.2
"1514",2065694720,379584512,8381792256,5050,76150,11328.1,28.9,10135.7,66058.7,56337.7
"1515",2065694720,379584512,8386510848,4366,76834,22588.2,33.3,10367.6,102070.2,28053.8
"1516",2249719808,202899456,8392278016,4545,76655,27015.6,32.3,8527.8,104907.8,62071.1
"1517",2059403264,410517504,8392278016,4724,76476,14973.9,33.3,8742.3,58354.2,85479.1
"1518",2085093376,393216000,8325169152,4927,76272,32028.5,27.1,9291.5,102682.2,50106.1
"1519",2085093376,393216000,8325169152,4440,76760,28052.7,30.5,11265.5,110864.2,3286.9
"1520",2097676288,387973120,8372879360,4584,76615,15645.7,28.9,8394.3,59743.3,93318.7
"1521",2130706432,364904448,8356102144,4795,76405,31244.9,29,8663.1,100129.9,90911.6
"1522",2143289344,367525888,8365539328,5030,76169,34440.3,26.8,8718.9,108169.1,67504.9
"1523",2169503744,349175808,8363442176,5179,76020,18601.9,28.4,9223.2,64670.7,85993.8
"1524",2169503744,349175808,8363442176,4708,76491,33871.5,31.2,10071.7,104053.4,80837.8
"1525",2130182144,370147328,8371830784,4881,76318,23045.1,26.3,8742.8,107459.5,60830.1
"1526",2259681280,245366784,8325693440,5051,76149,10956.6,32,8778.1,59802.7,21870.1
"1527",2153775104,358088704,8348762112,5252,75947,23850.5,26.3,8761.5,98330.6,76766.2
"1528",2172649472,351272960,8321499136,5470,75729,26334.2,26.3,9769.3,114299.5,16379
"1529",2172649472,351272960,8321499136,4729,76471,14247.5,30.3,12415.4,68167.2,67346.5
"1530",2113929216,339214336,8335130624,4934,76266,24735,64.3,9159.5,100122.9,73558.1
"1531",2113929216,362807296,8356102144,5070,76129,26995.7,93,7374.7,59849.8,13485.3
"1532",2113929216,362807296,8356102144,5236,75963,13509.4,38.1,5671.2,75092.7,24389.5
"1533",2165309440,336592896,8359247872,5442,75758,30968.1,33.7,8840.3,102863.5,72376.3
"1534",2165309440,336592896,8359247872,5668,75531,28349.8,43.3,10443.9,113701.9,14103.8
"1535",2151153664,361234432,8349810688,4985,76214,15316.7,35.8,9839.1,61502.9,78102.6
"1536",2200436736,321388544,8357150720,5185,76014,23675.4,32.7,8653.8,100851.8,23645.8
"1537",2199388160,328728576,8357150720,5408,75792,23617.5,37.1,9055.7,106549.1,17032.3
"1538",2204631040,335020032,8364490752,5536,75664,17053.5,29.2,9493.8,63218.9,127240.1
"1539",2204631040,335020032,8364490752,5740,75460,25339.2,34,11007.3,107797.6,15385.4
"1540",2134376448,323485696,8369733632,5209,75990,23374.3,32.6,9420.8,103852,95560.6
"1541",2112356352,365428736,8369733632,5336,75864,11352.7,35.1,8492.6,59262.2,12988.4
"1542",2101870592,385351680,8369733632,5536,75664,22694,32.7,9008.7,105790.1,55517
"1543",2144337920,350748672,8382316544,5710,75490,28565.6,28.4,9006.8,104388.3,20433.6
"1544",2140143616,368050176,8382316544,5884,75315,12776.8,34,9688.9,65541.5,64687.9
"1545",2140143616,368050176,8373403648,5120,76080,25069.8,31.6,9826,109048.5,26536.8
"1546",2159542272,353370112,8376025088,5294,75906,23426.9,31.6,8931.5,98124.8,97559.8
"1547",2184183808,335020032,8270643200,5471,75728,13284.1,30.2,8717.7,103074.6,34088.3
"1548",2174222336,343932928,8270643200,5673,75526,29819.9,31.6,9460.4,69437.9,17521.5
"1549",2174222336,343932928,8373927936,5893,75307,27197.1,31.2,12424.8,105445.5,104135.7
"1550",2143813632,344981504,8373927936,5089,76111,11836.2,34.3,9086.9,60137.9,122395.3
"1551",2121793536,374341632,8370782208,5289,75910,23595.9,29.9,8702.3,105858.6,26822.7
"1552",2160066560,343932928,8370782208,5463,75736,25753.8,30.5,8439,100132.6,62866.8
"1553",2153775104,359137280,8370782208,5637,75562,18944.4,32.3,9632.1,79888,79474.4
"1554",2145386496,350224384,8241283072,5840,75360,24865.5,34.7,9826.3,94931.3,68307.8
"1555",2145386496,350224384,8241283072,5140,76060,25936.7,31.2,9643.2,102279.1,61529.8
"1556",2183659520,301989888,8326217728,5260,75940,10598.9,34,9223.6,59967.4,62991.2
"1557",2114453504,377487360,8352432128,5374,75826,19407,43,5283.4,58944.2,70405.7
"1558",2114453504,377487360,8335654912,5562,75638,20787.8,28.9,9795.7,116016.8,57961.5
"1559",2114453504,371195904,8348237824,5728,75471,12993.1,34.4,10854.6,109780.4,57962.6
"1560",2114453504,371195904,8348237824,4995,76205,19766.8,30.9,9809.7,61100.6,68186.4
"1561",2079850496,377487360,8335130624,5208,75992,20777.7,33.7,9029.2,97999.6,3246.5
"1562",2049441792,405274624,8351907840,5332,75867,14001.1,29.2,9388.3,106595.1,60069.7
"1563",2285895680,174063616,8348762112,5532,75668,19368.5,32,9041.7,59309.3,20297.8
"1564",2066743296,403177472,8350334976,5748,75452,22957.2,33,10387.9,106117.7,60841.4
"1565",2066743296,403177472,8350334976,4973,76226,16103.6,28.7,10135.6,109461.7,110274.5
"1566",2093481984,387973120,8126464000,5387,75813,21115.2,25.5,8512.9,100353.6,20324.7
"1567",2100297728,381681664,8126464000,5510,75690,17300.9,26,9653.3,106187.5,53458.7
"1568",2299002880,192937984,8126464000,5713,75487,25778.5,26,12197.9,68508.1,17867.9
"1569",2299002880,192937984,8365539328,5931,75269,22465.5,29.9,9636.5,105596.5,26478.4
"1570",2110783488,371195904,8365539328,5161,76039,20295.6,32.6,8708.4,61085.5,7283.7
"1571",2148532224,316145664,8193572864,5354,75846,8503.2,25,9381.5,107194.1,57340.7
"1572",2062548992,398458880,8347189248,5556,75643,17152.9,29.9,9484.2,98528.2,20195.3
"1573",2175270912,282591232,8347189248,5672,75528,22020,35.7,10004.5,94470.4,102439.5
"1574",2175270912,282591232,8344043520,5866,75333,9917.6,26.5,9762.6,77513,103456.4
"1575",2041577472,405274624,8344043520,5100,76099,19163.8,30.5,9503.6,101514.4,61103.8
"1576",2041577472,405274624,8333557760,5217,75982,18081.7,33.3,9449,106663.5,61178.9
"1577",2062024704,395313152,8333557760,5413,75787,9459.9,27.4,9495,59786.7,12415.6
"1578",2064646144,405798912,8333557760,5577,75622,20863.3,32.3,10114.4,100871.6,15664.2
"1579",2101870592,377487360,8350859264,5741,75458,23542.9,27.1,9404,111833.3,66809.6
"1580",2067791872,383778816,8350859264,5058,76141,9445.7,32.6,9336.3,63089.2,61770.2
"1581",2067791872,383778816,8322547712,5230,75969,18732.3,45.4,8046.3,99817.9,15766
"1582",2045771776,411566080,8338800640,5352,75847,19206.4,41.2,7563.5,89411.9,13015.5
"1583",2232942592,240648192,8353480704,5549,75650,12276.1,31.2,10347.9,61483.4,107853.5
"1584",2095579136,389545984,8363966464,5761,75439,22828.3,28.6,9574.8,103135.5,80815.4
"1585",2095579136,389545984,8363966464,5879,75320,18985.8,30.2,9823.6,108293.8,57455
"1586",2073034752,378011648,8363966464,5274,75925,11162.6,44.8,9832.1,61000.3,102166.7
"1587",2036334592,412090368,8331460608,5474,75725,15763.1,33.7,9348,99579.2,66054.3
"1588",2057306112,398983168,8331460608,5579,75621,17161,85.6,11950.5,107426.9,65145.1
"1589",2061500416,406847488,8302100480,5775,75425,13568.1,57.1,9654.8,66311.8,57600.1
"1590",2065694720,394788864,8302100480,5012,76187,15566.9,26.8,9574.9,104755.4,13025.8
"1591",2065694720,394788864,8355053568,5126,76073,16593.2,27.8,9598.7,106799.5,109395.5
"1592",2096103424,380108800,8175222784,5319,75880,8857.7,33,9567.5,60025.3,55687.8
"1593",2092957696,373817344,8343519232,5524,75675,17827,35.1,8526.6,99152,105117.5
"1594",2078801920,396361728,8343519232,5639,75560,19051.3,28.4,9847.5,114365,77961
"1595",2078801920,396361728,8336703488,5834,75365,10381.5,33.7,10166.2,63321.3,51628.9
"1596",2008547328,387973120,8336703488,5130,76069,17300.9,33.3,9276.7,100342.5,61997.1
"1597",1946681344,466616320,8360820736,5293,75907,17375.3,27.8,8665.8,108327.5,11734.1
"1598",2002255872,418381824,8359772160,5488,75712,10733.3,28.9,11225.1,60507.8,6600.7
"1599",1990721536,395837440,8359772160,5694,75505,21044.3,24.2,9446.2,102169.4,25792.3
"1600",1990721536,395837440,8359772160,5808,75391,17067.2,30.2,9844.5,107786,41739
