"","CPU.usage..MHZ.","Memory.usage..KB.","Disk.write.throughput..KB.s.","Network.received.throughput..KB.s.","Network.transmitted.throughput..KB.s."
"2001",151,944557,14,1,11
"2002",151,966787,13,2,13
"2003",150,983564,13,1,11
"2004",178,882901,17,40,63
"2005",181,874512,14,41,40
"2006",173,1067450,15,32,31
"2007",151,955882,14,2,11
"2008",152,1020055,14,1,11
"2009",156,961334,13,2,11
"2010",159,1008730,16,12,46
"2011",162,1064934,12,1,11
"2012",153,1132043,14,2,11
"2013",154,810340,14,2,11
"2014",158,894226,14,12,46
"2015",151,801951,13,2,11
"2016",161,804887,18,12,46
"2017",152,911003,13,2,11
"2018",144,885837,14,2,11
"2019",157,1061998,70,2,49
"2020",148,1017538,13,2,11
"2021",149,891290,13,1,11
"2022",150,897162,15,2,11
"2023",160,972659,12,2,11
"2024",151,1081711,14,2,11
"2025",151,905550,14,2,11
"2026",158,1017119,14,12,45
"2027",151,964270,13,1,11
"2028",160,897162,16,12,46
"2029",151,981048,13,2,11
"2030",156,964270,15,162,19
"2031",149,981048,14,2,11
"2032",155,880384,15,12,45
"2033",151,947493,13,1,11
"2034",134,924844,16,2,11
"2035",138,1103941,13,2,11
"2036",134,1226834,14,1,11
"2037",141,924844,14,2,11
"2038",147,1045221,13,2,11
"2039",147,994889,13,1,11
"2040",151,888773,15,1,11
"2041",150,827117,12,1,11
"2042",151,1014602,14,2,11
"2043",156,969723,14,2,11
"2044",158,1033896,15,12,46
"2045",151,846830,14,2,11
"2046",152,863607,15,2,11
"2047",160,1095552,12,2,11
"2048",157,1179438,14,12,46
"2049",151,849347,14,2,11
"2050",150,843894,14,2,11
"2051",150,916455,13,2,11
"2052",151,930716,16,2,11
"2053",152,882901,13,2,11
"2054",153,1087164,15,2,18
"2055",152,1157208,15,2,11
"2056",157,1031379,14,12,46
"2057",149,930716,13,2,11
"2058",157,969723,16,12,46
"2059",158,1039768,12,1,11
"2060",159,1199152,14,12,46
"2061",150,880384,14,1,11
"2062",156,922327,14,12,45
"2063",150,972659,13,2,11
"2064",158,947493,15,12,46
"2065",151,913939,12,2,11
"2066",161,1017119,45,1,11
"2067",152,1042285,14,1,11
"2068",157,939105,14,12,45
"2069",149,888773,14,1,11
"2070",152,849347,16,2,11
"2071",161,1165597,12,2,13
"2072",157,1075839,15,12,46
"2073",152,857735,14,2,30
"2074",160,1048157,15,12,51
"2075",170,1092616,15,11,26
"2076",162,1101005,15,13,46
"2077",151,885837,12,1,11
"2078",162,966787,19,12,46
"2079",152,1000342,13,2,11
"2080",157,860671,14,12,48
"2081",150,824181,12,1,11
"2082",159,1073322,16,12,47
"2083",163,1117782,12,2,11
"2084",151,1078775,15,2,11
"2085",150,877448,14,2,11
"2086",156,899678,14,12,46
"2087",150,880384,12,2,11
"2088",153,863607,15,2,11
"2089",150,813276,12,2,11
"2090",157,922327,14,12,46
"2091",152,939105,14,2,11
"2092",152,830053,13,2,11
"2093",152,846830,12,2,11
"2094",161,1048157,15,12,46
"2095",159,1073322,12,1,11
"2096",157,1157208,13,12,49
"2097",151,924844,14,2,12
"2098",150,790626,14,1,11
"2099",149,860671,13,2,11
"2100",151,1008730,16,2,11
"2101",154,939105,13,2,18
"2102",156,1081711,15,12,46
"2103",152,958398,15,2,11
"2104",158,939105,15,12,49
"2105",150,983564,14,2,11
"2106",156,838441,16,12,46
"2107",157,1173986,13,2,11
"2108",149,1059062,14,2,11
"2109",151,871996,14,2,13
"2110",149,975176,14,2,11
"2111",171,964270,15,81,36
"2112",152,952946,16,2,11
"2113",154,913939,13,5,18
"2114",156,1173986,16,14,49
"2115",151,955882,14,2,11
"2116",150,835505,13,2,27
"2117",149,922327,12,2,15
"2118",156,838441,16,3,16
"2119",161,1232706,13,2,29
"2120",155,1165597,14,12,57
"2121",149,981048,15,1,11
"2122",156,1014602,14,12,46
"2123",152,838441,14,20,24
"2124",164,922327,17,15,52
"2125",155,880384,13,6,16
"2126",156,989436,18,5,17
"2127",183,1006214,16,112,34
"2128",174,1241095,14,10,35
"2129",156,1154272,14,2,12
"2130",167,1064934,16,16,51
"2131",162,1260388,12,5,12
"2132",152,1246547,16,12,46
"2133",152,905550,14,2,18
"2134",155,877448,13,12,46
"2135",150,835505,14,1,11
"2136",162,941621,16,12,51
"2137",153,913939,13,2,29
"2138",153,1059062,15,2,16
"2139",169,1000342,16,16,26
"2140",150,849347,12,25,22
"2141",148,877448,12,2,11
"2142",150,936169,17,2,19
"2143",158,1162661,13,2,15
"2144",148,1115265,14,2,17
"2145",150,855219,15,2,18
"2146",171,964270,15,20,56
"2147",146,1036832,13,1,11
"2148",173,930716,17,29,59
"2149",165,1115265,13,8,22
"2150",164,905550,17,14,19
"2151",152,1098488,15,10,20
"2152",147,989436,13,2,11
"2153",147,989436,13,2,11
"2154",156,1073322,15,12,49
"2155",159,1006214,12,2,25
"2156",154,1165597,14,22,48
"2157",151,871996,14,8,17
"2158",155,930716,14,12,46
"2159",151,843894,13,2,16
"2160",179,1008730,17,65,76
"2161",186,1056545,14,37,43
"2162",191,1000342,17,57,73
"2163",151,978112,13,1,11
"2164",156,936169,13,12,46
"2165",162,1022991,14,10,26
"2166",159,1241095,16,12,48
"2167",190,1283038,13,13,41
"2168",175,1159725,14,27,64
"2169",176,1117782,15,13,34
"2170",162,1168114,14,20,33
"2171",149,1036832,12,6,12
"2172",163,1045221,18,19,20
"2173",153,1059062,13,2,11
"2174",153,1073322,15,12,46
"2175",149,885837,14,2,13
"2176",151,1087164,14,30,16
"2177",149,981048,13,2,11
"2178",150,855219,16,2,11
"2179",161,1274649,13,6,11
"2180",149,1190763,14,2,11
"2181",149,905550,15,2,11
"2182",148,830053,14,1,11
"2183",162,939105,14,40,36
"2184",154,1022991,16,15,31
"2185",179,1148820,13,22,34
"2186",153,997825,14,3,17
"2187",151,939105,14,2,13
"2188",154,939105,13,6,19
"2189",169,989436,15,5,32
"2190",153,1059481,16,17,37
"2191",161,1048157,14,2,27
"2192",194,1335886,17,148,37
"2193",149,1003278,15,2,11
"2194",150,1031379,14,13,19
"2195",149,927780,13,2,11
"2196",150,799015,16,2,11
"2197",170,852283,13,34,33
"2198",175,981048,15,104,16
"2199",158,1031379,15,5,15
"2200",198,1017119,16,56,77
"2201",159,944557,14,20,19
"2202",153,1028443,15,2,12
"2203",176,1154272,13,18,25
"2204",154,1064934,14,35,27
"2205",162,799015,15,22,22
"2206",158,947493,14,7,26
"2207",151,908067,13,2,11
"2208",153,810340,16,1,11
"2209",148,695835,13,1,11
"2210",156,1000342,16,12,46
"2211",150,849347,14,1,11
"2212",149,880384,15,2,11
"2213",148,888773,13,1,11
"2214",151,913939,15,4,12
"2215",159,1056545,12,4,13
"2216",149,1224317,13,2,11
"2217",150,972659,14,2,11
"2218",172,930716,14,50,66
"2219",171,1106877,14,132,67
"2220",149,1148820,16,2,11
"2221",170,1031379,14,11,22
"2222",159,911003,15,12,50
"2223",160,1036832,15,3,13
"2224",171,1039768,14,9,21
"2225",186,1098488,13,35,35
"2226",182,1148820,18,29,37
"2227",162,1201668,13,2,22
"2228",166,1184891,14,16,52
"2229",150,1025507,13,1,11
"2230",157,1042704,13,12,46
"2231",155,969723,12,23,23
"2232",150,1022991,16,2,11
"2233",148,885837,11,2,11
"2234",150,852283,14,5,12
"2235",151,832569,15,2,11
"2236",152,964270,14,2,11
"2237",149,799015,13,1,11
"2238",151,855219,15,2,11
"2239",159,1014602,13,2,11
"2240",156,1033896,14,12,46
"2241",150,897162,14,2,15
"2242",156,846830,14,12,57
"2243",148,863607,12,2,21
"2244",149,746167,14,2,11
"2245",149,955882,13,2,28
"2246",151,897162,15,2,16
"2247",151,964270,14,2,11
"2248",181,989436,16,21,73
"2249",177,1064934,14,17,29
"2250",188,1165597,18,18,54
"2251",181,1274649,12,16,36
"2252",172,1199152,15,21,69
"2253",163,930716,15,10,33
"2254",148,992372,12,2,11
"2255",151,871996,13,2,11
"2256",157,849347,15,12,46
"2257",149,815792,11,2,11
"2258",159,958398,16,12,46
"2259",150,849347,13,11,14
"2260",157,1157208,13,12,46
"2261",148,958398,12,2,13
"2262",157,981048,15,12,46
"2263",158,1092616,12,2,15
"2264",154,1165597,14,12,45
"2265",149,939105,14,2,11
"2266",148,922327,13,2,11
"2267",150,888773,13,1,11
"2268",151,1087164,16,2,11
"2269",190,1050673,14,49,46
"2270",157,1252000,14,17,49
"2271",148,1020055,15,2,11
"2272",147,952946,14,2,11
"2273",147,880384,14,2,11
"2274",152,813276,16,2,11
"2275",156,1232706,12,2,11
"2276",148,1165597,14,2,11
"2277",147,930716,14,1,11
"2278",156,897162,15,12,46
"2279",146,804887,12,1,11
"2280",154,830053,16,12,46
"2281",149,913939,12,2,11
"2282",148,863607,16,2,11
"2283",151,905550,13,2,11
"2284",149,773849,13,2,11
"2285",147,1028443,14,1,11
"2286",147,1003278,16,2,11
"2287",157,1067450,12,2,11
"2288",148,1221381,13,2,11
"2289",166,939105,14,8,25
"2290",154,1123654,13,5,15
"2291",146,989436,12,2,11
"2292",156,1053609,17,12,46
"2293",146,936169,12,2,11
"2294",148,939105,16,2,11
"2295",166,1028443,15,7,29
"2296",153,1095552,14,12,46
"2297",147,972659,12,2,11
"2298",159,1045221,16,12,46
"2299",155,1148820,13,2,11
"2300",153,1221381,13,12,46
"2301",147,989436,13,1,11
"2302",157,857735,14,12,46
"2303",145,950010,13,2,11
"2304",147,955882,17,2,11
"2305",147,869060,12,2,11
"2306",147,793562,14,2,11
"2307",432,1249483,24,52,2374
"2308",424,2323225,26,67,5701
"2309",448,2516163,65,58,5100
"2310",412,2440665,172,42,2594
"2311",160,1987681,14,2,11
"2312",156,1417255,15,12,46
"2313",145,1014602,14,2,11
"2314",145,857735,13,2,11
"2315",144,885837,12,2,11
"2316",157,1095552,15,37,52
"2317",152,933233,13,89,43
"2318",161,1014602,14,181,29
"2319",149,930716,13,2,11
"2320",146,1028443,14,2,11
"2321",146,1098488,13,2,11
"2322",147,897162,15,2,11
"2323",154,1017119,12,2,11
"2324",143,1221381,15,2,11
"2325",144,919391,13,2,13
"2326",152,1048157,14,12,46
"2327",142,1014602,13,2,11
"2328",147,857735,16,2,11
"2329",148,863607,13,2,11
"2330",154,1048157,15,12,46
"2331",147,860671,15,2,11
"2332",153,916455,14,12,46
"2333",138,911003,12,2,11
"2334",142,1025507,14,2,11
"2335",148,1048157,12,2,11
"2336",137,1090100,13,2,11
"2337",142,863607,14,2,11
"2338",146,981048,13,12,46
"2339",139,947493,13,2,11
"2340",141,888773,15,2,11
"2341",140,939105,11,2,11
"2342",148,1073322,15,12,46
"2343",144,913939,13,2,11
"2344",149,1039768,14,12,46
"2345",138,930716,14,2,11
"2346",151,930716,15,12,46
"2347",149,1241095,13,2,11
"2348",141,1151336,14,12,46
"2349",136,983564,14,2,11
"2350",136,874512,13,2,11
"2351",137,726453,13,2,22
"2352",141,933233,16,2,12
"2353",151,966787,13,5,19
"2354",173,1235223,61,20,56
"2355",175,1145884,15,63,75
"2356",180,1098488,15,42,85
"2357",139,1050673,13,2,11
"2358",142,891290,15,2,11
"2359",148,986500,13,2,11
"2360",138,1148820,13,2,11
"2361",140,983564,15,2,11
"2362",140,899678,15,2,13
"2363",138,857735,12,1,11
"2364",143,880384,16,2,11
"2365",140,961334,13,2,11
"2366",143,891290,18,1,11
"2367",141,950010,14,2,11
"2368",142,866124,13,2,11
"2369",138,899678,13,2,11
"2370",143,1006214,15,2,11
"2371",146,1103941,13,2,11
"2372",141,1283038,14,12,46
"2373",137,855219,13,2,11
"2374",144,838441,14,12,46
"2375",136,871996,12,1,11
"2376",140,863607,15,2,11
"2377",138,871996,13,2,11
"2378",139,981048,14,2,11
"2379",141,981048,14,2,11
"2380",144,880384,13,12,47
"2381",138,821664,14,2,11
"2382",146,916455,15,12,46
"2383",145,983564,12,2,11
"2384",137,1210057,13,2,11
"2385",141,832569,15,2,11
"2386",146,986500,14,12,47
"2387",140,978112,12,2,11
"2388",151,989436,16,12,46
"2389",137,978112,13,2,11
"2390",142,908067,15,12,46
"2391",131,964270,15,2,11
"2392",160,866124,15,73,65
"2393",137,1095552,12,1,11
"2394",164,983564,17,20,59
"2395",152,1148820,13,2,16
"2396",147,1159725,14,12,46
"2397",143,899678,14,2,11
"2398",136,952946,13,12,48
"2399",145,939105,12,2,11
"2400",145,888773,14,2,11
"2401",153,799015,12,5,20
"2402",160,983564,17,16,51
"2403",161,1000342,15,11,20
"2404",151,1061998,15,9,16
"2405",147,1067870,12,2,11
"2406",152,871996,15,2,11
"2407",162,1199152,12,2,11
"2408",171,1215929,15,17,55
"2409",183,1115265,15,50,65
"2410",150,981048,14,2,13
"2411",176,1048157,15,61,27
"2412",159,1157208,16,12,46
"2413",158,939105,13,2,33
"2414",195,1090100,16,36,83
"2415",171,1176502,15,13,26
"2416",149,1017119,13,2,11
"2417",160,849347,13,10,19
"2418",169,1017119,16,18,55
"2419",165,1190763,13,15,24
"2420",183,1324981,16,14,37
"2421",151,1050673,13,3,16
"2422",148,955882,13,23,32
"2423",147,1025507,12,12,14
"2424",167,1084228,16,18,55
"2425",150,947493,12,2,22
"2426",162,978112,15,15,50
"2427",177,846830,14,14,29
"2428",158,860671,13,12,46
"2429",153,832569,14,5,23
"2430",151,930716,16,2,12
"2431",159,849347,13,2,11
"2432",149,1078775,14,2,11
"2433",150,930716,15,2,11
"2434",157,855219,14,13,57
"2435",150,840958,14,2,11
"2436",149,810340,16,2,17
"2437",145,838441,12,2,11
"2438",144,913939,14,2,11
"2439",149,913939,14,2,11
"2440",157,1081711,14,12,50
"2441",151,997825,14,2,13
"2442",171,939105,17,91,84
"2443",168,1106877,14,6,17
"2444",155,1182374,15,12,46
"2445",148,821664,15,2,11
"2446",147,880384,14,2,14
"2447",151,941621,14,2,22
"2448",185,991953,17,23,44
"2449",154,941621,13,14,18
"2450",159,927780,15,12,45
"2451",161,1028443,15,41,20
"2452",175,1115265,14,25,63
"2453",151,969723,12,1,11
"2454",154,961334,15,2,11
"2455",162,1084228,13,2,15
"2456",157,1112329,14,12,46
"2457",153,913939,15,2,11
"2458",153,913939,14,10,14
"2459",152,964270,13,2,13
"2460",152,950010,16,2,11
"2461",154,863607,13,2,15
"2462",163,1134559,16,12,57
"2463",156,1101005,15,3,26
"2464",154,975176,13,3,23
"2465",171,1087164,15,11,31
"2466",175,1137495,16,19,65
"2467",174,1050673,12,9,26
"2468",166,1400478,14,14,53
"2469",184,1157208,15,18,34
"2470",158,989436,13,12,46
"2471",192,964270,14,54,38
"2472",253,1081711,18,93,110
"2473",199,1073322,14,47,42
"2474",157,1115265,15,3,14
"2475",153,846830,15,2,11
"2476",160,905550,14,12,46
"2477",152,997825,14,2,19
"2478",153,958818,15,2,11
"2479",163,975595,11,2,11
"2480",153,1109393,13,2,17
"2481",153,936169,14,5,12
"2482",151,924844,14,2,11
"2483",176,1017119,14,61,42
"2484",172,978112,16,17,25
"2485",172,939105,12,8,18
"2486",159,966787,14,12,46
"2487",168,1184891,14,56,29
"2488",161,1045221,15,25,53
"2489",248,1087164,15,225,44
"2490",153,1106877,15,2,11
"2491",162,947493,13,9,12
"2492",159,1126171,14,45,17
"2493",153,885837,13,2,11
"2494",158,855219,14,12,53
"2495",153,930716,12,2,22
"2496",162,986500,16,12,47
"2497",172,913939,14,99,39
"2498",170,1123654,15,9,26
"2499",174,1067450,15,13,26
"2500",167,989436,14,13,59
"2501",175,936169,14,10,29
"2502",201,991953,16,24,45
"2503",222,1207540,16,90,67
"2504",234,1241095,16,182,140
"2505",152,930716,14,1,11
"2506",164,922327,14,6,19
"2507",157,972659,13,3,14
"2508",159,902614,16,12,49
"2509",152,843894,12,2,11
"2510",155,1117782,15,12,53
"2511",153,933233,15,1,11
"2512",155,924844,13,32,24
"2513",153,871996,14,2,11
"2514",152,857735,15,2,11
"2515",161,894226,12,2,13
"2516",159,1142948,15,24,18
"2517",152,1059062,14,2,14
"2518",160,936169,14,12,46
"2519",189,902614,15,62,47
"2520",189,1081711,17,24,36
"2521",165,1048157,13,8,21
"2522",151,863607,15,2,11
"2523",153,877448,14,2,11
"2524",163,952946,16,19,22
"2525",192,981048,18,48,38
"2526",206,1168533,19,55,76
"2527",188,1106877,15,30,30
"2528",165,1263324,15,19,50
"2529",168,989436,16,16,28
"2530",169,1081711,16,20,24
"2531",163,1006214,14,27,23
"2532",161,1056545,15,14,51
"2533",152,955882,13,2,15
"2534",152,981048,14,2,11
"2535",152,930716,13,1,11
"2536",160,888773,15,140,72
"2537",153,846830,12,2,16
"2538",173,964270,16,17,56
"2539",182,1053609,13,9,25
"2540",182,1254936,14,22,61
"2541",153,1017119,13,1,11
"2542",175,986500,13,10,28
"2543",173,1159725,13,14,30
"2544",189,1033896,17,49,46
"2545",186,991953,13,92,61
"2546",166,989436,16,21,40
"2547",161,952946,15,6,17
"2548",157,897162,15,6,14
"2549",153,952946,13,2,15
"2550",159,952946,15,12,46
"2551",164,1148820,14,2,15
"2552",152,1408867,13,2,11
"2553",151,1033896,14,2,11
"2554",152,902614,14,2,11
"2555",153,955882,13,2,11
"2556",154,1067450,14,45,16
"2557",152,981048,13,2,11
"2558",157,972659,14,12,46
"2559",154,1031379,12,5,12
"2560",152,871996,14,2,11
"2561",152,897162,13,1,11
"2562",161,1031379,15,12,46
"2563",162,972659,11,2,11
"2564",158,1207540,13,12,48
"2565",151,1022991,14,1,11
"2566",152,863607,13,2,11
"2567",151,762944,13,1,11
"2568",150,947493,15,1,11
"2569",158,897162,13,69,30
"2570",159,939105,15,12,46
"2571",170,1020055,16,45,30
"2572",158,1017538,14,12,46
"2573",152,944557,12,1,11
"2574",155,877448,14,2,11
"2575",163,1090100,12,2,11
"2576",151,1215929,14,2,11
"2577",152,869060,13,1,11
"2578",158,972659,13,12,46
"2579",150,986500,13,1,11
"2580",160,989436,15,12,46
"2581",151,981048,12,2,11
"2582",159,961334,14,12,46
"2583",154,969723,13,2,15
"2584",160,936169,13,12,46
"2585",152,913939,13,1,11
"2586",163,899678,15,12,51
"2587",163,969723,12,2,11
"2588",158,1109393,14,12,46
"2589",154,891290,14,1,11
"2590",159,913939,15,12,46
"2591",160,855219,15,4,18
"2592",161,1106877,17,12,46
"2593",151,1048157,12,2,11
"2594",159,997825,16,12,48
"2595",155,955882,14,2,11
"2596",165,855219,51,3,49
"2597",152,1249483,37,2,11
"2598",159,922327,15,12,46
"2599",159,897162,12,2,11
"2600",149,1134559,14,2,11
"2601",150,924844,14,1,11
"2602",147,852283,14,2,11
"2603",149,860671,13,1,11
"2604",157,1017119,16,12,46
"2605",151,991953,12,2,11
"2606",159,1101424,16,161,19
"2607",154,916455,13,2,15
"2608",152,986500,13,2,11
"2609",152,981048,12,2,11
"2610",144,967206,15,12,46
"2611",145,1056545,13,2,11
"2612",138,1210057,13,2,11
"2613",153,913939,13,1,11
"2614",159,905550,14,12,46
"2615",152,843894,13,2,11
"2616",159,818728,15,12,46
"2617",152,796498,13,2,11
"2618",158,1056545,15,12,46
"2619",153,866124,14,2,11
"2620",152,1011666,14,2,11
"2621",152,838441,13,1,11
"2622",159,997825,14,12,46
"2623",161,922327,12,2,11
"2624",151,1199152,13,2,15
"2625",155,888773,15,2,15
"2626",159,981048,14,12,46
"2627",152,905550,12,1,11
"2628",158,913939,15,12,46
"2629",151,930716,12,2,11
"2630",157,939105,15,12,46
"2631",153,852283,14,1,11
"2632",159,1006214,14,12,46
"2633",154,846830,12,2,11
"2634",154,849347,14,1,11
"2635",160,967206,13,2,11
"2636",151,1078775,14,2,11
"2637",152,1033896,14,2,14
"2638",158,983564,13,12,46
"2639",152,1003278,12,1,11
"2640",159,874512,15,12,45
"2641",151,838441,13,2,11
"2642",164,1008730,45,12,46
"2643",147,961334,14,1,13
"2644",151,958818,13,2,11
"2645",151,908067,12,1,11
"2646",159,1061998,15,12,46
"2647",160,1129107,12,2,11
"2648",151,1229770,13,2,11
"2649",159,958398,14,84,44
"2650",168,955882,14,205,127
"2651",152,1033896,13,1,11
"2652",153,1075839,15,1,11
"2653",154,813276,13,2,11
"2654",160,955882,18,12,46
"2655",149,880384,14,1,11
"2656",153,888773,14,2,11
"2657",153,830053,12,1,11
"2658",159,964270,15,12,46
"2659",162,997825,13,2,11
"2660",158,1224317,14,12,46
"2661",153,1039768,14,2,15
"2662",154,1022991,15,2,14
"2663",170,1020055,13,9,24
"2664",175,1095552,17,12,28
"2665",152,983564,12,2,11
"2666",152,975176,15,2,11
"2667",154,846830,13,1,11
"2668",162,981048,14,12,46
"2669",151,922327,13,1,11
"2670",158,877448,15,12,45
"2671",162,936169,14,2,11
"2672",154,1302331,14,12,46
"2673",153,1020055,15,1,11
"2674",159,997825,14,12,46
"2675",152,916455,12,1,11
"2676",153,978112,15,1,11
"2677",151,1039768,14,2,18
"2678",158,1014602,15,12,46
"2679",153,1008730,14,1,11
"2680",160,871996,14,12,46
"2681",154,936169,13,2,16
"2682",159,1064934,15,12,46
"2683",160,1078775,13,2,11
"2684",158,1338822,15,12,46
"2685",154,964270,14,2,22
"2686",153,846830,13,2,11
"2687",153,863607,12,1,11
"2688",159,897162,15,12,46
"2689",156,922327,13,2,12
"2690",167,1148820,17,21,30
"2691",167,1090100,15,12,23
"2692",174,972659,14,16,24
"2693",156,972659,13,2,11
"2694",152,939105,15,1,11
"2695",161,1067450,13,2,11
"2696",162,1319109,14,16,48
"2697",152,1000342,12,1,11
"2698",158,936169,13,51,28
"2699",156,1011666,12,22,17
"2700",160,986500,15,12,46
"2701",162,815792,13,53,13
"2702",158,955882,15,6,16
"2703",153,1014602,14,2,11
"2704",161,986500,14,12,46
"2705",151,1006214,12,1,11
"2706",158,899678,15,12,46
"2707",159,966787,13,2,11
"2708",158,1190763,14,11,25
"2709",177,1020055,16,25,26
"2710",161,1112329,14,23,50
"2711",154,941621,12,1,11
"2712",159,975176,15,12,46
"2713",151,857735,13,2,11
"2714",153,972659,15,40,30
"2715",162,908067,14,147,78
"2716",156,1090100,13,33,24
"2717",159,1014602,14,41,35
"2718",161,964270,15,123,58
"2719",167,986500,13,27,25
"2720",166,1316592,14,58,66
"2721",170,1115265,15,8,20
"2722",178,1064934,15,25,60
"2723",161,1157208,13,10,18
"2724",160,981048,15,12,46
"2725",152,952946,13,2,11
"2726",157,922327,15,4,21
"2727",155,916455,14,1,11
"2728",151,978112,14,2,11
"2729",153,983564,13,1,11
"2730",161,952946,15,12,46
"2731",164,961334,12,2,17
"2732",153,1330433,13,2,11
"2733",155,994889,14,8,13
"2734",159,1081711,14,12,46
"2735",157,1137495,13,5,14
"2736",160,981048,14,12,46
"2737",151,908067,12,2,11
"2738",149,936169,14,1,11
"2739",153,838441,14,1,11
"2740",160,975176,14,12,47
"2741",155,916455,13,5,14
"2742",152,950010,16,4,12
"2743",162,1061998,14,2,15
"2744",155,1338822,15,9,26
"2745",152,1006214,13,1,11
"2746",159,1056545,14,12,46
"2747",151,888773,12,1,11
"2748",153,1014602,15,1,11
"2749",152,947493,13,2,11
"2750",151,1073322,15,2,11
"2751",152,880384,13,1,11
"2752",152,855219,14,2,12
"2753",151,972659,13,1,11
"2754",153,955882,15,1,12
"2755",160,911003,12,2,11
"2756",159,1246547,14,12,46
"2757",155,927780,14,20,21
"2758",153,1045221,14,23,24
"2759",150,983564,13,2,18
"2760",155,964270,15,1,11
"2761",160,1011666,12,157,80
"2762",153,924844,16,12,16
"2763",154,986500,14,1,11
"2764",154,874512,13,2,11
"2765",156,911003,12,1,11
"2766",160,1078775,15,12,48
"2767",162,933233,13,2,17
"2768",177,1355599,14,14,32
"2769",179,1157208,15,11,38
"2770",160,1020055,14,12,46
"2771",152,1048157,13,2,11
"2772",154,947493,14,2,15
"2773",155,964270,12,3,12
"2774",179,1087164,15,16,31
"2775",175,1059062,13,15,25
"2776",159,1022991,14,12,46
"2777",153,947493,12,2,11
"2778",156,964270,14,2,11
"2779",162,950010,12,2,15
"2780",163,1257872,14,12,50
"2781",156,947493,13,2,23
"2782",153,871996,13,2,11
"2783",160,997825,13,6,17
"2784",153,947493,14,2,13
"2785",155,888773,13,2,11
"2786",158,964270,15,12,48
"2787",153,888773,14,1,11
"2788",153,860671,14,2,11
"2789",154,891290,13,2,11
"2790",201,1087164,15,82,72
"2791",166,1045221,14,45,30
"2792",160,1154272,14,13,46
"2793",154,911003,13,1,11
"2794",155,813276,14,2,28
"2795",152,827117,13,1,11
"2796",160,1031379,14,12,45
"2797",154,991953,13,2,11
"2798",151,1006214,15,5,15
"2799",157,1022991,14,2,11
"2800",157,1061998,14,12,46
"2801",153,961334,12,1,11
"2802",161,930716,14,12,46
"2803",162,1053609,12,2,11
"2804",156,1212993,13,12,46
"2805",153,983564,13,1,11
"2806",152,832569,13,2,11
"2807",150,846830,12,1,11
"2808",159,737778,15,12,46
"2809",152,721001,12,2,11
"2810",151,846830,15,2,11
"2811",153,880384,15,1,11
"2812",154,888773,13,2,11
"2813",153,955882,12,1,11
"2814",154,955882,15,1,11
"2815",161,1014602,12,2,11
"2816",150,1134559,14,2,11
"2817",152,905550,13,1,11
"2818",160,927780,15,12,46
"2819",150,824181,12,1,11
"2820",159,944557,16,12,50
"2821",149,810340,13,2,11
"2822",158,1017119,14,12,46
"2823",154,986500,15,1,11
"2824",159,1022991,14,12,46
"2825",151,897162,14,2,16
"2826",160,947493,14,12,46
"2827",158,983564,12,2,11
"2828",150,1341758,14,2,11
"2829",151,1050673,13,1,11
"2830",151,1045221,14,2,11
"2831",152,930716,14,2,15
"2832",155,897162,15,1,11
"2833",180,801951,13,16,33
"2834",191,927780,17,36,68
"2835",169,1022991,15,8,25
"2836",159,1045221,15,12,53
"2837",153,1073322,13,1,11
"2838",161,939105,15,12,46
"2839",164,888773,12,2,11
"2840",159,1207540,14,12,64
"2841",151,922327,15,1,11
"2842",153,846830,14,2,15
"2843",152,1039768,12,1,11
"2844",152,1031379,15,1,11
"2845",152,871996,13,2,11
"2846",152,796498,14,2,11
"2847",152,950010,14,1,11
"2848",158,994889,14,12,46
"2849",152,860671,13,1,11
"2850",153,989436,15,1,11
"2851",160,911003,12,2,11
"2852",157,1204604,13,12,46
"2853",151,961334,13,1,11
"2854",157,1045221,13,12,46
"2855",151,919391,13,1,11
"2856",158,877448,15,12,46
"2857",152,804887,12,2,11
"2858",151,882901,13,2,11
"2859",152,991953,13,2,16
"2860",152,815792,13,2,11
"2861",152,978112,13,2,11
"2862",153,882901,15,2,11
"2863",161,991953,13,2,11
"2864",152,1344274,14,2,15
"2865",151,991953,12,1,11
"2866",152,955882,14,2,11
"2867",152,944557,12,2,11
"2868",162,1006214,15,12,46
"2869",152,871996,12,2,11
"2870",162,1048157,15,12,46
"2871",154,955882,15,2,11
"2872",152,922327,14,2,11
"2873",152,989436,11,1,11
"2874",159,905550,15,12,45
"2875",162,964270,12,2,11
"2876",151,1190763,14,2,11
"2877",153,913939,14,1,11
"2878",152,827117,13,2,11
"2879",153,902614,12,1,11
"2880",162,919391,17,12,45
"2881",152,1145884,12,2,11
"2882",145,989436,14,1,11
"2883",146,1031379,14,2,11
"2884",152,1053609,13,12,46
"2885",148,1006214,12,2,11
"2886",159,911003,14,12,46
"2887",159,969723,12,2,11
"2888",149,1352663,14,2,11
"2889",148,1006214,14,2,15
"2890",152,894226,14,2,11
"2891",153,855219,13,1,11
"2892",161,1020055,16,12,46
"2893",163,1020055,68,3,47
"2894",156,1103941,15,12,46
"2895",150,936169,13,1,11
"2896",146,916455,13,2,11
"2897",145,975176,12,1,12
"2898",147,911003,14,1,11
"2899",156,969723,12,2,11
"2900",155,1392089,14,12,46
"2901",152,964270,13,1,11
"2902",152,981048,13,2,11
"2903",151,947493,13,1,11
"2904",152,1090100,15,1,11
"2905",152,905550,12,2,11
"2906",160,1039768,16,12,46
"2907",154,913939,13,1,11
"2908",152,981048,13,2,11
"2909",153,922327,12,1,11
"2910",160,952946,15,12,46
"2911",161,857735,14,2,11
"2912",158,1249483,14,12,46
"2913",153,944557,14,1,11
"2914",157,981048,14,12,46
"2915",154,869060,14,1,11
"2916",153,869060,15,1,11
"2917",152,1020055,13,2,11
"2918",152,975595,14,2,11
"2919",152,969723,13,1,11
"2920",155,874512,14,2,11
"2921",153,897162,13,1,11
"2922",176,983564,17,18,56
"2923",188,1123654,14,18,30
"2924",146,1324981,13,1,11
"2925",152,958398,14,1,11
"2926",158,1048157,13,12,46
"2927",151,905550,12,1,11
"2928",156,899678,15,1,11
"2929",154,899678,12,2,11
"2930",163,1048157,44,12,46
"2931",146,944557,14,2,11
"2932",152,888773,13,2,11
"2933",152,1031379,12,1,11
"2934",706,955882,120,12,46
"2935",161,947493,12,2,11
"2936",152,1324981,14,2,11
"2937",153,888773,14,1,11
"2938",153,955882,13,2,11
"2939",152,888773,13,1,11
"2940",160,981048,14,12,46
"2941",155,913939,13,2,11
"2942",162,986500,18,12,46
"2943",154,852283,14,1,11
"2944",155,1036832,14,2,11
"2945",157,986500,13,2,11
"2946",156,969723,14,1,11
"2947",161,902614,13,2,11
"2948",159,1347210,14,12,46
"2949",153,989436,14,1,11
"2950",159,1020055,14,12,46
"2951",152,1045221,14,1,11
"2952",159,933233,16,12,45
"2953",153,852283,12,2,11
"2954",153,944557,14,1,11
"2955",152,972659,14,1,11
"2956",160,810340,14,12,47
"2957",156,939105,13,1,11
"2958",159,1014602,16,28,24
"2959",161,975176,12,2,11
"2960",149,1173986,12,2,11
"2961",152,913939,13,1,11
"2962",158,897162,15,12,46
"2963",153,843894,12,2,11
"2964",161,972659,15,12,46
"2965",153,813276,12,2,11
"2966",160,855219,15,12,46
"2967",154,1115265,13,1,11
"2968",153,947493,13,2,11
"2969",153,897162,12,1,11
"2970",161,997825,16,12,45
"2971",164,1073322,13,2,11
"2972",152,1283038,14,2,11
"2973",153,863607,14,1,11
"2974",152,882901,13,2,11
"2975",153,891290,12,1,11
"2976",160,947493,14,12,46
"2977",152,958398,11,1,11
"2978",153,966787,16,2,11
"2979",153,947493,15,2,11
"2980",158,888773,13,12,46
"2981",153,911003,13,1,11
"2982",160,975176,16,12,46
"2983",160,939105,12,2,11
"2984",160,1226834,14,12,46
"2985",154,855219,14,2,11
"2986",163,846830,13,19,55
"2987",156,1048157,13,2,19
"2988",154,972659,15,2,11
"2989",152,989436,12,2,11
"2990",159,997825,16,12,46
"2991",151,855219,16,2,11
"2992",150,947493,13,2,11
"2993",152,905550,14,1,11
"2994",153,838441,16,2,11
"2995",159,1003278,11,2,11
"2996",157,1243611,15,12,46
"2997",152,922327,14,2,11
"2998",153,849347,14,2,11
"2999",152,869060,14,1,11
"3000",154,919391,15,2,11
"3001",154,997825,12,2,11
"3002",152,852283,16,2,11
"3003",153,922327,14,2,11
"3004",150,835505,12,2,11
"3005",153,922327,13,2,15
"3006",154,1003278,15,12,17
"3007",164,1064934,13,23,24
"3008",151,1235223,13,2,11
"3009",151,950010,14,1,11
"3010",151,899678,14,2,11
"3011",154,944557,13,1,11
"3012",161,1033896,16,12,46
"3013",152,857735,12,2,11
"3014",159,846830,15,12,46
"3015",153,939105,13,1,11
"3016",152,927780,13,2,11
"3017",152,824181,12,1,11
"3018",153,902614,15,2,11
"3019",163,955882,12,2,11
"3020",152,1162661,13,2,11
"3021",154,852283,14,2,26
"3022",173,1008730,14,19,56
"3023",187,1017119,13,15,37
"3024",161,1123654,15,12,46
"3025",152,1006214,12,2,11
"3026",151,855219,14,2,11
"3027",153,964270,14,2,11
"3028",158,905550,14,2,15
"3029",153,871996,12,1,11
"3030",152,1006214,15,1,11
"3031",160,972659,12,2,11
"3032",151,1266260,13,2,11
"3033",151,1022991,14,1,11
"3034",164,1022991,14,42,53
"3035",156,922327,12,2,11
"3036",155,939105,16,3,37
"3037",155,866124,12,2,11
"3038",161,1053609,15,22,50
"3039",154,1006214,13,12,16
"3040",162,1000342,13,12,47
"3041",154,944557,13,1,23
"3042",160,939105,15,12,46
"3043",159,843894,12,2,11
"3044",161,1154272,14,12,50
"3045",155,1022991,14,2,12
"3046",162,972659,14,10,22
"3047",156,1000342,12,1,11
"3048",153,897162,14,2,13
"3049",151,888773,11,2,11
"3050",152,905550,15,1,11
"3051",156,855219,15,2,11
"3052",160,1184891,13,12,48
"3053",152,897162,13,1,11
"3054",164,997825,15,65,70
"3055",179,955882,13,107,58
"3056",172,1199152,16,15,57
"3057",154,986500,14,2,11
"3058",152,869060,13,5,12
"3059",154,1006214,13,8,50
"3060",152,964270,15,2,11
"3061",152,947493,13,2,11
"3062",159,871996,15,12,46
"3063",155,905550,13,1,11
"3064",159,922327,14,12,46
"3065",152,1048157,14,1,11
"3066",152,1039768,15,1,11
"3067",164,905550,13,2,11
"3068",150,1235223,13,2,11
"3069",152,1017119,14,2,26
"3070",159,927780,13,12,46
"3071",152,1048157,13,1,11
"3072",154,941621,14,1,11
"3073",153,941621,13,2,11
"3074",158,832569,15,12,46
"3075",152,1036832,13,1,11
"3076",152,902614,14,2,11
"3077",152,776785,12,1,11
"3078",160,849347,15,12,45
"3079",160,908067,12,2,11
"3080",158,1352663,13,12,46
"3081",152,1017538,13,1,11
"3082",152,860671,13,2,11
"3083",152,821664,12,1,11
"3084",153,874512,15,1,11
"3085",151,855219,12,2,11
"3086",148,863607,15,2,11
"3087",153,927780,14,1,11
"3088",157,975176,13,12,46
"3089",153,840958,13,1,11
"3090",159,852283,15,12,46
"3091",159,922327,11,2,11
"3092",151,1196216,15,2,11
"3093",152,913939,14,2,11
"3094",150,882901,11,2,11
"3095",150,852283,13,1,11
"3096",153,897162,16,2,11
"3097",150,821664,11,2,11
"3098",162,911003,15,12,57
"3099",153,911003,14,2,11
"3100",158,924844,12,12,46
"3101",152,1036832,14,1,18
"3102",154,952946,14,2,11
"3103",175,821664,12,7,25
"3104",199,1288490,17,25,43
"3105",154,1162661,13,2,11
"3106",149,891290,13,2,11
"3107",152,824181,12,1,16
"3108",173,997825,16,76,54
"3109",151,975595,12,2,12
"3110",189,1157208,16,16,32
"3111",167,1059062,15,8,18
"3112",179,1157208,14,16,30
"3113",152,1106877,12,1,11
"3114",157,902614,14,1,11
"3115",162,843894,12,2,11
"3116",151,1313656,14,2,11
"3117",151,880384,13,1,11
"3118",152,981048,13,2,11
"3119",152,955882,13,1,11
"3120",153,972659,14,1,11
"3121",152,913939,12,2,11
"3122",166,972659,15,12,46
"3123",152,880384,14,1,11
"3124",162,1123654,14,12,46
"3125",153,972659,13,2,11
"3126",153,964270,15,1,11
"3127",167,964270,13,40,31
"3128",160,1140431,13,24,52
"3129",156,964270,14,1,18
"3130",159,1115265,13,12,46
"3131",153,981048,13,2,11
"3132",162,1061998,15,12,64
"3133",154,972659,12,2,11
"3134",152,882901,15,2,11
"3135",154,941621,13,1,11
"3136",152,1056545,13,2,11
"3137",153,916455,13,1,11
"3138",159,1003278,16,12,46
"3139",161,983564,12,2,11
"3140",151,1159725,13,2,11
"3141",153,913939,13,2,11
"3142",161,944557,14,12,47
"3143",152,830053,12,1,12
"3144",159,1048157,15,12,46
"3145",152,790626,12,2,11
"3146",154,818728,15,2,11
"3147",155,981048,14,2,17
"3148",159,830053,14,12,46
"3149",152,796498,12,1,11
"3150",154,840958,14,1,18
"3151",176,899678,14,13,29
"3152",169,1383701,14,19,59
"3153",154,1140431,13,1,11
"3154",152,913939,13,2,11
"3155",153,880384,12,1,11
"3156",153,922327,14,1,11
"3157",152,955882,12,2,11
"3158",159,1014602,15,12,46
"3159",153,880384,13,1,11
"3160",153,930716,13,2,11
"3161",194,955882,13,25,39
"3162",176,1075839,17,21,55
"3163",165,994889,13,2,11
"3164",153,1268777,14,2,11
"3165",153,1028443,14,1,11
"3166",161,1000342,14,12,46
"3167",153,975176,12,1,11
"3168",154,927780,16,1,11
"3169",152,908067,12,2,11
"3170",145,897162,14,2,11
"3171",158,986500,73,3,49
"3172",149,1087164,14,2,11
"3173",148,902614,12,1,11
"3174",159,927780,15,12,46
"3175",160,922327,12,2,11
"3176",151,1204604,13,2,11
"3177",154,908067,12,2,11
"3178",154,869060,12,2,11
"3179",153,944557,13,1,11
"3180",151,882901,14,1,11
"3181",156,899678,12,2,11
"3182",161,1109393,15,161,19
"3183",152,961334,14,1,11
"3184",152,779721,13,2,11
"3185",148,838441,12,2,11
"3186",144,989436,16,12,46
"3187",140,955882,13,2,11
"3188",136,1241095,13,12,46
"3189",140,972659,14,1,11
"3190",149,863607,14,2,11
"3191",149,863607,12,1,11
"3192",152,930716,14,1,11
"3193",153,989436,12,2,13
"3194",161,966787,15,12,46
"3195",155,852283,13,1,11
"3196",152,877448,13,2,11
"3197",153,877448,11,1,11
"3198",154,975176,15,2,11
"3199",160,986500,12,2,11
"3200",151,1241095,14,1,11
"3201",152,1039768,12,1,11
"3202",152,899678,14,2,11
"3203",148,891290,12,1,11
"3204",155,955882,16,12,46
"3205",178,1056545,14,16,27
"3206",156,1022991,14,2,11
"3207",161,986500,13,5,13
"3208",160,930716,13,12,46
"3209",151,815792,13,1,11
"3210",160,821664,16,12,46
"3211",160,1011666,12,2,11
"3212",139,1193280,13,2,11
"3213",152,891290,14,2,11
"3214",158,785174,13,12,46
"3215",152,843894,12,1,11
"3216",159,939105,15,12,46
"3217",152,913939,13,2,11
"3218",158,955882,46,2,11
"3219",147,972659,13,1,11
"3220",152,821664,14,2,11
"3221",152,863607,12,1,11
"3222",160,913939,14,12,45
"3223",164,888773,12,2,11
"3224",162,1249483,13,12,46
"3225",152,1129107,13,1,11
"3226",152,1014602,13,2,11
"3227",153,969723,12,1,11
"3228",153,964270,14,1,11
"3229",154,936169,13,2,11
"3230",160,888773,18,12,46
"3231",155,830053,14,1,11
"3232",155,863607,13,2,11
"3233",153,857735,13,1,11
"3234",165,1008730,15,12,46
"3235",162,835505,13,2,11
"3236",155,1221381,14,1,11
"3237",153,936169,14,1,11
"3238",153,894226,14,2,11
"3239",153,857735,12,1,11
"3240",160,989436,14,12,46
"3241",153,1098488,12,2,11
"3242",154,966787,14,2,11
"3243",153,863607,14,1,11
"3244",154,835505,15,2,22
"3245",152,978112,12,1,11
"3246",154,902614,15,1,11
"3247",161,958398,12,2,11
"3248",151,1316592,14,2,11
"3249",153,997825,13,2,13
"3250",154,880384,13,2,11
"3251",152,972659,13,1,11
"3252",162,1048157,14,16,47
"3253",152,964270,11,2,11
"3254",152,897162,14,2,11
"3255",152,1048157,13,2,11
"3256",153,1014602,12,2,11
"3257",152,966787,12,1,11
"3258",152,933233,15,1,11
"3259",161,871996,13,2,15
"3260",160,1215929,14,12,50
"3261",154,966787,14,2,15
"3262",151,863607,14,2,11
"3263",153,866124,14,1,11
"3264",162,989436,15,12,46
"3265",152,952946,11,2,11
"3266",161,936169,17,17,29
"3267",153,902614,14,2,14
"3268",152,771332,13,2,13
"3269",152,939105,13,1,11
"3270",152,947493,14,2,11
"3271",151,1022991,12,2,11
"3272",160,1148820,15,2,15
"3273",152,1031379,13,2,11
"3274",150,846830,12,2,15
"3275",153,888773,13,2,15
"3276",154,871996,15,2,26
"3277",156,922327,11,2,25
"3278",160,1014602,15,12,46
"3279",153,969723,14,2,15
"3280",181,1033896,15,23,31
"3281",150,1173986,13,4,14
"3282",149,981048,14,1,11
"3283",157,913939,13,2,11
"3284",148,1224317,13,2,13
"3285",152,1031379,14,2,28
"3286",173,930716,16,18,58
"3287",150,1081711,13,2,11
"3288",174,1022991,15,20,57
"3289",152,955882,11,2,11
"3290",151,913939,14,2,11
"3291",152,885837,13,1,11
"3292",158,1059062,14,12,46
"3293",155,941621,13,2,15
"3294",164,1075839,16,12,57
"3295",184,1042704,13,13,28
"3296",165,1377829,14,15,55
"3297",161,983564,14,2,24
"3298",179,1014602,14,17,30
"3299",153,939105,13,2,22
"3300",159,989436,16,12,55
"3301",154,955882,12,2,16
"3302",162,1039768,16,12,46
"3303",166,1014602,16,7,38
"3304",178,1098488,14,18,43
"3305",191,1006214,16,31,50
"3306",158,997825,16,5,19
"3307",172,1064934,13,82,86
"3308",182,1333369,15,17,32
"3309",196,1056545,16,29,47
"3310",179,1059481,15,16,30
"3311",179,994889,15,28,35
"3312",162,1061998,15,3,14
"3313",151,936169,11,2,19
"3314",169,1011666,16,12,29
"3315",183,975595,16,78,58
"3316",149,989436,13,2,11
"3317",168,936169,14,9,23
"3318",159,1095552,15,12,15
"3319",148,1025507,11,2,11
"3320",160,1405931,14,1,11
"3321",151,1048157,14,2,25
"3322",148,1003278,12,2,11
"3323",177,857735,15,20,42
"3324",174,1076258,17,29,27
"3325",154,1109813,12,2,17
"3326",151,944557,16,1,13
"3327",152,1081711,14,2,11
"3328",160,1011666,12,23,53
"3329",151,840958,13,2,29
"3330",157,1078775,14,12,46
"3331",179,882901,12,28,39
"3332",165,1288490,14,13,48
"3333",155,972659,14,4,28
"3334",160,981048,13,15,62
"3335",178,989436,13,50,44
"3336",159,1064934,16,27,27
"3337",157,1084228,13,3,14
"3338",148,966787,14,2,11
"3339",149,950010,13,1,11
"3340",172,1081711,14,200,133
"3341",171,1215929,15,31,36
"3342",194,1140431,18,37,36
"3343",159,1090100,12,10,14
"3344",175,1408867,14,20,55
"3345",178,1073322,14,73,97
"3346",172,964270,16,46,94
"3347",205,1064934,16,126,53
"3348",160,1106877,15,12,48
"3349",181,997825,13,21,37
"3350",150,964270,15,2,15
"3351",164,981048,15,23,18
"3352",159,947493,14,7,22
"3353",152,888773,13,2,18
"3354",155,1036832,16,9,24
"3355",194,1274649,14,79,73
"3356",165,1305267,13,12,46
"3357",162,1087164,13,9,20
"3358",194,1090100,14,131,79
"3359",151,955882,13,2,15
"3360",165,939105,16,22,61
"3361",156,913939,15,2,17
"3362",204,1039768,16,33,49
"3363",188,1039768,15,36,52
"3364",217,1179438,18,34,60
"3365",184,1101005,13,83,40
"3366",166,1073322,15,15,54
"3367",187,981048,14,99,34
"3368",176,1422708,14,137,37
"3369",225,1126171,17,168,98
"3370",178,1145884,15,24,56
"3371",170,1123654,15,13,26
"3372",165,1070386,14,223,225
"3373",186,1025927,13,113,25
"3374",154,1148820,15,12,46
"3375",196,997825,16,30,61
"3376",198,1098488,15,73,116
"3377",153,821664,13,1,11
"3378",157,871996,14,12,46
"3379",149,871996,12,2,11
"3380",171,1299815,15,12,46
"3381",154,922327,15,1,11
"3382",156,939105,14,12,46
"3383",153,821664,13,2,14
"3384",176,1061998,16,24,38
"3385",150,1145884,12,2,11
"3386",149,927780,14,2,11
"3387",156,991953,13,5,19
"3388",170,1031379,15,7,21
"3389",150,975176,12,2,11
"3390",151,941621,14,2,16
"3391",152,966787,13,2,12
"3392",167,1414319,14,12,46
"3393",151,969723,14,1,11
"3394",159,964270,15,12,47
"3395",152,908067,12,1,11
"3396",159,983564,15,12,46
"3397",151,1003278,12,6,13
"3398",161,1061998,16,37,60
"3399",166,1070386,14,43,34
"3400",200,1120718,16,85,90
"3401",203,1134559,15,43,50
"3402",173,1151336,16,19,53
"3403",152,955882,12,2,11
"3404",162,1039768,13,2,11
"3405",154,913939,13,1,11
"3406",152,804887,14,2,11
"3407",151,788110,12,2,30
"3408",155,888773,14,1,11
"3409",153,930716,13,2,15
"3410",166,1123654,15,17,28
"3411",152,930716,14,2,11
"3412",150,838441,13,2,11
"3413",151,1011666,13,2,11
"3414",159,986500,15,12,46
"3415",152,975176,11,2,11
"3416",175,1392089,13,12,46
"3417",151,1106877,14,2,22
"3418",154,939105,14,2,28
"3419",151,950010,12,1,11
"3420",160,1048157,16,12,49
"3421",153,955882,14,2,11
"3422",151,964270,14,2,11
"3423",151,927780,14,1,11
"3424",151,810340,14,2,11
"3425",151,718065,13,1,11
"3426",159,888773,14,12,46
"3427",152,908067,12,2,11
"3428",158,1134559,13,1,11
"3429",152,891290,13,1,11
"3430",160,986500,14,12,50
"3431",150,964270,13,1,11
"3432",157,1022991,14,12,46
"3433",154,880384,12,2,11
"3434",156,891290,14,12,46
"3435",152,905550,13,2,22
"3436",151,947493,13,2,11
"3437",149,880384,12,1,11
"3438",159,1014602,15,12,46
"3439",150,913939,12,2,11
"3440",168,1333369,14,30,55
"3441",153,1148820,14,22,19
"3442",150,897162,14,2,11
"3443",150,964270,12,1,11
"3444",157,997825,15,12,46
"3445",152,919391,13,2,15
"3446",151,930716,15,2,15
"3447",152,922327,13,1,11
"3448",158,1103941,15,12,47
"3449",151,894226,12,2,13
"3450",150,1025507,15,2,15
"3451",150,1078775,13,2,11
"3452",165,1330433,14,12,46
"3453",160,991953,14,9,22
"3454",152,1022991,14,2,11
"3455",148,969723,13,1,11
"3456",148,969723,16,1,11
"3457",149,888773,12,2,11
"3458",147,952946,14,12,46
"3459",143,981048,16,2,11
"3460",153,922327,15,12,46
"3461",150,838441,12,1,11
"3462",159,1022991,16,12,51
"3463",150,930716,12,2,11
"3464",156,1168114,13,2,11
"3465",147,986500,13,1,11
"3466",150,919391,13,2,11
"3467",148,888773,12,1,11
"3468",146,788110,14,2,14
"3469",157,888773,13,3,49
"3470",155,1324981,69,162,19
"3471",149,955882,15,1,11
"3472",159,913939,14,12,46
"3473",152,871996,12,1,11
"3474",136,830053,15,2,14
"3475",135,922327,13,2,14
"3476",144,1442421,13,2,11
"3477",149,1056545,13,1,11
"3478",152,958398,14,2,11
"3479",150,843894,13,1,11
"3480",152,944557,14,2,11
"3481",153,871996,12,2,11
"3482",152,843894,13,2,11
"3483",154,832569,14,2,15
"3484",153,936169,13,2,11
"3485",153,843894,12,2,13
"3486",160,866124,14,12,46
"3487",153,933233,12,2,11
"3488",168,1204604,14,12,48
"3489",154,919391,14,1,11
"3490",152,908067,13,2,11
"3491",146,832569,12,1,11
"3492",156,740295,15,12,46
"3493",159,952946,13,2,23
"3494",188,1064934,16,25,46
"3495",160,966787,14,7,17
"3496",161,927780,14,12,46
"3497",152,824181,12,1,11
"3498",154,902614,14,1,11
"3499",153,969723,12,2,11
"3500",169,1199152,14,12,48
"3501",153,989436,14,1,13
"3502",152,930716,14,2,11
"3503",152,955882,12,1,11
"3504",153,880384,14,1,11
"3505",153,821664,12,2,12
"3506",163,939105,46,12,48
"3507",147,1022991,13,1,11
"3508",152,964270,13,2,11
"3509",153,891290,12,1,11
"3510",154,899678,14,1,11
"3511",153,882901,13,2,11
"3512",161,1257872,14,2,11
"3513",152,1022991,14,1,11
"3514",154,1014602,14,2,16
"3515",152,1006214,12,1,11
"3516",152,801951,14,1,11
"3517",153,961334,13,2,13
"3518",160,1028443,18,12,46
"3519",153,916455,14,1,11
"3520",159,888773,14,12,46
"3521",153,852283,14,2,14
"3522",160,978112,15,12,46
"3523",154,1042285,12,2,11
"3524",168,1280102,14,12,46
"3525",155,1045221,12,1,11
"3526",152,1014602,13,2,11
"3527",153,899678,12,1,11
"3528",154,899678,15,1,11
"3529",153,832569,11,2,11
"3530",159,849347,15,12,46
"3531",155,972659,14,1,11
"3532",153,922327,13,2,11
"3533",152,947493,14,1,13
"3534",159,1039768,15,12,46
"3535",153,922327,12,2,12
"3536",159,1283038,13,2,11
"3537",152,1006214,15,1,11
"3538",152,947493,15,2,11
"3539",151,838441,12,2,14
"3540",159,1006214,15,12,45
"3541",152,796498,12,2,11
"3542",153,916455,14,2,16
"3543",153,860671,14,1,11
"3544",152,902614,13,2,11
"3545",152,947493,13,1,18
"3546",152,843894,15,1,11
"3547",156,796498,14,3,21
"3548",161,1235223,13,2,11
"3549",152,885837,13,1,18
"3550",159,955882,14,12,46
"3551",151,966787,14,1,11
"3552",153,1078775,15,1,11
"3553",156,933233,13,2,37
"3554",160,989436,15,17,26
"3555",156,997825,14,2,13
"3556",155,1022991,15,2,18
"3557",170,983564,13,18,29
"3558",170,978112,16,15,50
"3559",168,1042285,14,47,35
"3560",166,1204604,14,69,42
"3561",172,1036832,13,11,27
"3562",166,1014602,13,44,23
"3563",156,950429,13,3,14
"3564",160,1084228,15,12,46
"3565",153,888773,13,2,11
"3566",172,922327,16,28,77
"3567",193,1006214,16,41,41
"3568",175,1022991,15,21,59
"3569",200,1059481,15,104,119
"3570",174,1157208,16,56,58
"3571",169,1014602,13,21,21
"3572",247,1257872,15,241,72
"3573",153,1090100,14,2,29
"3574",161,952946,14,12,46
"3575",151,869060,13,1,11
"3576",168,894226,15,27,25
"3577",150,991953,13,2,11
"3578",156,997825,15,12,46
"3579",174,1022991,14,97,28
"3580",159,978112,15,12,46
"3581",152,899678,12,1,11
"3582",181,941621,15,97,32
"3583",156,1075839,13,2,16
"3584",199,1249483,16,67,81
"3585",176,1028443,14,98,51
"3586",167,983564,14,12,23
"3587",167,969723,13,15,23
"3588",173,1006214,16,20,66
"3589",153,936169,12,2,11
"3590",182,1064934,15,109,68
"3591",160,989436,15,4,27
"3592",163,1134559,15,32,26
"3593",235,1330433,16,42,61
"3594",213,1249483,17,103,136
"3595",197,1045221,13,85,109
"3596",162,1207540,13,2,13
"3597",157,947493,15,11,19
"3598",184,997825,17,31,77
"3599",180,1064934,14,29,53
"3600",156,1006214,15,2,19
"3601",189,1073322,14,62,42
"3602",180,1132043,17,20,33
"3603",162,1022991,15,4,27
"3604",178,991953,16,20,58
"3605",155,983564,13,2,18
"3606",175,1014602,16,54,24
"3607",199,989436,15,31,43
"3608",212,1207540,19,41,87
"3609",171,1157208,14,86,25
"3610",161,1050673,15,18,18
"3611",154,821664,13,2,15
"3612",161,919391,15,12,49
"3613",172,983984,13,10,30
"3614",196,1050673,17,34,77
"3615",189,989436,15,21,50
"3616",183,1078775,15,17,29
"3617",192,1176502,15,24,50
"3618",190,1140431,17,280,270
"3619",168,947493,13,45,27
"3620",174,1218445,14,12,35
"3621",157,1050673,14,28,24
"3622",162,966787,15,13,53
"3623",163,1117782,13,6,45
"3624",180,1235223,17,38,77
"3625",175,1140431,13,19,36
"3626",151,1031379,14,2,11
"3627",162,913939,14,6,13
"3628",181,1199152,17,15,19
"3629",156,1014602,13,12,17
"3630",159,1014602,15,4,17
"3631",177,964270,14,77,28
"3632",214,1411383,14,153,62
"3633",168,1056545,15,43,25
"3634",201,1098488,15,94,33
"3635",154,972659,14,23,34
"3636",156,1022991,16,27,42
"3637",183,1011666,16,237,262
"3638",230,1115265,17,120,87
"3639",162,1087164,15,7,18
"3640",168,994889,15,54,51
"3641",152,1025507,12,1,11
"3642",160,952946,14,12,46
"3643",153,855219,12,2,15
"3644",168,1201668,13,12,46
"3645",153,1008730,12,1,11
"3646",154,860671,14,2,11
"3647",172,916455,14,99,35
"3648",153,981048,15,2,13
"3649",176,899678,14,9,34
"3650",162,1048157,16,13,51
"3651",155,936169,15,5,12
"3652",189,997825,16,26,70
"3653",156,1031379,14,3,19
"3654",209,1090100,17,128,71
"3655",161,1078775,13,6,18
"3656",173,1199152,15,17,50
"3657",153,964270,13,1,11
"3658",159,888773,14,12,50
"3659",151,754555,13,1,11
"3660",156,930716,15,1,11
"3661",153,989436,13,2,11
"3662",154,1014602,14,12,46
"3663",155,863607,13,2,15
"3664",150,821664,15,2,11
"3665",150,830053,12,1,11
"3666",166,1098488,16,9,27
"3667",173,997825,14,21,25
"3668",180,1249483,14,254,273
"3669",155,1179438,13,1,11
"3670",154,964270,13,2,11
"3671",150,919391,14,1,11
"3672",151,947493,15,1,11
"3673",153,1014602,11,2,12
"3674",153,919391,13,1,11
"3675",155,1059062,15,1,11
"3676",151,891290,13,2,11
"3677",151,734842,12,1,11
"3678",160,1000342,16,12,45
"3679",153,866124,12,2,11
"3680",167,1193280,15,12,46
"3681",152,1061998,14,1,11
"3682",152,1034315,13,2,11
"3683",150,779721,12,1,11
"3684",154,815792,14,1,11
"3685",151,824181,12,1,11
"3686",158,986500,14,12,46
"3687",153,936169,14,1,11
"3688",157,799015,13,2,11
"3689",151,916455,13,2,15
"3690",153,863607,15,1,11
"3691",153,838441,13,2,11
"3692",159,1266260,14,2,11
"3693",150,922327,13,1,11
"3694",151,813276,14,2,11
"3695",167,922327,13,6,17
"3696",159,1073322,16,3,24
"3697",167,1056545,14,7,19
"3698",162,989436,16,12,18
"3699",156,897162,13,3,12
"3700",152,866124,14,2,11
"3701",150,880384,13,2,15
"3702",161,855219,14,12,45
"3703",153,813276,13,2,11
"3704",159,1115265,14,1,11
"3705",153,888773,14,1,10
"3706",159,888773,13,12,46
"3707",151,930716,13,1,11
"3708",153,916455,15,1,11
"3709",190,994889,13,59,40
"3710",167,972659,16,12,57
"3711",154,964270,14,1,11
"3712",161,933233,14,12,46
"3713",155,916455,13,2,11
"3714",189,1187827,15,27,71
"3715",158,1112329,12,5,18
"3716",167,1249483,14,12,46
"3717",182,1045221,14,62,40
"3718",182,958398,14,24,63
"3719",152,969723,12,2,15
"3720",161,911003,14,12,45
"3721",158,857735,12,20,13
"3722",155,930716,13,1,11
"3723",153,796498,12,1,11
"3724",160,947493,14,12,46
"3725",153,939105,12,1,11
"3726",160,1014602,15,16,47
"3727",164,1098488,13,117,46
"3728",164,1266260,13,32,25
"3729",152,997825,14,1,10
"3730",159,897162,14,12,46
"3731",151,788110,13,1,11
"3732",158,930716,15,12,45
"3733",152,866124,13,2,11
"3734",159,871996,15,12,46
"3735",153,913939,12,1,11
"3736",154,1003278,13,2,11
"3737",152,939105,12,1,11
"3738",160,969723,15,12,45
"3739",152,857735,11,2,11
"3740",159,1285554,14,2,11
"3741",151,1075839,13,1,11
"3742",152,939105,13,2,11
"3743",152,871996,12,1,11
"3744",158,897162,17,2,25
"3745",151,1011666,11,2,11
"3746",150,964270,14,12,46
"3747",146,972659,15,1,11
"3748",157,916455,72,3,52
"3749",150,1293943,13,2,22
"3750",159,1022991,15,12,48
"3751",153,1036832,12,2,13
"3752",167,1277166,13,12,46
"3753",155,978112,14,2,16
"3754",158,1042285,14,7,17
"3755",149,981048,12,1,11
"3756",152,846830,15,2,23
"3757",156,905550,11,2,11
"3758",168,972659,14,161,19
"3759",154,863607,13,3,12
"3760",156,997825,13,14,47
"3761",155,1056545,13,6,17
"3762",155,1039768,16,11,20
"3763",133,1090100,12,2,12
"3764",145,1293943,13,12,46
"3765",132,964270,13,1,11
"3766",150,813276,13,12,46
"3767",150,785174,12,1,11
"3768",158,952946,15,12,45
"3769",151,947493,12,1,11
"3770",156,950010,15,1,11
"3771",155,855219,13,1,10
"3772",152,880384,13,2,11
"3773",152,902614,12,1,11
"3774",160,1059062,14,12,45
"3775",154,899678,12,2,11
"3776",160,1350146,13,2,11
"3777",153,1067450,13,1,11
"3778",158,947493,14,12,46
"3779",152,813276,13,1,11
"3780",153,863607,13,1,11
"3781",147,933233,11,2,11
"3782",154,941621,15,12,46
"3783",154,869060,14,1,11
"3784",153,815792,14,2,11
"3785",153,888773,13,1,11
"3786",154,888773,15,1,11
"3787",153,807404,12,2,11
"3788",160,1123654,13,1,11
"3789",151,947493,12,1,11
"3790",151,821664,13,2,11
"3791",152,838441,12,1,11
"3792",152,897162,15,1,11
"3793",153,930716,11,2,11
"3794",165,1006214,46,12,46
"3795",148,1031379,13,1,11
"3796",158,897162,13,12,46
"3797",153,913939,13,1,11
"3798",160,1056545,15,12,45
"3799",154,899678,12,2,20
"3800",166,1117782,13,12,46
"3801",152,933233,13,1,11
"3802",159,1020055,13,12,46
"3803",155,950010,11,1,11
"3804",155,939105,14,1,11
"3805",155,958818,13,2,11
"3806",165,964270,19,12,46
"3807",154,1145884,13,1,11
"3808",160,1075839,13,12,46
"3809",154,751619,13,1,11
"3810",153,885837,15,1,11
"3811",156,975176,13,32,26
"3812",166,1165597,14,12,46
"3813",153,1033896,13,1,11
"3814",158,1028443,14,12,46
"3815",152,1017119,12,1,11
"3816",154,1033896,14,1,11
"3817",154,939105,11,2,11
"3818",160,885837,15,12,46
"3819",153,952946,13,1,11
"3820",160,933233,14,12,46
"3821",153,830053,13,1,11
"3822",154,796498,15,1,11
"3823",154,771332,12,2,11
"3824",165,1199152,13,12,46
"3825",152,1006214,13,1,10
"3826",159,788110,13,12,46
"3827",161,855219,12,85,51
"3828",160,939105,14,12,45
"3829",152,880384,12,1,11
"3830",158,930716,15,12,46
"3831",153,981048,14,1,13
"3832",158,905550,14,12,46
"3833",152,869060,12,1,11
"3834",153,846830,14,1,11
"3835",153,952946,13,2,11
"3836",159,1176502,13,2,11
"3837",152,1092616,13,1,11
"3838",151,902614,13,2,11
"3839",151,899678,12,1,11
"3840",155,947493,15,18,34
"3841",155,1098488,14,3,12
"3842",170,1059481,17,27,62
"3843",199,1115265,16,42,47
"3844",183,1101424,15,23,63
"3845",155,916455,12,1,11
"3846",159,983564,15,12,49
"3847",162,961334,13,7,24
"3848",168,1238159,13,12,57
"3849",155,1000342,14,2,11
"3850",157,1020055,15,2,12
"3851",152,1008730,14,1,11
"3852",153,930716,14,1,11
"3853",166,997825,13,9,31
"3854",161,964270,15,24,17
"3855",158,989436,14,4,14
"3856",153,922327,13,2,11
"3857",153,989436,12,1,11
"3858",161,930716,15,12,45
"3859",167,1073322,13,61,25
"3860",168,1333369,14,12,46
"3861",155,1022991,14,1,17
"3862",154,810340,12,2,21
"3863",154,779721,13,2,29
"3864",182,991953,16,25,64
"3865",181,950010,14,13,41
"3866",164,1014602,15,7,19
"3867",156,1014602,14,2,13
"3868",164,972659,14,16,68
"3869",156,972659,14,3,12
"3870",179,1171050,17,61,97
"3871",188,1103941,14,37,42
"3872",162,1277166,14,6,12
"3873",152,1064934,13,2,11
"3874",168,922327,14,18,53
"3875",167,942041,14,203,82
"3876",296,1056545,18,1478,240
"3877",167,1126171,15,74,46
"3878",161,902614,18,14,47
"3879",155,855219,12,2,17
"3880",172,964270,15,28,24
"3881",154,911003,12,1,11
"3882",161,964270,15,12,46
"3883",158,972659,12,5,15
"3884",186,1157208,14,19,52
"3885",154,1157208,14,2,11
"3886",163,913939,13,13,47
"3887",157,947493,14,4,20
"3888",176,1090100,17,47,41
"3889",186,1081711,13,42,57
"3890",194,1048157,16,186,64
"3891",161,930716,14,51,26
"3892",152,905550,13,2,11
"3893",153,902614,12,2,15
"3894",164,933233,16,13,50
"3895",184,958398,14,14,30
"3896",205,1129107,16,43,40
"3897",171,1140431,14,61,72
"3898",184,1067450,15,20,59
"3899",175,947493,14,28,43
"3900",178,1006214,16,36,32
"3901",169,986500,13,10,27
"3902",196,997825,15,32,74
"3903",186,1081711,14,25,37
"3904",193,1000342,16,22,39
"3905",171,981048,15,11,23
"3906",153,986500,15,2,11
"3907",153,966787,13,2,11
"3908",163,1190763,13,2,11
"3909",152,1112329,12,2,11
"3910",188,966787,15,22,46
"3911",204,1020055,14,111,29
"3912",153,1059062,15,3,12
"3913",221,1006214,14,234,39
"3914",151,1173986,14,12,47
"3915",181,1022991,14,127,24
"3916",154,947493,15,2,15
"3917",201,897162,15,145,32
"3918",167,1103941,16,46,18
"3919",153,989436,12,2,11
"3920",169,1115265,13,12,46
"3921",154,955882,13,2,29
"3922",240,1045221,15,237,32
"3923",217,1324981,14,41,33
"3924",189,1182374,17,27,81
"3925",229,1095552,14,219,38
"3926",173,1087164,15,11,25
"3927",168,1025507,15,21,33
"3928",157,1033896,15,3,28
"3929",189,936169,15,80,49
"3930",198,1017538,17,51,72
"3931",254,1048157,14,37,85
"3932",170,1148820,16,8,33
"3933",181,1053609,15,12,32
"3934",207,1112329,14,411,67
"3935",308,1215929,14,2195,158
"3936",208,1176502,15,444,78
"3937",186,1059062,15,222,216
"3938",196,1020055,16,39,69
"3939",176,975176,15,12,27
"3940",164,902614,14,13,50
"3941",158,924844,13,9,15
"3942",163,983564,15,54,43
"3943",166,997825,15,12,24
"3944",200,1221381,14,102,34
"3945",186,1087164,13,10,25
"3946",158,902614,14,2,11
"3947",177,1048157,13,104,16
"3948",186,1215929,15,16,33
"3949",172,1157208,15,94,24
"3950",260,1006214,17,53,105
"3951",156,1132043,15,2,12
"3952",155,1031379,14,2,11
"3953",201,897162,14,61,43
"3954",211,997825,15,216,114
"3955",293,1274649,13,742,125
"3956",178,1333369,14,113,27
"3957",206,1187827,15,211,55
"3958",171,994889,15,42,35
"3959",172,967206,15,41,25
"3960",165,908067,16,28,17
"3961",162,919391,15,7,23
"3962",208,1020055,17,67,109
"3963",155,994889,14,2,11
"3964",178,1050673,15,150,63
"3965",233,1145884,13,1245,94
"3966",167,1028443,15,12,46
"3967",157,941621,12,2,11
"3968",175,1120718,14,42,48
"3969",157,966787,13,2,13
"3970",153,799015,14,2,11
"3971",152,888773,13,2,11
"3972",154,1008730,15,2,11
"3973",151,840958,12,2,11
"3974",160,1003278,15,12,46
"3975",174,947493,13,11,28
"3976",156,1031379,13,12,46
"3977",153,964270,13,2,11
"3978",170,871996,16,28,59
"3979",180,981048,15,14,30
"3980",159,1140431,14,2,11
"3981",152,1148820,13,2,11
"3982",153,989436,15,2,15
"3983",155,1006214,13,2,22
"3984",153,1073322,16,2,11
"3985",155,964270,13,2,12
"3986",158,1182374,17,5,15
"3987",176,1090100,15,22,27
"3988",173,961334,15,21,29
"3989",179,958398,14,17,30
"3990",169,986500,16,11,28
"3991",183,1045221,14,25,34
"3992",197,1302331,17,24,64
"3993",165,1073322,13,90,40
"3994",177,1006214,15,115,50
"3995",163,964270,14,121,83
"3996",156,1059062,16,29,25
"3997",153,1081711,12,2,11
"3998",158,1000342,16,12,46
"3999",152,894226,14,1,11
"4000",159,941621,14,12,46
"4001",152,955882,13,2,14
"4002",159,1126171,16,12,46
"4003",152,1033896,12,2,11
"4004",161,1196216,14,2,11
"4005",152,1014602,13,2,11
"4006",160,964270,15,12,46
"4007",152,952946,13,2,11
"4008",161,969723,16,13,52
"4009",160,997825,12,5,16
"4010",155,997825,16,2,15
"4011",154,1014602,14,2,11
"4012",161,1064934,13,12,48
"4013",154,1031379,12,2,12
"4014",154,913939,14,2,11
"4015",152,922327,13,2,11
"4016",159,1182374,13,2,11
"4017",152,964270,14,2,11
"4018",160,939105,14,12,46
"4019",153,746167,13,2,11
"4020",153,857735,15,2,11
"4021",153,852283,13,2,11
"4022",159,944557,15,12,49
"4023",153,955882,14,2,11
"4024",159,1014602,15,12,46
"4025",151,897162,12,2,11
"4026",164,922327,15,12,63
"4027",153,852283,13,2,11
"4028",166,1212993,15,12,46
"4029",155,972659,14,2,11
"4030",154,927780,13,2,11
"4031",151,818728,13,2,13
"4032",153,908067,16,2,11
"4033",152,1025927,13,2,11
"4034",152,958818,15,12,46
"4035",158,913939,69,3,50
"4036",154,1067450,13,12,46
"4037",148,857735,12,2,11
"4038",153,855219,14,2,11
"4039",151,880384,12,2,12
"4040",164,1293943,15,12,46
"4041",152,1176502,13,2,11
"4042",148,989436,14,2,11
"4043",150,955882,14,2,13
"4044",156,1022991,14,13,49
"4045",151,1031379,12,2,11
"4046",155,1098488,14,159,19
"4047",150,930716,13,2,15
"4048",148,972659,14,2,11
"4049",146,897162,13,1,11
"4050",138,813276,15,2,13
"4051",135,964270,12,2,11
"4052",146,1159725,14,12,46
"4053",142,1095552,14,1,11
"4054",157,986500,14,12,46
"4055",150,882901,12,2,11
"4056",162,1011666,15,12,46
"4057",152,961334,13,2,11
"4058",152,950010,14,2,11
"4059",157,913939,12,2,11
"4060",159,1022991,13,12,46
"4061",151,922327,12,2,11
"4062",153,913939,15,2,11
"4063",151,941621,13,2,11
"4064",159,1212993,13,2,11
"4065",153,1022991,13,2,11
"4066",151,1022991,14,2,11
"4067",151,950010,12,2,11
"4068",149,989436,14,2,11
"4069",147,1008730,13,2,11
"4070",158,969723,16,12,49
"4071",153,843894,14,1,11
"4072",160,1028443,14,12,46
"4073",152,986500,13,2,11
"4074",153,922327,14,2,11
"4075",153,955882,12,2,11
"4076",167,1241095,14,12,46
"4077",153,1048157,13,2,11
"4078",150,1022991,14,2,15
"4079",153,863607,12,2,11
"4080",153,771332,15,2,11
"4081",153,871996,13,2,11
"4082",156,989436,45,2,11
"4083",148,1006214,13,2,11
"4084",162,821664,13,12,46
"4085",153,950429,13,2,11
"4086",153,874512,14,2,11
"4087",153,857735,11,2,11
"4088",167,1087164,14,12,46
"4089",153,1059062,14,2,11
"4090",153,930716,14,2,11
"4091",153,944557,12,2,11
"4092",161,939105,15,12,46
"4093",155,911003,12,2,11
"4094",155,919391,19,2,11
"4095",154,1022991,14,2,11
"4096",160,939105,13,12,46
"4097",153,983564,13,2,11
"4098",153,1006214,15,2,11
"4099",152,1003278,12,2,11
"4100",169,1221381,14,12,46
"4101",154,1171050,13,1,11
"4102",160,947493,14,12,46
"4103",153,941621,12,2,13
"4104",161,952946,13,12,46
"4105",157,939105,11,2,11
"4106",161,877448,15,12,57
"4107",155,1022991,13,2,22
"4108",158,952946,12,12,48
"4109",153,913939,14,2,15
"4110",154,952946,15,2,11
"4111",152,936169,11,2,11
"4112",169,1090100,15,12,45
"4113",156,1115265,14,2,11
"4114",159,1059062,13,12,46
"4115",153,860671,14,2,26
"4116",163,983564,15,12,46
"4117",152,869060,12,2,11
"4118",160,1014602,14,12,46
"4119",155,1061998,13,2,15
"4120",158,874512,12,12,49
"4121",155,874512,13,2,18
"4122",154,793562,16,2,11
"4123",176,1008730,12,67,29
"4124",164,1165597,15,2,11
"4125",154,1165597,15,2,11
"4126",172,897162,13,12,46
"4127",152,905550,13,2,11
"4128",153,972659,14,2,14
"4129",156,981048,11,28,19
"4130",162,1006214,17,45,52
"4131",153,955882,13,2,11
"4132",159,1006214,13,6,17
"4133",155,947493,14,3,12
"4134",162,1006214,15,26,59
"4135",160,880384,12,32,41
"4136",163,1073322,15,2,15
"4137",158,1031379,14,11,19
"4138",156,1106877,13,12,46
"4139",169,1008730,14,10,29
"4140",165,1031379,16,8,19
"4141",175,969723,13,34,30
"4142",198,1126171,16,33,83
"4143",165,1134559,13,8,19
"4144",167,1182374,14,71,105
"4145",153,899678,13,2,11
"4146",160,981048,17,12,46
"4147",152,944557,11,2,11
"4148",220,1165597,17,104,59
"4149",177,1243611,14,19,43
"4150",173,1028443,15,11,28
"4151",172,1092616,14,6,16
"4152",174,939105,16,21,57
"4153",186,1134559,13,23,34
"4154",152,944557,15,2,11
"4155",151,902614,13,2,14
"4156",160,983564,13,12,46
"4157",213,950010,15,25,50
"4158",187,1067870,15,51,32
"4159",154,997825,12,3,13
"4160",222,1126171,15,245,29
"4161",221,1132043,16,367,258
"4162",153,944557,13,2,15
"4163",161,969723,13,31,14
"4164",211,1148820,15,216,59
"4165",170,1070386,18,178,32
"4166",812,1652136,1975,666,64
"4167",360,1741475,16,639,57
"4168",233,1238159,493,500,14
"4169",180,1151336,13,1,11
"4170",180,997825,16,1,10
"4171",175,964270,11,2,11
"4172",336,1526307,15,35,47
"4173",175,1434032,14,1,10
"4174",168,1190763,13,2,11
"4175",158,1090100,12,1,11
"4176",163,1090100,14,1,11
"4177",1002,1363988,536,103,115
"4178",419,1534696,21,46,131
"4179",470,1132043,13,57,84
"4180",196,1039768,11,25,17
"4181",217,950010,10,13,63
"4182",179,981048,9,1,18
"4183",284,1112329,12,34,92
"4184",221,1014602,11,18,30
"4185",214,966787,8,104,22
"4186",214,1020055,18,48,34
"4187",198,1109393,10,12,46
"4188",163,981048,9,1,14
"4189",157,927780,10,2,11
"4190",158,941621,12,1,11
"4191",200,997825,8,66,28
"4192",174,989436,11,2,11
"4193",208,1050673,9,26,55
"4194",225,1092616,10,31,44
"4195",248,1196216,10,26,26
"4196",162,1109393,11,2,11
"4197",162,1132043,8,1,14
"4198",164,1076258,10,1,11
"4199",194,981048,10,12,50
"4200",205,1087164,10,67,32
"4201",161,1118201,9,2,11
"4202",171,939105,11,9,24
"4203",165,1006214,8,5,17
"4204",156,955882,10,2,19
"4205",180,857735,10,9,25
"4206",158,1073322,9,2,15
"4207",189,1148820,9,12,45
"4208",179,1266260,11,21,33
"4209",200,1039768,9,27,74
"4210",173,1098488,12,7,24
"4211",200,1132043,10,120,153
"4212",167,1000342,10,126,137
"4213",287,1090100,10,106,140
"4214",174,1092616,11,156,163
"4215",180,952946,8,19,57
"4216",211,981048,12,31,39
"4217",199,1157208,10,59,51
"4218",211,1120718,9,18,35
"4219",260,1291426,12,49,101
"4220",280,1034315,12,48,98
"4221",287,1081711,9,89,142
"4222",255,1154272,12,76,59
"4223",251,1081711,12,59,108
"4224",272,1093036,12,46,89
"4225",276,1050673,13,46,102
"4226",274,1014602,15,41,102
"4227",293,1092616,11,50,133
"4228",368,1154272,15,122,192
"4229",393,1229770,14,148,238
"4230",323,1134559,13,51,141
"4231",412,1341758,13,80,192
"4232",576,1266260,16,81,190
"4233",4709,1207540,9,31,44
"4234",4990,1070386,11,12,21
"4235",4982,1075839,10,111,77
"4236",4972,1224317,9,120,56
"4237",4993,1109393,9,9,19
"4238",4962,916455,11,2,21
"4239",4991,1042704,7,1,16
"4240",4978,1101005,11,16,20
"4241",5004,1075839,9,9,38
"4242",4973,1008730,9,9,26
"4243",4969,1372376,10,38,91
"4244",5005,1070386,10,2,26
"4245",4996,813276,8,12,50
"4246",5004,1003278,11,19,32
"4247",4998,1003278,9,2,11
"4248",4977,952946,8,1,10
"4249",5001,908067,9,2,11
"4250",4992,975176,12,33,25
"4251",4979,897162,8,60,62
"4252",4974,952946,10,107,19
"4253",4985,986500,9,12,45
"4254",5011,1053609,9,1,10
"4255",4987,1229770,9,12,46
"4256",4983,1056545,11,2,17
"4257",5005,1126171,9,122,63
"4258",4972,1084228,11,31,42
"4259",4992,1006214,10,40,69
"4260",4998,950010,9,31,47
"4261",5001,1115265,10,33,25
"4262",4979,1031379,11,2,12
"4263",4996,911003,7,12,49
"4264",4992,997825,10,1,11
"4265",4998,972659,9,2,11
"4266",4969,972659,8,1,10
"4267",4966,1291426,9,12,46
"4268",5001,1033896,10,1,11
"4269",4967,1039768,7,12,45
"4270",4991,1028443,11,1,11
"4271",4982,1056545,8,2,11
"4272",4992,1031379,8,1,10
"4273",5003,972659,9,2,11
"4274",5007,1182374,13,17,26
"4275",4987,981048,7,1,10
"4276",4996,1045221,9,1,11
"4277",5000,1017538,9,2,11
"4278",5004,958398,8,1,10
"4279",4980,1266260,9,12,46
"4280",4998,1112329,10,1,11
"4281",4996,916455,7,1,10
"4282",4978,810340,10,1,11
"4283",5007,981048,9,2,11
"4284",4968,1118201,9,65,49
"4285",5004,1260388,9,20,51
"4286",4984,1053609,11,1,11
"4287",4977,1045221,7,12,45
"4288",4994,1199152,10,1,11
"4289",4970,952946,9,2,11
"4290",4967,1087164,9,1,11
"4291",4975,1221381,9,12,46
"4292",4992,1218445,11,38,27
"4293",4984,986500,7,1,10
"4294",4963,924844,10,19,33
"4295",4978,1101005,9,12,46
"4296",4981,1235223,9,8,21
"4297",4989,1350146,9,11,26
"4298",4983,1190763,11,1,11
"4299",4994,1039768,7,12,45
"4300",4974,1056545,11,23,21
"4301",4995,1148820,11,35,57
"4302",4988,1249483,9,39,49
"4303",4950,1358535,8,2,11
"4304",4973,1081711,10,1,11
"4305",5003,981048,7,1,10
"4306",4997,1056545,10,2,15
"4307",4982,947493,9,2,25
"4308",4973,1031379,8,1,10
"4309",5001,1073322,9,12,46
"4310",4982,1059481,11,1,11
"4311",4977,975176,7,1,10
"4312",5003,1022991,10,1,11
"4313",4996,947493,9,2,11
"4314",4992,989436,8,1,10
"4315",4968,1324981,9,12,45
"4316",4977,1134559,10,1,11
"4317",4976,1028443,7,12,45
"4318",5005,1182374,10,1,11
"4319",4961,1073322,9,12,46
"4320",4993,1115265,10,1,10
"4321",4980,997825,9,2,11
"4322",4979,1148820,11,1,11
"4323",4997,997825,8,1,10
"4324",4984,1615646,70,44,2367
"4325",4955,1937349,9,12,45
"4326",4983,1176502,8,1,10
"4327",4978,1285554,9,2,11
"4328",4969,1033896,10,1,11
"4329",4956,972659,7,12,45
"4330",4960,1000342,11,2,27
"4331",4984,922327,9,12,46
"4332",4975,1090100,8,1,10
"4333",4975,930716,9,2,11
"4334",4965,1171050,11,159,19
"4335",4992,1087164,7,12,45
"4336",4974,1098488,10,1,11
"4337",4970,972659,10,12,53
"4338",4972,981048,8,1,10
"4339",5005,1212993,9,2,11
"4340",5018,1112329,10,2,22
"4341",5024,1039768,7,1,10
"4342",5020,1039768,10,2,11
"4343",5013,1031379,9,2,11
"4344",4997,961334,8,1,10
"4345",4972,922327,9,12,46
"4346",4982,1020055,11,1,11
"4347",4991,1067450,7,12,45
"4348",4995,986500,10,1,11
"4349",4989,897162,10,2,11
"4350",4992,1048157,9,1,12
"4351",4976,1299815,9,2,18
"4352",5004,1090100,10,1,11
"4353",4982,1048157,7,1,10
"4354",4997,1039768,10,1,11
"4355",5001,989436,9,2,11
"4356",5007,1190763,8,1,10
"4357",4986,1081711,9,2,11
"4358",5009,997825,10,1,11
"4359",4996,972659,7,1,18
"4360",4987,964270,10,1,18
"4361",4995,997825,9,12,53
"4362",4986,964270,8,1,12
"4363",4987,1268777,9,12,46
"4364",4997,1291426,10,1,18
"4365",4983,1098488,7,1,10
"4366",5014,1117782,10,2,11
"4367",4983,994889,9,12,45
"4368",4986,1048157,8,1,10
"4369",5010,983564,9,12,46
"4370",4978,1003278,76,2,11
"4371",4997,1087164,71,1,10
"4372",4988,1120718,51,1,11
"4373",4983,1201668,9,2,11
"4374",4991,1095552,8,1,10
"4375",4986,1274649,9,12,45
"4376",4989,1176502,10,2,13
"4377",4994,1098488,7,12,45
"4378",4976,1157208,10,1,11
"4379",4986,1148820,9,12,46
"4380",4974,1377829,8,1,10
"4381",4985,1257872,9,12,46
"4382",4975,1120718,17,1,11
"4383",4992,1187827,7,12,45
"4384",4998,1257872,10,1,11
"4385",4990,1109393,9,12,46
"4386",4998,1168114,8,1,10
"4387",5008,1459198,9,2,11
"4388",4992,1106877,10,1,11
"4389",4996,1039768,7,12,45
"4390",5008,1140431,11,2,11
"4391",5002,1115265,9,12,46
"4392",4962,1157208,8,1,10
"4393",4978,972659,9,2,11
"4394",4963,1140431,11,1,11
"4395",5000,1098488,7,1,10
"4396",4984,1048157,10,2,18
"4397",4992,1115265,9,2,11
"4398",4988,1106877,8,1,10
"4399",4986,1333369,9,2,11
"4400",4972,1115265,10,1,11
"4401",4985,1145884,7,1,10
"4402",4977,1017119,10,2,11
"4403",4975,1115265,9,12,46
"4404",4974,1061998,8,1,10
"4405",4976,1075839,8,2,11
"4406",5000,1084228,11,1,11
"4407",5003,1087164,7,1,10
"4408",4997,1162661,11,3,18
"4409",4980,1212993,10,3,17
"4410",4966,1366924,10,12,28
"4411",4949,1478492,9,2,11
"4412",4986,1129107,10,1,11
"4413",4994,1059062,8,12,52
"4414",5006,1291426,10,2,11
"4415",4989,1075839,9,2,11
"4416",5008,1129107,8,1,10
"4417",4998,1067450,9,2,18
"4418",4985,1090100,12,17,26
"4419",4970,1103941,8,38,32
"4420",4986,1115265,11,81,47
"4421",5003,1176502,10,28,49
"4422",4964,1014602,8,1,10
"4423",4981,1464651,9,12,46
"4424",4995,1176502,10,11,14
"4425",4988,1176502,8,52,43
"4426",5004,1246547,11,87,44
"4427",4991,1148820,12,18,54
"4428",5002,1090100,21,0,0
"4429",4854,1098488,27,3,94
"4430",853,1637876,517,16,77
"4431",1230,1123654,11,11,140
"4432",2495,871996,10,1,6
"4433",2518,888773,9,1,10
"4434",2480,888773,10,1,5
"4435",2543,1031379,9,5,11
"4436",2543,888773,11,12,40
"4437",2524,955882,8,0,6
"4438",2557,1003278,11,5,15
"4439",3228,1081711,11,6,13
"4440",4990,1025507,9,11,40
"4441",4990,1008730,10,4,14
"4442",4987,1176502,12,1,11
"4443",4971,1017119,8,1,5
"4444",4986,1061998,11,25,59
"4445",4991,961334,10,1,6
"4446",4991,1014602,10,1,26
"4447",5001,978112,10,4,14
"4448",4966,1075839,13,33,61
"4449",4999,1090100,10,39,41
"4450",4990,1098488,14,103,102
"4451",4986,1106877,12,48,73
"4452",5020,1033896,9,17,27
"4453",4993,1031379,10,5,12
"4454",4990,1358535,12,26,55
"4455",4990,1056545,8,0,5
"4456",5004,1048157,11,4,14
"4457",4996,863607,10,1,18
"4458",4966,897162,11,24,72
"4459",4990,1073322,10,1,7
"4460",4961,1022991,11,12,45
"4461",4995,1039768,8,0,5
"4462",4982,1048157,12,38,82
"4463",4977,1039768,10,11,14
"4464",5004,1073322,9,1,6
"4465",4975,1042285,9,1,10
"4466",4951,1327497,11,11,40
"4467",5000,1112329,8,1,9
"4468",4992,1006214,10,11,40
"4469",4978,1025507,10,1,6
"4470",4996,1003278,10,0,5
"4471",4970,1028443,9,1,6
"4472",4966,969723,11,11,41
"4473",4979,939105,8,0,5
"4474",4994,1020055,10,11,40
"4475",4979,997825,9,14,10
"4476",4988,1112329,10,22,56
"4477",4957,1140431,10,24,25
"4478",4974,1238159,11,1,8
"4479",4996,1159725,8,16,11
"4480",4996,1173986,11,187,32
"4481",4979,1067870,11,1,9
"4482",4982,1028443,9,1,5
"4483",4987,1008730,9,1,6
"4484",5007,1112329,11,11,40
"4485",4987,986500,8,7,13
"4486",4977,1095552,17,0,0
"4487",4991,846830,20,1,4
"4488",1549,1512047,535,14,46
"4489",178,1134559,10,1,5
"4490",166,894226,13,1,10
"4491",151,779721,8,1,6
"4492",220,718065,12,12,45
"4493",381,897162,13,12,37
"4494",177,939105,10,6,20
"4495",188,1039768,11,3,23
"4496",259,874512,14,21,96
"4497",142,1022991,8,1,5
"4498",2115,986500,12,25,63
"4499",4982,1073322,16,4,13
"4500",4997,1148820,11,1,8
"4501",4975,930716,10,1,5
"4502",4961,1132043,14,21,59
"4503",5003,1084228,8,0,5
"4504",4985,966787,12,2,14
"4505",4986,1028443,15,6,14
"4506",4054,961334,534,2,4
"4507",345,1361052,15,8,19
"4508",248,1014602,11,22,53
"4509",165,871996,21,1,5
"4510",725,975176,1497,15,51
"4511",214,1470104,11,1,10
"4512",162,908067,9,0,5
"4513",199,924844,9,12,40
"4514",159,933233,12,1,7
"4515",391,978112,11,240,261
"4516",184,908067,10,1,6
"4517",156,994889,10,1,6
"4518",156,972659,9,1,5
"4519",272,961334,10,97,23
"4520",151,952946,11,1,10
"4521",184,1028443,8,11,40
"4522",287,986500,12,141,35
"4523",186,1185310,10,12,44
"4524",140,894226,9,1,5
"4525",161,936169,10,11,40
"4526",137,821664,11,1,6
"4527",146,964270,8,11,40
"4528",181,947493,11,7,23
"4529",215,1173986,11,29,56
"4530",139,1081711,10,1,5
"4531",143,888773,9,1,6
"4532",152,981048,11,1,6
"4533",152,981048,8,1,5
"4534",147,947493,10,1,6
"4535",135,944557,9,1,6
"4536",137,983564,9,1,5
"4537",137,981048,9,1,6
"4538",143,888773,12,13,15
"4539",137,894226,8,1,5
"4540",138,869060,10,1,6
"4541",152,919391,10,11,40
"4542",145,1020055,10,1,11
"4543",207,1051093,11,28,65
"4544",177,1003278,11,13,18
"4545",143,936169,8,1,5
"4546",153,1039768,11,1,9
"4547",138,1179438,11,1,10
"4548",137,981048,9,1,8
"4549",149,930716,10,12,40
"4550",140,1017119,12,1,6
"4551",150,1078775,9,11,40
"4552",225,1098488,14,90,29
"4553",154,1157208,10,11,8
"4554",178,1078775,10,52,20
"4555",183,1103941,11,28,64
"4556",168,1050673,11,114,16
"4557",149,997825,8,11,40
"4558",150,1090100,10,1,6
"4559",136,1140431,10,1,6
"4560",133,922327,9,1,5
"4561",139,930716,9,1,6
"4562",143,1031379,13,1,6
"4563",137,871996,8,1,5
"4564",137,913939,10,1,6
"4565",135,922327,9,1,6
"4566",134,843894,9,1,5
"4567",139,897162,9,1,6
"4568",141,897162,11,1,6
"4569",136,1020055,8,1,5
"4570",148,1045221,11,1,10
"4571",166,1165597,10,12,43
"4572",133,950010,9,0,5
"4573",147,908067,9,12,40
"4574",136,902614,11,1,6
"4575",144,930716,8,1,6
"4576",137,1017119,10,1,6
"4577",145,860671,10,12,40
"4578",134,905550,9,1,5
"4579",145,1011666,9,11,40
"4580",135,1011666,11,1,6
"4581",139,866124,8,1,5
"4582",146,944557,10,1,6
"4583",135,1103941,10,1,6
"4584",134,1020055,9,1,5
"4585",136,941621,9,1,6
"4586",136,891290,12,1,6
"4587",153,922327,8,11,44
"4588",136,972659,10,1,6
"4589",136,972659,10,1,6
"4590",134,871996,10,1,5
"4591",144,913939,9,11,40
"4592",136,947493,11,1,6
"4593",132,1048157,8,1,5
"4594",144,989436,10,1,14
"4595",139,1129107,10,11,40
"4596",134,989436,9,1,5
"4597",149,964270,9,11,40
"4598",136,846830,11,1,6
"4599",133,897162,8,1,5
"4600",135,972659,10,1,5
"4601",143,897162,10,11,40
"4602",133,863607,9,1,5
"4603",137,813276,9,1,6
"4604",139,930716,10,1,6
"4605",134,838441,8,1,6
"4606",142,981048,10,1,5
"4607",136,1112329,10,1,6
"4608",135,888773,11,1,5
"4609",136,815792,9,1,6
"4610",129,827117,12,1,6
"4611",131,897162,10,11,40
"4612",131,913939,10,1,5
"4613",139,863607,10,12,40
"4614",131,877448,9,1,5
"4615",141,947493,9,11,40
"4616",133,1017538,10,1,6
"4617",133,952946,8,1,5
"4618",146,950010,10,1,5
"4619",134,1008730,10,1,6
"4620",131,866124,9,1,5
"4621",136,880384,9,1,6
"4622",145,1101005,12,158,13
"4623",133,1011666,7,1,5
"4624",137,852283,10,1,6
"4625",143,891290,10,12,40
"4626",190,1607257,69,35,1526
"4627",115,1377829,9,1,6
"4628",116,908067,10,1,6
"4629",119,897162,8,1,5
"4630",137,905550,11,1,5
"4631",134,1031379,10,12,40
"4632",128,905550,9,1,5
"4633",134,939105,9,1,6
"4634",135,930716,12,1,6
"4635",132,905550,8,1,5
"4636",134,947493,10,1,6
"4637",136,821664,9,1,6
"4638",133,922327,9,1,5
"4639",138,922327,9,1,6
"4640",134,880384,11,1,6
"4641",139,1033896,8,11,40
"4642",138,877448,10,1,5
"4643",133,1059062,9,1,6
"4644",124,927780,9,0,5
"4645",141,813276,9,11,40
"4646",133,919391,11,1,6
"4647",139,835505,8,11,40
"4648",134,944557,10,1,5
"4649",142,857735,10,11,41
"4650",131,902614,10,1,5
"4651",134,992372,9,1,5
"4652",130,1006214,10,1,6
"4653",141,894226,8,11,40
"4654",137,838441,10,1,5
"4655",134,905550,10,1,6
"4656",132,877448,9,1,5
"4657",134,899678,9,1,6
"4658",140,966787,42,1,6
"4659",133,927780,8,11,40
"4660",136,942041,10,1,5
"4661",136,964270,9,1,6
"4662",136,897162,9,0,5
"4663",135,939105,9,1,6
"4664",135,939105,10,1,6
"4665",134,905550,8,1,5
"4666",141,855219,10,1,5
"4667",134,1006214,9,1,6
"4668",131,871996,9,1,5
"4669",134,989436,9,1,6
"4670",136,871996,15,1,6
"4671",140,955882,8,11,40
"4672",134,894226,10,1,5
"4673",135,888773,10,1,6
"4674",132,969723,9,0,5
"4675",134,902614,9,1,5
"4676",135,860671,10,1,6
"4677",132,913939,7,1,5
"4678",143,1098488,10,1,13
"4679",146,1212993,9,12,40
"4680",130,874512,9,1,5
"4681",134,924844,8,1,6
"4682",137,1031379,11,1,6
"4683",133,916455,7,1,5
"4684",134,815792,10,1,5
"4685",136,899678,9,1,6
"4686",131,1064934,9,1,5
"4687",142,888773,9,12,40
"4688",134,933652,10,1,6
"4689",131,894226,8,1,5
"4690",143,874512,11,1,5
"4691",142,1036832,10,11,40
"4692",132,989436,9,1,7
"4693",136,855219,9,1,5
"4694",137,981048,12,1,6
"4695",132,888773,7,1,5
"4696",135,947493,10,1,5
"4697",133,897162,10,1,6
"4698",132,922327,9,1,5
"4699",140,964270,9,11,40
"4700",135,939105,10,1,6
"4701",132,871996,8,1,5
"4702",142,721001,10,1,6
"4703",134,950429,10,1,6
"4704",131,835505,9,1,5
"4705",133,877448,9,1,6
"4706",135,939105,12,1,6
"4707",140,804887,8,11,40
"4708",135,885837,10,1,5
"4709",134,1033896,10,1,6
"4710",132,827117,10,1,5
"4711",142,986500,9,11,40
"4712",135,986500,10,1,6
"4713",140,885837,8,11,40
"4714",143,930716,10,1,5
"4715",143,1064934,10,11,40
"4716",131,1059062,9,1,5
"4717",136,961334,9,1,6
"4718",132,947493,11,1,6
"4719",139,880384,9,11,40
"4720",135,866124,10,1,5
"4721",136,899678,9,1,6
"4722",132,860671,9,1,5
"4723",142,947493,9,12,40
"4724",134,1022991,11,1,6
"4725",133,1006214,8,1,5
"4726",145,981048,10,1,5
"4727",133,989436,10,1,6
"4728",131,930716,9,1,5
"4729",139,1006214,10,12,40
"4730",130,1081711,12,1,7
"4731",139,947493,8,11,40
"4732",134,880384,10,1,5
"4733",134,947493,9,1,6
"4734",133,924844,9,1,5
"4735",135,885837,9,1,5
"4736",137,830053,11,1,6
"4737",132,1031379,8,1,5
"4738",151,941621,11,13,11
"4739",149,1073322,10,91,51
"4740",131,911003,9,1,5
"4741",142,1067450,9,12,40
"4742",132,944557,11,1,6
"4743",133,908067,8,1,6
"4744",134,927780,10,1,5
"4745",141,869060,10,11,40
"4746",134,919391,9,1,5
"4747",135,857735,9,1,5
"4748",136,950010,10,1,6
"4749",141,947493,8,11,40
"4750",142,880384,11,1,10
"4751",134,1137495,9,1,6
"4752",132,950010,9,1,5
"4753",142,1087164,9,12,40
"4754",135,947493,11,1,6
"4755",139,930716,8,11,40
"4756",134,922327,10,1,5
"4757",134,888773,9,1,6
"4758",132,1006214,9,1,5
"4759",141,930716,9,11,40
"4760",135,930716,10,1,6
"4761",133,754555,8,1,5
"4762",142,888773,10,1,5
"4763",135,1232706,9,1,6
"4764",131,989436,9,1,5
"4765",141,815792,9,11,40
"4766",135,955882,11,1,6
"4767",132,969723,8,1,5
"4768",135,922327,10,1,5
"4769",135,869060,9,1,6
"4770",135,790626,9,1,5
"4771",141,922327,9,11,40
"4772",135,897162,10,1,6
"4773",140,813276,8,11,40
"4774",140,955882,10,1,5
"4775",133,1022991,9,1,6
"4776",131,863607,9,1,5
"4777",145,860671,10,12,45
"4778",172,1053609,13,17,22
"4779",159,1045221,9,6,11
"4780",137,1042285,10,1,5
"4781",143,989436,9,11,40
"4782",132,975176,9,1,5
"4783",141,840958,9,12,40
"4784",135,947493,11,1,13
"4785",141,997825,8,11,40
"4786",146,964270,10,1,5
"4787",135,1073322,9,1,6
"4788",130,897162,9,1,5
"4789",142,838441,9,12,40
"4790",134,863607,12,1,6
"4791",140,947493,8,11,40
"4792",136,981048,10,1,5
"4793",135,762944,10,1,6
"4794",131,947493,9,1,5
"4795",136,810340,9,1,5
"4796",135,832569,10,1,6
"4797",134,746167,8,1,5
"4798",141,838441,10,1,5
"4799",142,1109393,9,11,40
"4800",133,941621,10,1,5
"4801",135,877448,10,1,5
"4802",132,852283,11,1,6
"4803",136,908067,8,11,40
"4804",132,955882,10,1,5
"4805",139,871996,10,11,40
"4806",130,905550,9,0,5
"4807",137,983564,9,1,6
"4808",134,1050673,10,1,6
"4809",138,908067,8,11,40
"4810",142,916455,11,1,5
"4811",140,1025507,10,11,41
"4812",131,911003,9,0,5
"4813",139,958818,9,11,43
"4814",130,919391,11,1,6
"4815",130,1020055,8,1,5
"4816",133,902614,10,1,5
"4817",132,880384,9,1,6
"4818",134,821664,9,1,5
"4819",142,1022991,9,12,40
"4820",132,1073322,11,1,6
"4821",134,981048,8,11,40
"4822",141,913939,10,1,5
"4823",132,897162,9,1,6
"4824",134,838441,9,1,5
"4825",133,846830,9,1,5
"4826",134,793562,11,1,6
"4827",132,821664,8,1,5
"4828",134,952946,10,1,5
"4829",134,913939,9,1,6
"4830",132,866124,9,1,5
"4831",141,978112,9,11,40
"4832",132,1048157,10,1,6
"4833",137,983564,8,11,40
"4834",137,846830,10,1,5
"4835",131,1101005,9,1,6
"4836",130,891290,9,1,12
"4837",137,869060,9,11,40
"4838",134,866124,11,1,6
"4839",139,897162,8,11,40
"4840",136,922327,10,1,5
"4841",137,975176,10,11,40
"4842",129,966787,9,1,5
"4843",134,840958,9,1,5
"4844",134,880384,10,1,6
"4845",138,927780,8,11,40
"4846",142,885837,10,1,5
"4847",139,1014602,10,12,40
"4848",131,981048,9,1,5
"4849",133,939105,9,1,5
"4850",154,888773,14,17,21
"4851",132,947493,8,1,5
"4852",134,913939,10,1,5
"4853",134,939105,9,1,6
"4854",126,972659,9,1,5
"4855",137,863607,9,11,40
"4856",132,955882,10,1,6
"4857",137,882901,8,11,40
"4858",143,888773,10,1,5
"4859",141,1090100,10,11,40
"4860",132,1003278,9,1,5
"4861",140,981048,9,11,40
"4862",136,952946,11,1,17
"4863",138,919391,8,11,40
"4864",134,843894,10,1,5
"4865",140,846830,10,11,40
"4866",133,981048,9,1,5
"4867",141,930716,10,11,43
"4868",135,936169,10,1,6
"4869",131,835505,8,1,5
"4870",140,916455,11,1,5
"4871",134,1042285,9,1,6
"4872",130,821664,9,1,5
"4873",139,1014602,9,11,40
"4874",135,1025507,11,1,6
"4875",136,891290,8,1,5
"4876",144,913939,10,1,5
"4877",135,888773,10,1,6
"4878",131,855219,9,1,5
"4879",141,880384,9,12,40
"4880",135,846830,10,1,6
"4881",131,913939,8,1,5
"4882",143,939105,10,11,10
"4883",145,1140431,10,19,44
"4884",133,997825,9,4,6
"4885",133,1064934,9,1,5
"4886",135,855219,11,1,6
"4887",133,952946,8,1,5
"4888",135,835505,10,1,5
"4889",142,824181,10,11,40
"4890",132,961334,10,1,5
"4891",133,857735,9,1,5
"4892",136,843894,10,1,6
"4893",139,992372,8,11,40
"4894",142,944557,10,1,5
"4895",136,1075839,10,1,6
"4896",134,924844,11,1,5
"4897",141,866124,9,11,40
"4898",126,874512,11,1,7
"4899",139,1134559,66,12,64
"4900",127,1132043,10,1,5
"4901",138,955882,10,12,40
"4902",131,869060,9,1,5
"4903",134,821664,9,1,5
"4904",129,796498,11,1,6
"4905",125,860671,8,1,5
"4906",135,1031379,10,1,5
"4907",129,1070386,9,1,6
"4908",128,897162,9,1,5
"4909",134,947493,9,1,5
"4910",130,863607,12,1,6
"4911",138,813276,8,11,40
"4912",135,922327,9,1,5
"4913",139,888773,10,11,40
"4914",116,746167,9,1,5
"4915",118,997825,9,1,5
"4916",119,1064934,11,1,6
"4917",125,779721,8,1,5
"4918",138,771332,10,1,5
"4919",131,1098488,9,1,6
"4920",130,958398,9,1,5
"4921",150,922327,9,11,40
"4922",135,874512,11,1,6
"4923",138,857735,8,11,40
"4924",135,888773,10,1,5
"4925",135,838441,9,1,6
"4926",132,849347,9,1,5
"4927",143,1006214,9,11,40
"4928",134,916455,10,1,6
"4929",132,877448,8,1,5
"4930",140,874512,10,1,5
"4931",139,1101005,10,12,40
"4932",132,986500,9,1,5
"4933",134,885837,9,1,5
"4934",130,838441,11,1,6
"4935",136,846830,8,11,40
"4936",134,866124,10,1,5
"4937",134,835505,10,1,6
"4938",133,874512,9,0,5
"4939",133,941621,9,1,5
"4940",133,947493,10,1,6
"4941",131,916455,8,1,5
"4942",141,821664,10,1,6
"4943",137,1224317,10,1,6
"4944",131,989436,8,1,5
"4945",135,838441,9,1,6
"4946",142,964270,42,1,6
"4947",126,1006214,7,1,5
"4948",134,922327,10,1,5
"4949",142,947493,10,11,40
"4950",683,1039768,107,1,5
"4951",133,966787,9,1,7
"4952",134,880384,10,1,6
"4953",133,950010,8,1,5
"4954",142,964270,10,1,5
"4955",141,1081711,10,12,40
"4956",130,916455,9,1,5
"4957",141,955882,9,11,40
"4958",141,902614,14,1,6
"4959",138,924844,8,11,40
"4960",134,888773,10,1,5
"4961",144,882901,10,11,40
"4962",132,983564,9,1,5
"4963",141,989436,9,11,40
"4964",135,924844,10,1,6
"4965",139,969723,8,11,40
"4966",140,936169,10,1,5
"4967",135,1000342,9,1,6
"4968",131,924844,9,1,5
"4969",133,941621,10,1,5
"4970",133,978112,11,1,6
"4971",136,1042285,9,11,40
"4972",131,933233,10,1,8
"4973",132,830053,10,1,6
"4974",130,830053,9,1,5
"4975",151,1006214,9,12,40
"4976",133,922327,11,1,6
"4977",136,880384,8,11,40
"4978",139,981048,10,1,5
"4979",139,1123654,9,11,40
"4980",130,930716,9,1,5
"4981",140,846830,9,12,40
"4982",134,944557,11,1,6
"4983",132,888773,8,1,5
"4984",135,972659,10,1,6
"4985",134,902614,9,1,6
"4986",132,882901,9,1,5
"4987",137,885837,9,1,5
"4988",136,768396,10,1,6
"4989",138,958818,8,11,40
"4990",141,1053609,10,1,6
"4991",140,1039768,10,11,40
"4992",131,975176,9,1,5
"4993",139,911003,9,1,6
"4994",146,852283,12,16,21
"4995",132,863607,8,1,5
"4996",137,874512,10,1,5
"4997",137,902614,10,1,6
"4998",134,992372,9,1,5
"4999",142,978112,9,11,40
"5000",136,911003,10,1,6
"5001",143,880384,8,11,40
"5002",142,1067450,9,1,6
"5003",141,1210057,10,12,40
"5004",132,1048157,8,1,5
"5005",142,939105,9,11,40
"5006",133,838441,11,1,6
"5007",132,905550,8,1,5
"5008",134,888773,10,1,5
"5009",143,813276,10,11,41
"5010",132,762944,9,1,5
"5011",134,871996,9,1,5
"5012",134,939105,10,1,6
"5013",132,1031379,8,1,5
"5014",141,941621,10,1,5
"5015",133,1003278,9,1,6
"5016",131,927780,9,1,5
"5017",132,919391,9,1,6
"5018",132,1011666,11,1,6
"5019",132,908067,8,1,5
"5020",134,835505,10,1,6
"5021",135,782238,10,1,6
"5022",132,894226,9,1,5
"5023",137,975176,9,1,5
"5024",134,924844,10,1,6
"5025",139,930716,8,11,40
"5026",135,952946,10,1,5
"5027",140,1126171,9,1,6
"5028",132,924844,9,1,5
"5029",143,860671,9,11,40
"5030",136,947493,12,1,6
"5031",138,1020055,8,11,40
"5032",136,880384,10,1,13
"5033",143,991953,10,11,40
"5034",135,1048157,9,1,7
"5035",151,964270,9,11,40
"5036",135,981048,10,1,6
"5037",138,922327,8,11,40
"5038",134,1031379,10,1,5
"5039",157,1157208,10,12,40
"5040",131,1006214,9,1,5
"5041",142,855219,9,11,40
"5042",133,947493,11,1,6
"5043",131,939105,8,1,5
"5044",136,821664,10,1,5
"5045",141,1017119,10,11,40
"5046",136,1129107,9,1,6
"5047",134,1078775,9,1,6
"5048",135,1008730,10,1,6
"5049",138,911003,8,11,40
"5050",135,894226,11,1,5
"5051",141,964270,10,1,6
"5052",131,969723,9,0,5
"5053",134,866124,9,1,5
"5054",133,930716,11,1,6
"5055",138,840958,8,11,40
"5056",134,919391,10,1,5
"5057",136,911003,10,1,6
"5058",132,860671,9,1,5
"5059",136,1048157,9,1,5
"5060",138,933233,11,1,6
"5061",137,933233,8,11,40
"5062",134,874512,10,1,5
"5063",146,1210057,10,11,40
"5064",130,894226,9,1,5
"5065",135,871996,9,1,6
"5066",134,997825,11,1,6
"5067",131,981048,8,1,5
"5068",135,830053,10,1,5
"5069",136,830053,9,1,6
"5070",132,897162,10,1,5
"5071",136,863607,9,1,6
"5072",137,863607,11,1,6
"5073",133,779721,8,1,5
"5074",135,972659,10,1,5
"5075",149,1098488,9,12,40
"5076",131,975176,9,1,5
"5077",140,818728,9,11,40
"5078",134,807404,11,1,6
"5079",151,894226,9,13,51
"5080",142,1045221,11,34,19
"5081",137,1053609,9,1,6
"5082",133,950010,9,1,5
"5083",137,1048157,10,1,11
"5084",137,855219,10,1,9
"5085",132,902614,8,1,5
"5086",135,936169,10,1,7
"5087",153,1260388,10,12,40
"5088",132,1036832,9,1,5
"5089",157,983564,10,16,46
"5090",132,1067450,12,1,6
"5091",130,899678,8,1,5
"5092",135,983564,10,1,5
"5093",135,894226,9,1,6
"5094",132,922327,9,1,5
"5095",137,897162,9,1,6
"5096",134,975176,11,1,22
"5097",139,958398,8,11,40
"5098",144,930716,11,5,17
"5099",153,1207540,10,2,8
"5100",131,1014602,9,1,5
"5101",134,880384,9,1,5
"5102",130,779721,11,1,6
"5103",138,930716,8,11,40
"5104",133,855219,10,1,5
"5105",134,897162,9,1,6
"5106",135,821664,9,1,5
"5107",140,939105,9,12,40
"5108",135,1056545,11,1,6
"5109",138,874512,8,11,40
"5110",134,849347,10,1,5
"5111",139,1123654,10,1,8
"5112",129,972659,9,1,5
"5113",139,950429,9,11,40
"5114",135,961334,11,1,6
"5115",137,894226,8,11,40
"5116",134,905550,10,1,5
"5117",134,924844,9,1,6
"5118",132,958398,9,1,5
"5119",133,897162,9,1,24
"5120",135,1006214,10,1,6
"5121",138,936169,8,11,40
"5122",135,860671,10,1,5
"5123",148,1151336,10,12,42
"5124",132,964270,9,1,5
"5125",136,855219,9,11,40
"5126",136,944557,11,1,6
"5127",141,1020055,8,11,43
"5128",136,1014602,10,1,5
"5129",143,894226,10,12,45
"5130",131,888773,9,0,5
"5131",140,930716,9,11,40
"5132",129,897162,11,1,6
"5133",130,939105,8,1,5
"5134",138,855219,10,1,5
"5135",147,964270,10,11,40
"5136",131,947493,9,1,5
"5137",141,897162,9,11,40
"5138",142,1064934,13,1,6
"5139",139,804887,8,11,40
"5140",135,796498,10,1,5
"5141",141,871996,10,12,40
"5142",132,857735,9,1,5
"5143",141,821664,9,11,40
"5144",135,785174,10,1,6
"5145",132,782238,8,1,5
"5146",136,969723,10,1,5
"5147",142,1179438,9,1,6
"5148",131,885837,9,1,5
"5149",146,757072,9,12,43
"5150",136,793562,12,1,6
"5151",138,972659,8,11,40
"5152",133,964270,10,1,5
"5153",135,1006214,9,1,10
"5154",132,855219,9,0,5
"5155",140,1014602,9,11,40
"5156",134,855219,10,1,6
"5157",131,734842,8,1,5
"5158",134,762944,10,1,5
"5159",141,1087164,9,1,6
"5160",131,986500,9,1,5
"5161",135,855219,9,1,5
"5162",135,1039768,11,1,6
"5163",132,880384,7,1,5
"5164",134,779721,10,1,6
"5165",141,964270,10,11,40
"5166",131,888773,9,0,5
"5167",142,897162,9,11,40
"5168",136,1031379,10,1,6
"5169",138,888773,8,11,40
"5170",137,981048,11,1,10
"5171",147,1293943,10,12,40
"5172",131,975176,9,1,5
"5173",141,877448,9,11,40
"5174",136,950010,11,1,6
"5175",133,807404,8,1,5
"5176",135,832569,10,1,5
"5177",142,799015,10,12,40
"5178",141,821664,9,4,13
"5179",173,1003278,10,21,25
"5180",135,1039768,10,1,6
"5181",132,905550,8,1,5
"5182",135,936169,10,1,5
"5183",143,1168114,9,1,6
"5184",133,944557,11,1,5
"5185",136,927780,9,1,5
"5186",125,947493,11,1,6
"5187",134,877448,65,2,30
"5188",128,1064934,10,1,6
"5189",138,936169,10,12,40
"5190",131,874512,9,1,5
"5191",133,958398,9,1,5
"5192",134,897162,11,1,6
"5193",140,863607,8,11,43
"5194",134,1031379,10,1,13
"5195",149,1157208,10,11,40
"5196",131,997825,8,0,5
"5197",134,855219,9,1,6
"5198",140,1064934,11,158,13
"5199",138,830053,8,11,40
"5200",131,897162,10,1,5
"5201",139,871996,10,11,40
"5202",116,981048,9,1,5
"5203",115,905550,9,1,5
"5204",113,916455,11,1,6
"5205",115,885837,7,1,5
"5206",130,905550,9,1,5
"5207",138,1022991,9,1,6
"5208",129,874512,9,1,5
"5209",134,1025507,9,1,5
"5210",134,855219,12,1,6
"5211",138,913939,8,11,40
"5212",133,952946,10,1,5
"5213",140,944557,10,12,40
"5214",132,905550,9,1,5
"5215",135,796498,9,1,5
"5216",135,913939,10,1,6
"5217",133,874512,8,1,8
"5218",135,871996,10,1,5
"5219",146,1165597,10,11,40
"5220",125,983564,9,1,5
"5221",133,919391,9,1,5
"5222",133,793562,11,1,6
"5223",137,961334,8,11,40
"5224",134,832569,10,1,5
"5225",139,897162,10,12,42
"5226",131,922327,9,1,5
"5227",134,947493,9,1,5
"5228",128,939105,10,1,6
"5229",132,855219,7,1,5
"5230",135,922327,10,1,5
"5231",148,1014602,10,11,40
"5232",131,1106877,8,1,5
"5233",139,838441,9,11,40
"5234",140,922327,44,1,6
"5235",125,989436,8,1,5
"5236",133,1000342,10,1,5
"5237",141,888773,10,12,40
"5238",131,866124,9,1,5
"5239",133,877448,9,1,5
"5240",134,1123654,11,1,6
"5241",132,939105,8,1,7
"5242",137,922327,10,1,5
"5243",139,1064934,9,1,6
"5244",131,922327,9,1,5
"5245",139,782238,9,11,40
"5246",144,852283,14,1,6
"5247",139,905550,8,11,40
"5248",134,902614,10,1,5
"5249",140,846830,10,11,40
"5250",131,939105,9,1,5
"5251",134,882901,9,1,5
"5252",135,1073322,11,1,6
"5253",138,874512,8,11,40
"5254",134,874512,10,1,5
"5255",147,997825,10,11,40
"5256",131,880384,9,1,5
"5257",133,704224,9,1,5
"5258",136,871996,11,1,6
"5259",141,846830,8,11,40
"5260",139,888773,10,1,5
"5261",140,897162,10,11,40
"5262",133,981048,9,1,5
"5263",137,922327,9,1,10
"5264",136,955882,11,1,6
"5265",141,880384,8,11,45
"5266",134,1031379,10,1,6
"5267",140,1090100,9,1,6
"5268",131,894226,9,1,5
"5269",141,830053,9,11,40
"5270",134,936169,11,1,6
"5271",130,852283,8,1,5
"5272",132,944557,10,1,5
"5273",136,888773,11,1,10
"5274",145,1011666,9,6,13
"5275",139,908067,9,12,40
"5276",134,891290,10,1,6
"5277",136,969723,8,11,40
"5278",134,1028443,10,1,5
"5279",163,1232706,10,18,51
"5280",181,1090100,10,12,23
"5281",133,1045221,9,1,5
"5282",151,947493,13,23,20
"5283",148,1064934,9,9,17
"5284",135,939105,10,1,9
"5285",132,877448,9,1,6
"5286",131,860671,9,1,5
"5287",135,835505,9,1,5
"5288",134,880384,10,1,6
"5289",137,936169,8,11,40
"5290",133,922327,10,1,5
"5291",149,1081711,10,12,41
"5292",129,964270,9,1,5
"5293",142,880384,9,11,40
"5294",133,897162,11,1,6
"5295",131,897162,8,1,5
"5296",134,771332,10,1,5
"5297",133,955882,9,1,6
"5298",130,888773,9,1,5
"5299",135,846830,9,1,10
"5300",163,1115265,12,70,78
"5301",137,1090100,8,11,51
"5302",132,950010,10,1,5
"5303",143,1045221,10,1,6
"5304",131,882901,9,1,13
"5305",137,939105,9,12,40
"5306",131,936169,12,1,6
"5307",137,961334,8,11,44
"5308",133,832569,10,1,6
"5309",140,871996,11,12,45
"5310",134,860671,12,1,10
"5311",136,1003278,9,1,10
"5312",159,919391,12,10,32
"5313",139,1022991,9,12,68
"5314",1595,1020055,15,9,37
"5315",2502,1243611,11,14,25
"5316",2565,1184891,11,70,74
"5317",2574,1039768,11,18,37
"5318",2564,981048,13,71,65
"5319",2550,1022991,9,58,79
"5320",2565,1165597,13,77,80
"5321",2599,1076258,11,62,60
"5322",2511,981048,8,0,0
"5323",2530,452565,9,1,9
"5324",2526,586783,11,65,7
"5325",2545,284793,8,11,35
"5326",2531,721001,10,75,9
"5327",2512,662281,9,1,1
"5328",2532,385457,9,0,0
"5329",2524,226073,9,1,1
"5330",2509,276405,11,1,5
"5331",2534,234462,8,0,4
"5332",2575,603560,10,205,9
"5333",2520,804887,9,1,1
"5334",2510,284793,9,0,0
"5335",2490,181194,8,0,1
"5336",2525,290246,10,1,1
"5337",2533,284793,8,62,46
"5338",2567,1017538,12,98,38
"5339",2532,1031379,11,55,26
"5340",2523,692899,9,0,4
"5341",2553,796498,10,21,20
"5342",2545,528063,11,31,15
"5343",2644,1025507,9,101,74
"5344",2521,1022991,11,32,12
"5345",2547,589300,10,33,39
"5346",2522,857735,9,11,10
"5347",2524,463471,9,11,35
"5348",2530,930716,11,15,15
"5349",2521,558681,10,70,24
"5350",2512,525127,10,14,7
"5351",2537,622854,9,1,1
"5352",2506,387973,9,0,0
"5353",2506,192519,8,1,0
"5354",2538,259627,12,1,1
"5355",2523,307023,7,11,35
"5356",2523,511286,10,1,0
"5357",2516,293182,10,11,35
"5358",2507,446693,8,0,0
"5359",2497,276405,9,0,0
"5360",2521,332189,11,77,26
"5361",2527,318348,8,0,12
"5362",2518,214748,10,0,2
"5363",2537,441241,10,12,40
"5364",2512,460954,8,0,0
"5365",2534,276405,9,1,5
"5366",2523,251239,11,0,0
"5367",2543,281857,8,11,39
"5368",2522,611949,10,1,5
"5369",2526,287310,10,11,35
"5370",2531,536451,9,1,1
"5371",2532,494508,9,11,40
"5372",2529,880384,11,12,12
"5373",2520,821664,9,8,10
"5374",2504,704224,12,0,0
"5375",2515,575459,10,11,47
"5376",2519,550293,9,4,12
"5377",2541,737778,10,21,50
"5378",2504,667733,11,0,0
"5379",2515,346030,7,0,0
"5380",2514,239914,10,1,4
"5381",2502,248303,9,1,2
"5382",2531,226073,9,0,4
"5383",2520,214748,8,0,0
"5384",2538,335125,11,7,14
"5385",2516,704224,9,16,60
"5386",2537,799015,10,12,19
"5387",2534,754555,9,1,1
"5388",2494,354419,8,0,0
"5389",2528,293182,9,18,40
"5390",2525,508350,11,7,5
"5391",2495,301570,7,0,0
"5392",2518,226073,10,0,0
"5393",2520,354419,10,25,54
"5394",2519,645503,9,2,6
"5395",2514,575459,10,153,181
"5396",2484,799015,11,16,11
"5397",2535,575459,8,11,35
"5398",2530,407686,10,59,11
"5399",2537,955882,10,108,10
"5400",2507,715129,8,0,4
"5401",2521,357355,9,17,8
"5402",2514,343513,11,4,2
"5403",2536,670669,9,20,49
"5404",2509,863607,10,1,5
"5405",2517,360291,10,28,7
"5406",2514,368679,8,0,0
"5407",2497,256691,9,1,1
"5408",2518,385457,11,11,6
"5409",2507,293182,8,0,0
"5410",2521,217684,10,0,0
"5411",2506,553229,9,1,1
"5412",2496,309959,8,0,0
"5413",2538,217684,8,0,0
"5414",2520,220201,11,0,0
"5415",2521,206360,7,11,35
"5416",2514,441241,10,0,0
"5417",2511,223137,9,1,1
"5418",2499,214748,8,0,0
"5419",2545,197971,9,11,35
"5420",2534,486120,10,0,0
"5421",2536,251239,7,11,35
"5422",2527,519674,10,0,0
"5423",2506,438305,9,1,3
"5424",2523,301570,8,0,0
"5425",2534,200907,9,0,0
"5426",2507,354419,12,1,1
"5427",2490,236978,8,0,4
"5428",2536,234462,9,8,3
"5429",2510,256691,10,36,19
"5430",2500,362807,9,4,3
"5431",2527,245367,8,1,0
"5432",2502,153092,10,1,0
"5433",2517,251239,8,11,35
"5434",2534,541904,10,0,3
"5435",2525,642567,10,11,35
"5436",2523,550293,8,0,0
"5437",2539,251239,9,11,35
"5438",2534,393845,11,0,0
"5439",2537,242850,8,11,35
"5440",2517,553229,10,0,1
"5441",2525,234462,9,1,1
"5442",2525,167353,8,0,0
"5443",2531,200907,9,11,36
"5444",2531,477731,10,1,1
"5445",2548,211812,8,11,35
"5446",2507,402234,10,0,0
"5447",2502,679058,9,1,1
"5448",2531,343513,9,0,0
"5449",2533,220201,9,11,35
"5450",2504,396362,12,31,10
"5451",2527,413139,9,76,61
"5452",2549,586783,10,0,0
"5453",2531,251239,9,1,3
"5454",2532,142187,8,0,0
"5455",2520,209296,9,0,0
"5456",2529,256691,10,0,0
"5457",2543,278921,7,0,0
"5458",2515,220201,9,0,0
"5459",2526,441241,9,1,1
"5460",2526,410622,9,0,0
"5461",2531,295698,9,11,41
"5462",2492,572522,11,0,0
"5463",2509,281857,7,0,0
"5464",2528,572522,11,40,9
"5465",2508,628726,10,1,1
"5466",2496,326736,9,0,0
"5467",2533,281857,8,0,0
"5468",2533,236978,10,0,0
"5469",2534,181194,7,0,0
"5470",2546,236978,11,1,5
"5471",2514,505414,9,11,35
"5472",2540,617402,10,0,0
"5473",2531,315412,9,11,35
"5474",2533,561617,11,0,0
"5475",2516,424464,65,12,61
"5476",2519,572522,9,0,0
"5477",2517,281857,9,1,1
"5478",2507,169869,8,0,0
"5479",2510,150576,9,0,0
"5480",2527,245367,10,0,0
"5481",2526,211812,8,1,5
"5482",2541,570006,11,40,6
"5483",2499,721001,9,1,2
"5484",2523,695835,9,0,8
"5485",2507,329253,9,11,35
"5486",2493,645503,11,158,8
"5487",2507,385457,7,0,0
"5488",2508,209296,9,0,0
"5489",2522,234462,9,1,1
"5490",2514,217684,9,0,0
"5491",2528,214748,9,11,35
"5492",2524,519674,10,1,0
"5493",2531,276405,8,11,35
"5494",2527,553229,9,0,0
"5495",2515,538968,9,1,1
"5496",2505,332189,9,0,0
"5497",2507,217684,8,1,0
"5498",2520,189583,11,0,0
"5499",2509,251239,7,11,35
"5500",2512,351902,9,0,0
"5501",2533,231526,10,1,1
"5502",2507,217684,8,0,0
"5503",2500,211812,8,1,0
"5504",2525,307023,10,1,0
"5505",2526,281857,8,11,35
"5506",2488,595172,9,0,0
"5507",2518,567070,9,11,35
"5508",2503,508350,8,0,0
"5509",2527,337641,10,11,35
"5510",2514,564134,10,0,0
"5511",2531,393845,8,11,35
"5512",2523,639631,10,0,0
"5513",2518,276405,10,1,5
"5514",2523,323800,8,0,0
"5515",2541,203424,9,1,0
"5516",2499,251239,10,1,1
"5517",2514,276405,7,0,0
"5518",2523,251239,9,0,0
"5519",2528,516738,9,11,35
"5520",2531,645503,8,0,0
"5521",2519,335125,8,0,0
"5522",2527,362807,43,0,1
"5523",2542,360291,7,0,0
"5524",2523,268016,9,0,1
"5525",2522,242850,9,1,1
"5526",2516,226073,8,0,0
"5527",2521,318348,9,1,1
"5528",2523,192519,10,0,0
"5529",2524,309959,9,11,36
"5530",2519,628726,9,0,0
"5531",2513,670669,9,1,1
"5532",2517,346030,9,0,0
"5533",2532,251239,9,11,35
"5534",2519,513802,14,0,0
"5535",2525,253755,7,0,0
"5536",2534,284793,9,1,1
"5537",2522,220201,9,1,1
"5538",2504,268016,8,0,1
"5539",2555,301570,9,11,35
"5540",2527,676122,10,0,0
"5541",2535,371196,8,11,35
"5542",2544,664797,10,0,0
"5543",2539,544840,9,11,35
"5544",2512,555745,8,0,0
"5545",2545,312476,9,11,35
"5546",2500,522191,11,0,0
"5547",2529,320864,7,11,35
"5548",2547,444177,9,0,0
"5549",2526,242850,10,1,1
"5550",2504,278921,9,0,0
"5551",2534,253755,8,11,35
"5552",2519,533515,10,0,1
"5553",2538,343513,8,11,35
"5554",2531,650956,9,0,0
"5555",2521,488636,9,1,1
"5556",2524,360291,8,0,0
"5557",2519,239914,9,11,36
"5558",2504,502897,11,0,0
"5559",2524,312476,7,0,0
"5560",2519,276405,9,0,0
"5561",2522,239914,9,11,35
"5562",2531,553229,8,0,0
"5563",2528,337641,9,11,35
"5564",2502,360291,10,0,0
"5565",2524,251239,8,11,35
"5566",2525,486120,10,3,2
"5567",2492,541904,9,11,36
"5568",2503,662281,9,0,0
"5569",2532,340577,9,12,35
"5570",2511,729389,12,16,16
"5571",2513,351902,8,11,35
"5572",2513,452565,9,0,0
"5573",2518,421528,10,11,15
"5574",2504,687446,8,0,0
"5575",2524,320864,9,11,35
"5576",2534,516738,11,15,8
"5577",2522,648020,9,18,48
"5578",2555,793562,10,17,26
"5579",2524,989436,11,26,54
"5580",2548,1050673,9,7,10
"5581",2538,689963,9,1,5
"5582",2511,348966,11,0,0
"5583",2544,281857,7,0,1
"5584",2519,432852,10,1,2
"5585",2535,287310,10,11,35
"5586",2527,731906,10,23,28
"5587",2531,553229,9,1,8
"5588",2516,413139,11,20,16
"5589",2549,393845,9,37,45
"5590",2582,961334,13,237,39
"5591",2551,1224317,11,18,55
"5592",2555,1229770,10,16,18
"5593",2521,813276,9,11,35
"5594",2515,499961,11,0,0
"5595",2525,474795,9,26,48
"5596",2538,1067450,11,27,28
"5597",2524,695835,12,13,38
"5598",2553,776785,490,507,15
"5599",1843,1461715,1482,14,41
"5600",154,1526307,11,1,9
"5601",162,704224,10,11,37
"5602",318,734842,14,20,15
"5603",763,922327,1026,25,77
"5604",350,1593416,14,98,26
"5605",398,947493,13,95,101
"5606",179,846830,14,6,16
"5607",238,981048,14,38,20
"5608",150,813276,27,34,22
"5609",133,519674,12,11,35
"5610",133,625790,12,27,16
"5611",129,337641,12,11,35
"5612",127,477731,12,4,2
"5613",119,200907,11,1,17
"5614",169,474795,14,19,15
"5615",166,715129,12,7,9
"5616",179,676122,12,7,7
"5617",307,757072,15,65,58
"5618",223,986500,15,157,42
"5619",134,843894,11,11,35
"5620",116,511286,13,1,0
"5621",134,298634,18,34,45
"5622",117,491572,12,40,20
"5623",115,214748,11,1,0
"5624",114,223137,12,1,0
"5625",113,209296,11,0,0
"5626",122,189583,12,1,0
"5627",132,284793,15,1,9
"5628",119,586783,21,1,4
"5629",184,617402,16,21,32
"5630",124,765460,20,1,0
"5631",126,332189,11,11,35
"5632",119,452565,13,1,0
"5633",117,301570,11,1,8
"5634",113,200907,11,0,0
"5635",128,217684,12,11,35
"5636",114,326736,12,1,0
"5637",113,175741,11,0,13
"5638",115,200907,13,1,0
"5639",155,522191,13,20,44
"5640",120,692899,12,0,0
"5641",123,360291,12,11,35
"5642",134,379585,15,94,13
"5643",113,586783,10,0,0
"5644",114,217684,13,1,0
"5645",125,200907,11,11,35
"5646",168,522191,12,108,23
"5647",228,994889,13,27,73
"5648",116,830053,12,1,8
"5649",116,360291,11,2,6
"5650",121,290246,13,1,5
"5651",207,927780,12,19,46
"5652",111,1011666,11,0,0
"5653",233,723517,13,34,42
"5654",195,911003,14,43,33
"5655",155,902614,12,14,23
"5656",181,838441,14,18,31
"5657",129,788110,11,11,35
"5658",112,541904,11,0,0
"5659",143,491572,13,22,46
"5660",116,673186,11,1,0
"5661",113,301570,13,0,1
"5662",117,217684,12,1,0
"5663",157,382521,12,13,43
"5664",133,863607,12,10,16
"5665",114,469343,11,1,1
"5666",118,268016,12,1,13
"5667",120,293182,11,11,35
"5668",117,377068,12,1,2
"5669",193,871996,15,79,59
"5670",183,947493,13,17,29
"5671",174,975176,14,112,37
"5672",126,715129,12,7,9
"5673",177,981048,12,22,35
"5674",115,916455,13,1,5
"5675",128,419011,11,1,5
"5676",114,477731,12,0,4
"5677",128,435788,12,6,11
"5678",152,852283,14,100,21
"5679",113,650956,10,0,0
"5680",125,432852,14,1,5
"5681",126,323800,11,11,37
"5682",113,371196,12,0,0
"5683",117,203424,11,1,0
"5684",124,228590,12,16,20
"5685",121,368679,11,8,8
"5686",124,477731,15,10,10
"5687",134,387973,11,11,35
"5688",112,603560,11,0,0
"5689",122,270533,12,11,35
"5690",110,404750,12,1,0
"5691",111,192519,10,0,0
"5692",113,156028,13,1,0
"5693",113,169869,10,1,0
"5694",112,167353,11,0,0
"5695",122,217684,12,15,37
"5696",125,687446,12,12,12
"5697",120,293182,11,11,35
"5698",113,368679,12,1,0
"5699",121,139251,10,1,0
"5700",112,502897,11,0,0
"5701",115,167353,12,1,0
"5702",124,343513,13,77,29
"5703",113,318348,10,0,0
"5704",114,150576,12,1,8
"5705",113,186647,11,1,0
"5706",112,209296,11,0,0
"5707",123,158964,12,11,35
"5708",113,357355,11,1,0
"5709",113,209296,11,0,0
"5710",115,268016,12,1,0
"5711",136,248303,11,11,35
"5712",112,681574,11,1,4
"5713",114,251239,11,1,0
"5714",119,295698,14,1,1
"5715",119,248303,11,11,35
"5716",113,505414,12,1,0
"5717",115,192519,10,1,1
"5718",113,214748,11,0,0
"5719",115,184130,11,1,0
"5720",117,105696,11,1,0
"5721",115,139251,10,0,0
"5722",114,91855,12,1,0
"5723",132,253755,11,11,35
"5724",112,653892,12,0,0
"5725",123,211812,12,11,35
"5726",114,351902,13,1,0
"5727",121,172805,10,11,35
"5728",117,385457,13,1,0
"5729",122,256691,12,11,36
"5730",113,620338,11,0,0
"5731",121,242850,12,11,35
"5732",118,452565,12,1,6
"5733",145,488636,11,89,70
"5734",114,670669,13,1,0
"5735",123,259627,11,1,0
"5736",112,561617,11,0,0
"5737",122,256691,12,11,35
"5738",118,318348,13,19,6
"5739",111,228590,10,0,0
"5740",114,175741,12,1,0
"5741",113,127926,11,1,0
"5742",122,142187,11,21,6
"5743",196,843894,13,78,74
"5744",148,981048,13,12,19
"5745",190,737778,12,118,20
"5746",128,1022991,13,27,13
"5747",114,519674,11,1,1
"5748",123,628726,11,0,0
"5749",124,273469,12,11,35
"5750",112,502897,12,1,4
"5751",111,209296,10,0,0
"5752",113,184130,12,1,0
"5753",112,91855,11,1,0
"5754",114,142187,12,0,0
"5755",114,195035,11,1,0
"5756",113,223137,12,1,0
"5757",114,259627,10,0,0
"5758",117,161481,12,1,0
"5759",118,102760,11,1,0
"5760",126,538968,13,0,0
"5761",121,220201,12,1,1
"5762",107,220201,12,1,1
"5763",105,150576,11,0,0
"5764",108,197971,12,1,0
"5765",129,127926,11,11,35
"5766",112,390909,11,0,0
"5767",123,226073,11,11,35
"5768",112,379585,12,1,0
"5769",113,161481,11,0,0
"5770",115,111149,12,1,5
"5771",183,223137,15,36,1574
"5772",157,1204604,68,9,793
"5773",123,444177,12,11,35
"5774",124,508350,13,157,8
"5775",111,236978,10,0,0
"5776",114,119538,12,1,0
"5777",112,209296,11,1,1
"5778",99,125410,11,0,0
"5779",99,136315,11,1,0
"5780",97,169869,11,1,0
"5781",106,167353,10,11,35
"5782",110,351902,12,1,0
"5783",110,192519,10,1,0
"5784",114,502897,12,0,0
"5785",113,242850,11,11,35
"5786",114,360291,12,1,1
"5787",120,200907,10,11,35
"5788",114,329253,12,1,0
"5789",120,220201,11,11,35
"5790",112,427400,11,0,0
"5791",115,184130,11,1,0
"5792",116,133798,11,1,0
"5793",119,100244,10,11,35
"5794",115,360291,12,1,0
"5795",127,211812,11,11,35
"5796",106,561617,12,0,0
"5797",117,226073,11,1,0
"5798",113,142187,12,1,0
"5799",112,122474,10,0,0
"5800",114,175741,13,1,0
"5801",120,153092,11,11,35
"5802",112,399298,11,0,0
"5803",133,290246,12,15,42
"5804",114,555745,11,1,0
"5805",113,223137,11,0,0
"5806",114,156028,12,1,0
"5807",119,175741,10,11,35
"5808",118,687446,11,0,0
"5809",123,301570,12,11,35
"5810",132,385457,44,3,4
"5811",149,620338,10,5,6
"5812",114,298634,12,1,0
"5813",121,189583,11,11,35
"5814",114,477731,11,0,0
"5815",121,231526,12,11,35
"5816",116,298634,11,1,1
"5817",113,203424,10,0,0
"5818",114,142187,12,1,0
"5819",121,156028,10,11,35
"5820",120,721001,12,0,0
"5821",122,351902,11,11,35
"5822",119,561617,15,1,0
"5823",121,228590,10,11,35
"5824",115,402234,12,1,0
"5825",121,184130,11,11,35
"5826",116,410622,11,0,0
"5827",120,142187,11,11,35
"5828",114,259627,11,1,0
"5829",120,226073,11,11,35
"5830",114,385457,12,1,0
"5831",114,217684,10,1,1
"5832",120,413139,11,0,0
"5833",115,169869,11,1,2
"5834",114,88919,12,1,0
"5835",113,136315,10,0,0
"5836",114,114085,12,1,0
"5837",122,150576,10,11,35
"5838",113,332189,11,0,0
"5839",123,184130,12,11,35
"5840",114,362807,11,1,0
"5841",113,156028,10,0,0
"5842",115,117021,12,1,0
"5843",121,189583,11,11,35
"5844",119,558681,11,0,0
"5845",115,251239,11,1,0
"5846",113,203424,12,1,0
"5847",118,178258,10,11,35
"5848",116,407686,12,1,0
"5849",114,197971,11,1,0
"5850",110,167353,11,0,0
"5851",119,197971,11,11,35
"5852",112,435788,11,1,0
"5853",119,172805,10,11,35
"5854",151,676122,929,499,10
"5855",117,555745,58,1,1
"5856",1046,1579156,1995,28,82
"5857",145,1514983,13,1,4
"5858",237,813276,15,27,51
"5859",117,519674,11,0,0
"5860",132,253755,14,1,1
"5861",161,340577,13,1,6
"5862",120,396362,13,0,0
"5863",138,335125,13,1,16
"5864",448,972659,15,37,35
"5865",176,933233,12,17,16
"5866",120,463471,14,1,0
"5867",118,223137,11,1,2
"5868",182,639631,14,25,23
"5869",116,583847,14,1,0
"5870",119,315412,14,1,5
"5871",177,748683,13,18,26
"5872",141,771332,14,11,36
"5873",160,486120,12,31,10
"5874",352,863607,17,71,90
"5875",141,939105,14,63,65
"5876",166,810340,14,22,26
"5877",141,754555,11,4,4
"5878",142,704224,13,11,11
"5879",205,955882,14,162,88
"5880",168,981048,15,24,57
"5881",159,746167,12,26,5
"5882",174,997825,14,59,42
"5883",191,810340,12,31,34
"5884",139,1031379,13,6,7
"5885",127,471859,11,7,8
"5886",125,455082,12,11,35
"5887",150,771332,13,100,20
"5888",185,913939,14,31,55
"5889",113,748683,11,0,0
"5890",169,611949,14,25,16
"5891",164,1182374,11,1,3
"5892",130,614466,12,1,12
"5893",118,583847,12,1,4
"5894",125,407686,12,11,35
"5895",113,404750,10,0,0
"5896",113,178258,13,1,0
"5897",133,262144,12,8,15
"5898",116,583847,11,1,4
"5899",115,253755,12,1,0
"5900",125,354419,12,11,37
"5901",112,564134,10,0,0
"5902",136,320864,13,11,25
"5903",127,488636,11,7,9
"5904",152,387973,12,13,9
"5905",123,580911,104,119,9
"5906",113,256691,12,1,0
"5907",113,242850,10,0,0
"5908",113,156028,12,1,0
"5909",114,119538,11,1,5
"5910",113,119538,11,0,0
"5911",114,153092,11,1,0
"5912",113,226073,12,1,5
"5913",111,167353,10,0,0
"5914",125,259627,13,11,35
"5915",114,452565,11,1,0
"5916",151,441241,13,56,13
"5917",114,712612,11,1,4
"5918",111,234462,12,1,0
"5919",146,298634,11,56,13
"5920",113,513802,12,1,0
"5921",113,175741,11,1,0
"5922",123,164417,12,1,1
"5923",153,449629,12,97,18
"5924",113,835505,12,1,0
"5925",152,544840,13,19,12
"5926",172,695835,14,65,24
"5927",186,1028443,16,93,36
"5928",165,1050673,14,47,50
"5929",137,911003,20,22,13
"5930",122,538968,13,11,35
"5931",113,553229,10,0,4
"5932",113,268016,13,1,0
"5933",114,192519,10,1,0
"5934",121,217684,11,11,35
"5935",114,393845,12,4,10
"5936",145,357355,68,116,33
"5937",120,603560,11,14,5
"5938",135,404750,13,47,51
"5939",112,595172,11,1,0
"5940",140,346030,12,23,44
"5941",115,622854,11,1,8
"5942",113,259627,13,1,0
"5943",112,217684,10,0,0
"5944",116,161481,12,1,0
"5945",113,133798,11,1,0
"5946",115,197971,12,0,0
"5947",114,217684,11,1,0
"5948",121,270533,12,11,35
"5949",123,452565,12,4,7
"5950",114,444177,12,1,0
"5951",113,226073,10,1,0
"5952",134,371196,12,11,37
"5953",115,737778,11,1,3
"5954",121,379585,13,11,40
"5955",115,533515,11,0,1
"5956",122,377068,13,11,35
"5957",113,385457,10,1,0
"5958",116,259627,11,1,4
"5959",128,307023,12,6,9
"5960",111,499961,12,1,1
"5961",112,245367,10,0,0
"5962",120,281857,13,11,35
"5963",113,346030,10,1,0
"5964",137,335125,12,14,41
"5965",116,617402,11,1,1
"5966",107,270533,12,1,1
"5967",111,156028,10,0,2
"5968",113,164417,12,1,1
"5969",114,130862,11,1,0
"5970",115,102760,11,0,0
"5971",123,256691,12,5,10
"5972",153,838441,13,88,115
"5973",130,765460,11,7,9
"5974",120,536451,13,4,5
"5975",131,595172,11,5,14
"5976",140,494508,13,5,15
"5977",127,796498,12,6,9
"5978",114,419011,12,1,1
"5979",112,133798,10,0,0
"5980",114,175741,12,1,0
"5981",115,158964,11,1,8
"5982",120,486120,12,11,35
"5983",114,402234,12,1,1
"5984",112,262144,12,1,0
"5985",111,192519,10,0,0
"5986",125,253755,13,11,36
"5987",112,368679,10,1,0
"5988",128,287310,12,11,35
"5989",112,586783,12,1,0
"5990",119,262144,12,11,35
"5991",113,326736,10,0,0
"5992",112,164417,13,1,0
"5993",114,122474,11,1,0
"5994",123,239914,12,11,35
"5995",115,357355,11,1,0
"5996",122,273469,12,11,35
"5997",115,432852,11,0,0
"5998",113,206360,12,1,0
"5999",112,122474,11,1,0
"6000",127,326736,12,11,39
